"COMPANY","PROMOTER & PROMOTER GROUP (A)","PUBLIC (B)","SHARES HELD BY EMPLOYEE TRUSTS (C2)","STATUS","AS ON DATE","SUBMISSION DATE","REVISION DATE","ACTION","BROADCAST DATE/TIME","EXCHANGE DISSEMINATION TIME","TIME TAKEN"
"Reliance Communications Limited","0.77","98.46","0.77","-","30-JUN-2026","24-SEP-2026",,"https://nsearchives.nseindia.com/corporate/xbrl/SHP_1727273_24092026120648_WEB.xml","24-SEP-2026 12:06:59","24-SEP-2026 12:07:03","00:00:04"
"Goenka Diamond and Jewels Limited","57.55","42.45","0","-","30-JUN-2026","24-SEP-2026",,"https://nsearchives.nseindia.com/corporate/xbrl/SHP_1727783_24092026075839_WEB.xml","24-SEP-2026 19:58:49","24-SEP-2026 19:58:54","00:00:05"
"Era Infra Engineering Limited","71.43","28.57","0","-","30-JUN-2026","17-SEP-2026",,"https://nsearchives.nseindia.com/corporate/xbrl/SHP_1725100_17092026060718_WEB.xml","17-SEP-2026 18:07:28","17-SEP-2026 18:07:32","00:00:04"
"Bohra Industries Limited","33.39","66.61","0","-","30-JUN-2026","16-SEP-2026",,"https://nsearchives.nseindia.com/corporate/xbrl/SHP_1724632_16092026043353_WEB.xml","16-SEP-2026 16:33:57","16-SEP-2026 16:34:02","00:00:05"
"LCC Infotech Limited","34.43","65.57","0","-","30-JUN-2026","16-SEP-2026",,"https://nsearchives.nseindia.com/corporate/xbrl/SHP_1724734_16092026063101_WEB.xml","16-SEP-2026 18:31:16","16-SEP-2026 18:31:20","00:00:04"
"Vikas Lifecare Limited","14.2","85.8","0","-","30-JUN-2026","14-SEP-2026",,"https://nsearchives.nseindia.com/corporate/xbrl/SHP_1724091_14092026075046_WEB.xml","14-SEP-2026 19:50:56","14-SEP-2026 19:51:01","00:00:05"
"Vikas EcoTech Limited","10.65","89.35","0","-","30-JUN-2026","14-SEP-2026",,"https://nsearchives.nseindia.com/corporate/xbrl/SHP_1724093_14092026075838_WEB.xml","14-SEP-2026 19:58:44","14-SEP-2026 19:58:49","00:00:05"
"Kellton Tech Solutions Limited","36.03","63.97","0","-","30-JUN-2026","09-SEP-2026",,"https://nsearchives.nseindia.com/corporate/xbrl/SHP_1723125_09092026091425_WEB.xml","09-SEP-2026 21:14:45","09-SEP-2026 21:14:50","00:00:05"
"Shree Ram Proteins Limited","4.08","95.92","0","-","30-JUN-2026","08-SEP-2026",,"https://nsearchives.nseindia.com/corporate/xbrl/SHP_1722389_08092026104951_WEB.xml","08-SEP-2026 10:50:04","08-SEP-2026 10:50:09","00:00:05"
"Supreme Engineering Limited","41.27","58.73","0","-","30-JUN-2026","07-SEP-2026",,"https://nsearchives.nseindia.com/corporate/xbrl/SHP_1722290_07092026080714_WEB.xml","07-SEP-2026 20:07:25","07-SEP-2026 20:07:29","00:00:04"
"Antarctica Limited","0.96","99.04","0","-","30-JUN-2026","05-SEP-2026",,"https://nsearchives.nseindia.com/corporate/xbrl/SHP_1721725_05092026032130_WEB.xml","05-SEP-2026 15:21:38","05-SEP-2026 15:21:44","00:00:06"
"Filatex Fashions Limited","2.02","97.98","0","-","30-JUN-2026","03-SEP-2026",,"https://nsearchives.nseindia.com/corporate/xbrl/SHP_1720988_03092026070526_WEB.xml","03-SEP-2026 19:05:34","03-SEP-2026 19:05:39","00:00:05"
"ABB India Limited","75","25","0","-","30-JUN-2026","01-SEP-2026",,"https://nsearchives.nseindia.com/corporate/xbrl/SHP_1719755_01092026025725_WEB.xml","01-SEP-2026 14:57:37","01-SEP-2026 14:57:41","00:00:04"
"Siti Networks Limited","6.1","93.9","0","-","30-JUN-2026","01-SEP-2026",,"https://nsearchives.nseindia.com/corporate/xbrl/SHP_1719873_01092026051859_WEB.xml","01-SEP-2026 17:19:15","01-SEP-2026 17:19:21","00:00:06"
"Vipul Limited","18.25","81.75","0","-","30-JUN-2026","19-AUG-2026",,"https://nsearchives.nseindia.com/corporate/xbrl/SHP_1716024_19082026043504_WEB.xml","19-AUG-2026 16:36:33","19-AUG-2026 16:37:23","00:00:50"
"Integra Essentia Limited","9.72","90.28","0","-","30-JUN-2026","18-AUG-2026",,"https://nsearchives.nseindia.com/corporate/xbrl/SHP_1715693_18082026041301_WEB.xml","18-AUG-2026 16:13:12","18-AUG-2026 16:13:17","00:00:05"
"B. L. Kashyap and Sons Limited","61.73","38.27","0","-","30-JUN-2026","18-AUG-2026",,"https://nsearchives.nseindia.com/corporate/xbrl/SHP_1715695_18082026041426_WEB.xml","18-AUG-2026 16:14:34","18-AUG-2026 16:14:46","00:00:12"
"North Eastern Carrying Corporation Limited","56.16","43.84","0","-","30-JUN-2026","14-AUG-2026",,"https://nsearchives.nseindia.com/corporate/xbrl/SHP_1714840_14082026063402_WEB.xml","14-AUG-2026 18:34:09","14-AUG-2026 18:34:15","00:00:06"
"Landsmill Green Limited","14.2","85.8","0","-","30-JUN-2026","05-AUG-2026",,"https://nsearchives.nseindia.com/corporate/xbrl/SHP_1708599_05082026072325_WEB.xml","05-AUG-2026 19:23:33","05-AUG-2026 19:23:38","00:00:05"
"Brightcom Group Limited","18.38","81.62","0","-","30-JUN-2026","04-AUG-2026",,"https://nsearchives.nseindia.com/corporate/xbrl/SHP_1707309_04082026090434_WEB.xml","04-AUG-2026 09:04:44","04-AUG-2026 09:04:49","00:00:05"
"Vineet Laboratories Limited","5.98","94.02","0","-","30-JUN-2026","31-JUL-2026",,"https://nsearchives.nseindia.com/corporate/xbrl/SHP_1706083_31072026051653_WEB.xml","31-JUL-2026 17:17:01","31-JUL-2026 17:17:05","00:00:04"
"GACM Technologies Limited","0","100","0","-","30-JUN-2026","30-JUL-2026",,"https://nsearchives.nseindia.com/corporate/xbrl/SHP_1705092_30072026035239_WEB.xml","30-JUL-2026 15:52:45","30-JUL-2026 15:52:50","00:00:05"
"Avio Smart Market Stack Limited","65.82","34.18","0","Revised","30-JUN-2026","30-JUL-2026","07-SEP-2026","https://nsearchives.nseindia.com/corporate/xbrl/SHP_1721984_07092026121203_WEB.xml","10-SEP-2026 18:58:10","10-SEP-2026 18:58:15","00:00:05"
"GACM Technologies Limited","0.91","99.09","0","-","30-JUN-2026","30-JUL-2026",,"https://nsearchives.nseindia.com/corporate/xbrl/SHP_1705100_30072026035615_WEB.xml","30-JUL-2026 15:56:19","30-JUL-2026 15:56:24","00:00:05"
"Heads UP Ventures Limited","13.55","86.45","0","-","30-JUN-2026","29-JUL-2026",,"https://nsearchives.nseindia.com/corporate/xbrl/SHP_1704460_29072026073000_WEB.xml","29-JUL-2026 19:30:05","29-JUL-2026 19:30:11","00:00:06"
"MEP Infrastructure Developers Limited","23.36","76.64","0","-","30-JUN-2026","28-JUL-2026",,"https://nsearchives.nseindia.com/corporate/xbrl/SHP_1702633_28072026113138_WEB.xml","28-JUL-2026 11:31:43","28-JUL-2026 11:31:48","00:00:05"
"Orchasp Limited","18.48","81.52","0","-","30-JUN-2026","27-JUL-2026",,"https://nsearchives.nseindia.com/corporate/xbrl/SHP_1702001_27072026040322_WEB.xml","27-JUL-2026 16:03:25","27-JUL-2026 16:03:30","00:00:05"
"Menon Bearings Limited","68.44","31.56","0","-","30-JUN-2026","25-JUL-2026",,"https://nsearchives.nseindia.com/corporate/xbrl/SHP_1701367_25072026100816_WEB.xml","25-JUL-2026 10:08:23","25-JUL-2026 10:08:27","00:00:04"
"Aarnav Fashions Limited","66.53","33.47","0","-","30-JUN-2026","24-JUL-2026",,"https://nsearchives.nseindia.com/corporate/xbrl/SHP_1700623_24072026020821_WEB.xml","24-JUL-2026 14:08:24","24-JUL-2026 14:08:29","00:00:05"
"RKEC Projects Limited","57.74","42.26","0","-","30-JUN-2026","24-JUL-2026",,"https://nsearchives.nseindia.com/corporate/xbrl/SHP_1701297_24072026085125_WEB.xml","24-JUL-2026 20:51:29","24-JUL-2026 20:51:33","00:00:04"
"HBL Engineering Limited","59.11","40.89","0","-","30-JUN-2026","23-JUL-2026",,"https://nsearchives.nseindia.com/corporate/xbrl/SHP_1699697_23072026103348_WEB.xml","23-JUL-2026 10:33:56","23-JUL-2026 10:34:00","00:00:04"
"Optiemus Infracom Limited","72.17","27.83","0","-","30-JUN-2026","23-JUL-2026",,"https://nsearchives.nseindia.com/corporate/xbrl/SHP_1700090_23072026053306_WEB.xml","23-JUL-2026 17:33:11","23-JUL-2026 17:33:16","00:00:05"
"BlueStone Jewellery and Lifestyle Limited","16.25","83.75","0","-","30-JUN-2026","23-JUL-2026",,"https://nsearchives.nseindia.com/corporate/xbrl/SHP_1699729_23072026113542_WEB.xml","23-JUL-2026 11:35:46","23-JUL-2026 11:35:51","00:00:05"
"DS Kulkarni Developers Limited","95","5","0","-","30-JUN-2026","22-JUL-2026",,"https://nsearchives.nseindia.com/corporate/xbrl/SHP_1698999_22072026102221_WEB.xml","22-JUL-2026 10:22:27","22-JUL-2026 10:22:32","00:00:05"
"Blue Star Limited","36.5","63.49","0.01","-","30-JUN-2026","22-JUL-2026",,"https://nsearchives.nseindia.com/corporate/xbrl/SHP_1699615_22072026080442_WEB.xml","22-JUL-2026 20:04:49","22-JUL-2026 20:04:54","00:00:05"
"Vaxtex Cotfab Limited","0.5","99.5","0","Revised","30-JUN-2026","22-JUL-2026","27-JUL-2026","https://nsearchives.nseindia.com/corporate/xbrl/SHP_1701711_27072026104349_WEB.xml","28-JUL-2026 12:57:08","28-JUL-2026 12:57:15","00:00:07"
"Gabriel India Limited","63.55","36.45","0","-","30-JUN-2026","22-JUL-2026",,"https://nsearchives.nseindia.com/corporate/xbrl/SHP_1699568_22072026070907_WEB.xml","22-JUL-2026 19:09:14","22-JUL-2026 19:09:18","00:00:04"
"Visagar Polytex Limited","5.63","94.37","0","-","30-JUN-2026","22-JUL-2026",,"https://nsearchives.nseindia.com/corporate/xbrl/SHP_1699449_22072026055741_WEB.xml","22-JUL-2026 17:57:45","22-JUL-2026 17:57:49","00:00:04"
"Suraksha Diagnostic Limited","49.1","50.9","0","-","30-JUN-2026","22-JUL-2026",,"https://nsearchives.nseindia.com/corporate/xbrl/SHP_1699343_22072026045920_WEB.xml","22-JUL-2026 16:59:24","22-JUL-2026 16:59:28","00:00:04"
"Power Finance Corporation Limited","55.99","44.01","0","-","30-JUN-2026","22-JUL-2026",,"https://nsearchives.nseindia.com/corporate/xbrl/SHP_1699178_22072026025901_WEB.xml","22-JUL-2026 14:59:04","22-JUL-2026 14:59:09","00:00:05"
"Ashapura Intimates Fashion Limited","14.76","85.24","0","-","30-JUN-2026","22-JUL-2026",,"https://nsearchives.nseindia.com/corporate/xbrl/SHP_1699148_22072026023145_WEB.xml","22-JUL-2026 14:31:50","22-JUL-2026 14:31:55","00:00:05"
"Radhika Jeweltech Limited","57.68","42.32","0","-","30-JUN-2026","22-JUL-2026",,"https://nsearchives.nseindia.com/corporate/xbrl/SHP_1699088_22072026123343_WEB.xml","22-JUL-2026 12:33:47","22-JUL-2026 12:33:52","00:00:05"
"Bharat Seats Limited","74.66","25.34","0","-","30-JUN-2026","22-JUL-2026",,"https://nsearchives.nseindia.com/corporate/xbrl/SHP_1699048_22072026114436_WEB.xml","22-JUL-2026 11:44:43","22-JUL-2026 11:44:47","00:00:04"
"Ndr Auto Components Limited","73.13","26.87","0","-","30-JUN-2026","22-JUL-2026",,"https://nsearchives.nseindia.com/corporate/xbrl/SHP_1699046_22072026114108_WEB.xml","22-JUL-2026 11:41:12","22-JUL-2026 11:41:17","00:00:05"
"Physicswallah Limited","71.27","28.73","0","-","30-JUN-2026","22-JUL-2026",,"https://nsearchives.nseindia.com/corporate/xbrl/SHP_1699042_22072026113705_WEB.xml","22-JUL-2026 11:37:14","22-JUL-2026 11:37:18","00:00:04"
"Shah Metacorp Limited","29.49","70.51","0","-","30-JUN-2026","22-JUL-2026",,"https://nsearchives.nseindia.com/corporate/xbrl/SHP_1699033_22072026112520_WEB.xml","22-JUL-2026 11:25:26","22-JUL-2026 11:25:30","00:00:04"
"SPR Auto Technologies Limited","43.75","56.25","0","-","30-JUN-2026","21-JUL-2026",,"https://nsearchives.nseindia.com/corporate/xbrl/SHP_1697684_21072026121629_WEB.xml","21-JUL-2026 00:17:10","21-JUL-2026 00:17:15","00:00:05"
"Ola Electric Mobility Limited","32.97","62.52","4.51","-","30-JUN-2026","21-JUL-2026",,"https://nsearchives.nseindia.com/corporate/xbrl/SHP_1698979_21072026110945_WEB.xml","21-JUL-2026 23:09:52","21-JUL-2026 23:09:57","00:00:05"
"Tata Motors Limited","42.56","57.44","0","-","30-JUN-2026","21-JUL-2026",,"https://nsearchives.nseindia.com/corporate/xbrl/SHP_1698977_21072026110529_WEB.xml","21-JUL-2026 23:05:40","21-JUL-2026 23:05:44","00:00:04"
"Zaggle Prepaid Ocean Services Limited","44.3","55.7","0","-","30-JUN-2026","21-JUL-2026",,"https://nsearchives.nseindia.com/corporate/xbrl/SHP_1698974_21072026105926_WEB.xml","21-JUL-2026 22:59:33","21-JUL-2026 22:59:37","00:00:04"
"Indigo Paints Limited","53.88","46.12","0","-","30-JUN-2026","21-JUL-2026",,"https://nsearchives.nseindia.com/corporate/xbrl/SHP_1698967_21072026103643_WEB.xml","21-JUL-2026 22:36:49","21-JUL-2026 22:36:54","00:00:05"
"GMR AIRPORTS LIMITED","67.16","32.84","0","-","30-JUN-2026","21-JUL-2026",,"https://nsearchives.nseindia.com/corporate/xbrl/SHP_1698964_21072026101330_WEB.xml","21-JUL-2026 22:13:37","21-JUL-2026 22:13:43","00:00:06"
"Medico Remedies Limited","61.38","38.62","0","-","30-JUN-2026","21-JUL-2026",,"https://nsearchives.nseindia.com/corporate/xbrl/SHP_1698958_21072026095440_WEB.xml","21-JUL-2026 21:54:44","21-JUL-2026 21:54:48","00:00:04"
"Coromandel International Limited","56.35","43.48","0.17","-","30-JUN-2026","21-JUL-2026",,"https://nsearchives.nseindia.com/corporate/xbrl/SHP_1698951_21072026093448_WEB.xml","21-JUL-2026 21:34:55","21-JUL-2026 21:34:59","00:00:04"
"GB Global Limited","99.93","0.07","0","-","30-JUN-2026","21-JUL-2026",,"https://nsearchives.nseindia.com/corporate/xbrl/SHP_1698943_21072026091828_WEB.xml","21-JUL-2026 21:18:31","21-JUL-2026 21:18:36","00:00:05"
"Rajratan Global Wire Limited","65.2","34.8","0","-","30-JUN-2026","21-JUL-2026",,"https://nsearchives.nseindia.com/corporate/xbrl/SHP_1698941_21072026091607_WEB.xml","21-JUL-2026 21:16:12","21-JUL-2026 21:16:16","00:00:04"
"California Software Company Limited","62.26","37.74","0","-","30-JUN-2026","21-JUL-2026",,"https://nsearchives.nseindia.com/corporate/xbrl/SHP_1698931_21072026085542_WEB.xml","21-JUL-2026 20:55:47","21-JUL-2026 20:55:51","00:00:04"
"Aye Finance Limited","0","99.27","0.73","-","30-JUN-2026","21-JUL-2026",,"https://nsearchives.nseindia.com/corporate/xbrl/SHP_1698930_21072026085255_WEB.xml","21-JUL-2026 20:52:57","21-JUL-2026 20:53:01","00:00:04"
"SEPC Limited","11.67","88.33","0","-","30-JUN-2026","21-JUL-2026",,"https://nsearchives.nseindia.com/corporate/xbrl/SHP_1698924_21072026084100_WEB.xml","21-JUL-2026 20:41:09","21-JUL-2026 20:41:13","00:00:04"
"Omkar Speciality Chemicals Limited","95","5","0","-","30-JUN-2026","21-JUL-2026",,"https://nsearchives.nseindia.com/corporate/xbrl/SHP_1698922_21072026083759_WEB.xml","21-JUL-2026 20:38:00","21-JUL-2026 20:38:04","00:00:04"
"JK Tyre & Industries Limited","51.72","48.28","0","-","30-JUN-2026","21-JUL-2026",,"https://nsearchives.nseindia.com/corporate/xbrl/SHP_1698919_21072026083430_WEB.xml","21-JUL-2026 20:34:38","21-JUL-2026 20:34:43","00:00:05"
"Mold-Tek Packaging Limited","33.21","66.79","0","-","30-JUN-2026","21-JUL-2026",,"https://nsearchives.nseindia.com/corporate/xbrl/SHP_1698913_21072026083203_WEB.xml","21-JUL-2026 20:32:08","21-JUL-2026 20:32:13","00:00:05"
"Global Health Limited","33","66.91","0.09","-","30-JUN-2026","21-JUL-2026",,"https://nsearchives.nseindia.com/corporate/xbrl/SHP_1698912_21072026083152_WEB.xml","21-JUL-2026 20:32:02","21-JUL-2026 20:32:07","00:00:05"
"Bkm Industries Limited","37.54","62.46","0","-","30-JUN-2026","21-JUL-2026",,"https://nsearchives.nseindia.com/corporate/xbrl/SHP_1698909_21072026083037_WEB.xml","21-JUL-2026 20:30:40","21-JUL-2026 20:30:44","00:00:04"
"Bandhan Bank Limited","37.54","62.46","0","-","30-JUN-2026","21-JUL-2026",,"https://nsearchives.nseindia.com/corporate/xbrl/SHP_1698905_21072026082551_WEB.xml","21-JUL-2026 20:25:57","21-JUL-2026 20:26:01","00:00:04"
"Balrampur Chini Mills Limited","42.86","57.14","0","-","30-JUN-2026","21-JUL-2026",,"https://nsearchives.nseindia.com/corporate/xbrl/SHP_1698902_21072026082444_WEB.xml","21-JUL-2026 20:24:50","21-JUL-2026 20:24:55","00:00:05"
"Bombay Super Hybrid Seeds Limited","73.85","26.15","0","-","30-JUN-2026","21-JUL-2026",,"https://nsearchives.nseindia.com/corporate/xbrl/SHP_1698892_21072026081555_WEB.xml","21-JUL-2026 20:15:57","21-JUL-2026 20:16:02","00:00:05"
"Vishwaraj Sugar Industries Limited","29.05","70.95","0","-","30-JUN-2026","21-JUL-2026",,"https://nsearchives.nseindia.com/corporate/xbrl/SHP_1698887_21072026081338_WEB.xml","21-JUL-2026 20:13:43","21-JUL-2026 20:13:47","00:00:04"
"Tamilnadu Telecommunication Limited","63.63","36.37","0","-","30-JUN-2026","21-JUL-2026",,"https://nsearchives.nseindia.com/corporate/xbrl/SHP_1698886_21072026081218_WEB.xml","21-JUL-2026 20:12:22","21-JUL-2026 20:12:26","00:00:04"
"ICICI Prudential Life Insurance Company Limited","72.73","27.27","0","-","30-JUN-2026","21-JUL-2026",,"https://nsearchives.nseindia.com/corporate/xbrl/SHP_1698883_21072026081048_WEB.xml","21-JUL-2026 20:10:56","21-JUL-2026 20:11:01","00:00:05"
"Davangere Sugar Company Limited","41.63","58.37","0","-","30-JUN-2026","21-JUL-2026",,"https://nsearchives.nseindia.com/corporate/xbrl/SHP_1698882_21072026081012_WEB.xml","21-JUL-2026 20:10:16","21-JUL-2026 20:10:20","00:00:04"
"Onesource Specialty Pharma Limited","30.48","69.52","0","-","30-JUN-2026","21-JUL-2026",,"https://nsearchives.nseindia.com/corporate/xbrl/SHP_1698877_21072026080714_WEB.xml","21-JUL-2026 20:07:19","21-JUL-2026 20:07:24","00:00:05"
"Shanti Overseas (India) Limited","0","100","0","-","30-JUN-2026","21-JUL-2026",,"https://nsearchives.nseindia.com/corporate/xbrl/SHP_1698874_21072026080415_WEB.xml","21-JUL-2026 20:04:18","21-JUL-2026 20:04:22","00:00:04"
"Coal India Limited","61.13","38.87","0","-","30-JUN-2026","21-JUL-2026",,"https://nsearchives.nseindia.com/corporate/xbrl/SHP_1698873_21072026080407_WEB.xml","21-JUL-2026 20:04:12","21-JUL-2026 20:04:17","00:00:05"
"The Federal Bank  Limited","0","100","0","-","30-JUN-2026","21-JUL-2026",,"https://nsearchives.nseindia.com/corporate/xbrl/SHP_1698856_21072026075633_WEB.xml","21-JUL-2026 19:56:38","21-JUL-2026 19:56:41","00:00:03"
"Spandana Sphoorty Financial Limited","48.16","51.84","0","Revised","30-JUN-2026","21-JUL-2026","18-SEP-2026","https://nsearchives.nseindia.com/corporate/xbrl/SHP_1725485_18092026062650_WEB.xml","21-SEP-2026 11:02:49","21-SEP-2026 11:02:54","00:00:05"
"Aarey Drugs & Pharmaceuticals Limited","37.71","62.29","0","-","30-JUN-2026","21-JUL-2026",,"https://nsearchives.nseindia.com/corporate/xbrl/SHP_1698826_21072026073942_WEB.xml","21-JUL-2026 19:39:47","21-JUL-2026 19:39:51","00:00:04"
"Eros International Media Limited","16.25","83.75","0","-","30-JUN-2026","21-JUL-2026",,"https://nsearchives.nseindia.com/corporate/xbrl/SHP_1698825_21072026073926_WEB.xml","21-JUL-2026 19:39:29","21-JUL-2026 19:39:34","00:00:05"
"Tata Teleservices (Maharashtra) Limited","74.36","25.64","0","-","30-JUN-2026","21-JUL-2026",,"https://nsearchives.nseindia.com/corporate/xbrl/SHP_1698824_21072026073836_WEB.xml","21-JUL-2026 19:38:43","21-JUL-2026 19:38:48","00:00:05"
"Laurus Labs Limited","27.47","72.53","0","-","30-JUN-2026","21-JUL-2026",,"https://nsearchives.nseindia.com/corporate/xbrl/SHP_1698821_21072026073746_WEB.xml","21-JUL-2026 19:37:51","21-JUL-2026 19:37:56","00:00:05"
"Euro Pratik Sales Limited","73.91","26.09","0","-","30-JUN-2026","21-JUL-2026",,"https://nsearchives.nseindia.com/corporate/xbrl/SHP_1698820_21072026073733_WEB.xml","21-JUL-2026 19:37:39","21-JUL-2026 19:37:42","00:00:03"
"Tilaknagar Industries Limited","31.68","68.32","0","-","30-JUN-2026","21-JUL-2026",,"https://nsearchives.nseindia.com/corporate/xbrl/SHP_1698817_21072026073543_WEB.xml","21-JUL-2026 19:35:49","21-JUL-2026 19:35:53","00:00:04"
"Welspun Investments and Commercials Limited","74.58","25.42","0","-","30-JUN-2026","21-JUL-2026",,"https://nsearchives.nseindia.com/corporate/xbrl/SHP_1698816_21072026073532_WEB.xml","21-JUL-2026 19:35:40","21-JUL-2026 19:35:44","00:00:04"
"Tata Motors Passenger Vehicles Limited","42.51","57.49","0","-","30-JUN-2026","21-JUL-2026",,"https://nsearchives.nseindia.com/corporate/xbrl/SHP_1698814_21072026073405_WEB.xml","21-JUL-2026 19:34:16","21-JUL-2026 19:34:20","00:00:04"
"Hero MotoCorp Limited","34.73","65.27","0","-","30-JUN-2026","21-JUL-2026",,"https://nsearchives.nseindia.com/corporate/xbrl/SHP_1698812_21072026073358_WEB.xml","21-JUL-2026 19:34:04","21-JUL-2026 19:34:10","00:00:06"
"Premier Limited","27.37","72.63","0","-","30-JUN-2026","21-JUL-2026",,"https://nsearchives.nseindia.com/corporate/xbrl/SHP_1698808_21072026073125_WEB.xml","21-JUL-2026 19:31:31","21-JUL-2026 19:31:36","00:00:05"
"GUJARAT ENERGY LIMITED","38.94","61.06","0","-","30-JUN-2026","21-JUL-2026",,"https://nsearchives.nseindia.com/corporate/xbrl/SHP_1698802_21072026072342_WEB.xml","21-JUL-2026 19:23:47","21-JUL-2026 19:23:51","00:00:04"
"Whirlpool of India Limited","39.76","60.24","0","-","30-JUN-2026","21-JUL-2026",,"https://nsearchives.nseindia.com/corporate/xbrl/SHP_1698800_21072026072232_WEB.xml","21-JUL-2026 19:22:38","21-JUL-2026 19:22:42","00:00:04"
"JSW Infrastructure Limited","73.93","25.79","0.28","-","30-JUN-2026","21-JUL-2026",,"https://nsearchives.nseindia.com/corporate/xbrl/SHP_1698798_21072026072116_WEB.xml","21-JUL-2026 19:21:24","21-JUL-2026 19:21:28","00:00:04"
"Kshitij Polyline Limited","0","100","0","Revised","30-JUN-2026","21-JUL-2026","26-AUG-2026","https://nsearchives.nseindia.com/corporate/xbrl/SHP_1717955_26082026124143_WEB.xml","11-SEP-2026 12:15:53","11-SEP-2026 12:15:58","00:00:05"
"Winsome Yarns Limited","38.67","61.33","0","-","30-JUN-2026","21-JUL-2026",,"https://nsearchives.nseindia.com/corporate/xbrl/SHP_1698793_21072026072023_WEB.xml","21-JUL-2026 19:20:28","21-JUL-2026 19:20:39","00:00:11"
"Petronet LNG Limited","50","50","0","-","30-JUN-2026","21-JUL-2026",,"https://nsearchives.nseindia.com/corporate/xbrl/SHP_1698790_21072026071958_WEB.xml","21-JUL-2026 19:20:04","21-JUL-2026 19:20:13","00:00:09"
"Eureka Forbes Limited","62.55","37.45","0","Revised","30-JUN-2026","21-JUL-2026","02-SEP-2026","https://nsearchives.nseindia.com/corporate/xbrl/SHP_1720352_02092026063334_WEB.xml","03-SEP-2026 11:38:58","03-SEP-2026 11:39:03","00:00:05"
"Sri Lotus Developers and Realty Limited","81.87","18.13","0","-","30-JUN-2026","21-JUL-2026",,"https://nsearchives.nseindia.com/corporate/xbrl/SHP_1698780_21072026071656_WEB.xml","21-JUL-2026 19:17:01","21-JUL-2026 19:17:06","00:00:05"
"Ambica Agarbathies & Aroma industries Limited","43.41","56.59","0","-","30-JUN-2026","21-JUL-2026",,"https://nsearchives.nseindia.com/corporate/xbrl/SHP_1698779_21072026071651_WEB.xml","21-JUL-2026 19:16:54","21-JUL-2026 19:16:58","00:00:04"
"Mold-Tek Technologies Limited","50.47","49.53","0","-","30-JUN-2026","21-JUL-2026",,"https://nsearchives.nseindia.com/corporate/xbrl/SHP_1698778_21072026071640_WEB.xml","21-JUL-2026 19:16:43","21-JUL-2026 19:16:47","00:00:04"
"Thirumalai Chemicals Limited","37.13","62.87","0","-","30-JUN-2026","21-JUL-2026",,"https://nsearchives.nseindia.com/corporate/xbrl/SHP_1698777_21072026071623_WEB.xml","21-JUL-2026 19:16:29","21-JUL-2026 19:16:33","00:00:04"
"Jain Resource Recycling Limited","73.59","26.41","0","-","30-JUN-2026","21-JUL-2026",,"https://nsearchives.nseindia.com/corporate/xbrl/SHP_1698772_21072026071253_WEB.xml","21-JUL-2026 19:12:58","21-JUL-2026 19:13:02","00:00:04"
"Indosolar Limited","74.93","25.07","0","Revised","30-JUN-2026","21-JUL-2026","31-JUL-2026","https://nsearchives.nseindia.com/corporate/xbrl/SHP_1705827_31072026123915_WEB.xml","31-JUL-2026 16:25:58","31-JUL-2026 16:26:03","00:00:05"
"Innovision Limited","74.17","25.83","0","-","30-JUN-2026","21-JUL-2026",,"https://nsearchives.nseindia.com/corporate/xbrl/SHP_1698768_21072026071204_WEB.xml","21-JUL-2026 19:12:05","21-JUL-2026 19:12:11","00:00:06"
"Swelect Energy Systems Limited","56.37","43.63","0","-","30-JUN-2026","21-JUL-2026",,"https://nsearchives.nseindia.com/corporate/xbrl/SHP_1698766_21072026071144_WEB.xml","21-JUL-2026 19:11:51","21-JUL-2026 19:11:56","00:00:05"
"Banswara Syntex Limited","54.19","45.81","0","-","30-JUN-2026","21-JUL-2026",,"https://nsearchives.nseindia.com/corporate/xbrl/SHP_1698765_21072026071137_WEB.xml","21-JUL-2026 19:11:40","21-JUL-2026 19:11:44","00:00:04"
"GMM Pfaudler Limited","25.18","74.82","0","-","30-JUN-2026","21-JUL-2026",,"https://nsearchives.nseindia.com/corporate/xbrl/SHP_1698762_21072026071018_WEB.xml","21-JUL-2026 19:10:25","21-JUL-2026 19:10:29","00:00:04"
"Orchid Pharma Limited","69.84","30.16","0","-","30-JUN-2026","21-JUL-2026",,"https://nsearchives.nseindia.com/corporate/xbrl/SHP_1698756_21072026070731_WEB.xml","21-JUL-2026 19:07:36","21-JUL-2026 19:07:41","00:00:05"
"Arvind Limited","39.53","60.47","0","-","30-JUN-2026","21-JUL-2026",,"https://nsearchives.nseindia.com/corporate/xbrl/SHP_1698750_21072026070530_WEB.xml","21-JUL-2026 19:05:38","21-JUL-2026 19:05:42","00:00:04"
"Dr. Lal Path Labs Ltd.","53.19","46.43","0.38","-","30-JUN-2026","21-JUL-2026",,"https://nsearchives.nseindia.com/corporate/xbrl/SHP_1698749_21072026070518_WEB.xml","21-JUL-2026 19:05:23","21-JUL-2026 19:05:28","00:00:05"
"Dish TV India Limited","4.23","95.77","0","-","30-JUN-2026","21-JUL-2026",,"https://nsearchives.nseindia.com/corporate/xbrl/SHP_1698743_21072026070425_WEB.xml","21-JUL-2026 19:04:32","21-JUL-2026 19:04:37","00:00:05"
"Neogen Chemicals Limited","53.01","46.99","0","-","30-JUN-2026","21-JUL-2026",,"https://nsearchives.nseindia.com/corporate/xbrl/SHP_1698739_21072026070354_WEB.xml","21-JUL-2026 19:03:59","21-JUL-2026 19:04:03","00:00:04"
"Advent Hotels International Limited","47.69","52.31","0","-","30-JUN-2026","21-JUL-2026",,"https://nsearchives.nseindia.com/corporate/xbrl/SHP_1698738_21072026070246_WEB.xml","21-JUL-2026 19:02:55","21-JUL-2026 19:02:58","00:00:03"
"UMIYA BUILDCON LIMITED","65.44","34.56","0","-","30-JUN-2026","21-JUL-2026",,"https://nsearchives.nseindia.com/corporate/xbrl/SHP_1698736_21072026070034_WEB.xml","21-JUL-2026 19:00:38","21-JUL-2026 19:00:42","00:00:04"
"Central Depository Services (India) Limited","15","85","0","-","30-JUN-2026","21-JUL-2026",,"https://nsearchives.nseindia.com/corporate/xbrl/SHP_1698727_21072026065645_WEB.xml","21-JUL-2026 18:56:50","21-JUL-2026 18:56:55","00:00:05"
"Ksolves India Limited","58.92","41.08","0","-","30-JUN-2026","21-JUL-2026",,"https://nsearchives.nseindia.com/corporate/xbrl/SHP_1698723_21072026065419_WEB.xml","21-JUL-2026 18:54:22","21-JUL-2026 18:54:26","00:00:04"
"CRESTO TECHNO LIMITED","50.04","49.96","0","-","30-JUN-2026","21-JUL-2026",,"https://nsearchives.nseindia.com/corporate/xbrl/SHP_1698720_21072026065306_WEB.xml","21-JUL-2026 18:53:11","21-JUL-2026 18:53:15","00:00:04"
"Tiger Logistics (India) Limited","57.48","42.52","0","Revised","30-JUN-2026","21-JUL-2026","10-SEP-2026","https://nsearchives.nseindia.com/corporate/xbrl/SHP_1723385_10092026062415_WEB.xml","11-SEP-2026 17:16:54","11-SEP-2026 17:16:58","00:00:04"
"Paras Petrofils Limited","40.19","59.81","0","-","30-JUN-2026","21-JUL-2026",,"https://nsearchives.nseindia.com/corporate/xbrl/SHP_1698715_21072026065113_WEB.xml","21-JUL-2026 18:51:18","21-JUL-2026 18:51:24","00:00:06"
"Go Digit General Insurance Limited","73","27","0","-","30-JUN-2026","21-JUL-2026",,"https://nsearchives.nseindia.com/corporate/xbrl/SHP_1698714_21072026065106_WEB.xml","21-JUL-2026 18:51:14","21-JUL-2026 18:51:19","00:00:05"
"International Conveyors Limited","70.23","29.77","0","-","30-JUN-2026","21-JUL-2026",,"https://nsearchives.nseindia.com/corporate/xbrl/SHP_1698709_21072026064935_WEB.xml","21-JUL-2026 18:49:40","21-JUL-2026 18:49:43","00:00:03"
"Star Health and Allied Insurance Company Limited","58.01","41.99","0","Revised","30-JUN-2026","21-JUL-2026","28-JUL-2026","https://nsearchives.nseindia.com/corporate/xbrl/SHP_1703026_28072026041906_WEB.xml","25-AUG-2026 13:10:41","25-AUG-2026 13:10:47","00:00:06"
"Asian Energy Services Limited","56.14","43.86","0","-","30-JUN-2026","21-JUL-2026",,"https://nsearchives.nseindia.com/corporate/xbrl/SHP_1698699_21072026064752_WEB.xml","21-JUL-2026 18:47:59","21-JUL-2026 18:48:03","00:00:04"
"Devyani International Limited","61.36","38.64","0","-","30-JUN-2026","21-JUL-2026",,"https://nsearchives.nseindia.com/corporate/xbrl/SHP_1698688_21072026064214_WEB.xml","21-JUL-2026 18:42:21","21-JUL-2026 18:42:26","00:00:05"
"Xchanging Solutions Limited","75","25","0","-","30-JUN-2026","21-JUL-2026",,"https://nsearchives.nseindia.com/corporate/xbrl/SHP_1698684_21072026064012_WEB.xml","21-JUL-2026 18:40:17","21-JUL-2026 18:40:21","00:00:04"
"Bliss GVS Pharma Limited","35.01","64.99","0","Revised","30-JUN-2026","21-JUL-2026","25-AUG-2026","https://nsearchives.nseindia.com/corporate/xbrl/SHP_1717771_25082026061000_WEB.xml","25-AUG-2026 19:29:14","25-AUG-2026 19:29:18","00:00:04"
"Euro Multivision Limited","47.01","52.99","0","-","30-JUN-2026","21-JUL-2026",,"https://nsearchives.nseindia.com/corporate/xbrl/SHP_1698672_21072026063653_WEB.xml","21-JUL-2026 18:36:57","21-JUL-2026 18:37:01","00:00:04"
"IFGL Refractories Limited","72.43","27.57","0","-","30-JUN-2026","21-JUL-2026",,"https://nsearchives.nseindia.com/corporate/xbrl/SHP_1698666_21072026063454_WEB.xml","21-JUL-2026 18:34:59","21-JUL-2026 18:35:03","00:00:04"
"Signatureglobal (India) Limited","69.54","30.46","0","-","30-JUN-2026","21-JUL-2026",,"https://nsearchives.nseindia.com/corporate/xbrl/SHP_1698663_21072026063325_WEB.xml","21-JUL-2026 18:33:34","21-JUL-2026 18:33:38","00:00:04"
"Britannia Industries Limited","50.55","49.45","0","-","30-JUN-2026","21-JUL-2026",,"https://nsearchives.nseindia.com/corporate/xbrl/SHP_1698664_21072026063328_WEB.xml","21-JUL-2026 18:33:34","21-JUL-2026 18:33:44","00:00:10"
"Hindcon Chemicals Limited","68.81","31.19","0","-","30-JUN-2026","21-JUL-2026",,"https://nsearchives.nseindia.com/corporate/xbrl/SHP_1698662_21072026063018_WEB.xml","21-JUL-2026 18:30:20","21-JUL-2026 18:30:24","00:00:04"
"Travel Food Services Limited","86.19","13.81","0","-","30-JUN-2026","21-JUL-2026",,"https://nsearchives.nseindia.com/corporate/xbrl/SHP_1698654_21072026062559_WEB.xml","21-JUL-2026 18:26:09","21-JUL-2026 18:26:13","00:00:04"
"Themis Medicare Limited","67.11","32.89","0","-","30-JUN-2026","21-JUL-2026",,"https://nsearchives.nseindia.com/corporate/xbrl/SHP_1698653_21072026062520_WEB.xml","21-JUL-2026 18:25:25","21-JUL-2026 18:25:29","00:00:04"
"Divgi Torqtransfer Systems Limited","60.56","39.44","0","-","30-JUN-2026","21-JUL-2026",,"https://nsearchives.nseindia.com/corporate/xbrl/SHP_1698650_21072026062503_WEB.xml","21-JUL-2026 18:25:07","21-JUL-2026 18:25:11","00:00:04"
"Metropolis Healthcare Limited","48.86","51.14","0","-","30-JUN-2026","21-JUL-2026",,"https://nsearchives.nseindia.com/corporate/xbrl/SHP_1698642_21072026062313_WEB.xml","21-JUL-2026 18:23:21","21-JUL-2026 18:23:29","00:00:08"
"Indiamart Intermesh Limited","49.07","50.91","0.02","-","30-JUN-2026","21-JUL-2026",,"https://nsearchives.nseindia.com/corporate/xbrl/SHP_1698641_21072026062311_WEB.xml","21-JUL-2026 18:23:16","21-JUL-2026 18:23:24","00:00:08"
"Piramal Finance Limited","46.16","53.62","0.22","-","30-JUN-2026","21-JUL-2026",,"https://nsearchives.nseindia.com/corporate/xbrl/SHP_1698640_21072026062307_WEB.xml","21-JUL-2026 18:23:15","21-JUL-2026 18:23:20","00:00:05"
"JSW Steel Limited","44.29","55.52","0.18","-","30-JUN-2026","21-JUL-2026",,"https://nsearchives.nseindia.com/corporate/xbrl/SHP_1698632_21072026062045_WEB.xml","21-JUL-2026 18:20:54","21-JUL-2026 18:20:58","00:00:04"
"Kridhan Infra Limited","40.05","59.95","0","Revised","30-JUN-2026","21-JUL-2026","15-SEP-2026","https://nsearchives.nseindia.com/corporate/xbrl/SHP_1724357_15092026061321_WEB.xml","16-SEP-2026 11:09:25","16-SEP-2026 11:09:30","00:00:05"
"BIRLASOFT LIMITED","40.38","59.62","0","-","30-JUN-2026","21-JUL-2026",,"https://nsearchives.nseindia.com/corporate/xbrl/SHP_1698627_21072026061914_WEB.xml","21-JUL-2026 18:19:20","21-JUL-2026 18:19:24","00:00:04"
"Wendt (India) Limited","37.5","62.5","0","-","30-JUN-2026","21-JUL-2026",,"https://nsearchives.nseindia.com/corporate/xbrl/SHP_1698626_21072026061911_WEB.xml","21-JUL-2026 18:19:13","21-JUL-2026 18:19:18","00:00:05"
"Datamatics Global Services Limited","66.33","33.67","0","-","30-JUN-2026","21-JUL-2026",,"https://nsearchives.nseindia.com/corporate/xbrl/SHP_1698620_21072026061636_WEB.xml","21-JUL-2026 18:16:40","21-JUL-2026 18:16:44","00:00:04"
"Bharat Wire Ropes Limited","41.27","58.73","0","-","30-JUN-2026","21-JUL-2026",,"https://nsearchives.nseindia.com/corporate/xbrl/SHP_1698619_21072026061543_WEB.xml","21-JUL-2026 18:15:49","21-JUL-2026 18:15:53","00:00:04"
"Fujiyama Power Systems Limited","86.63","13.37","0","Revised","30-JUN-2026","21-JUL-2026","14-SEP-2026","https://nsearchives.nseindia.com/corporate/xbrl/SHP_1724045_14092026045013_WEB.xml","15-SEP-2026 11:47:09","15-SEP-2026 11:47:14","00:00:05"
"Melstar Information Technologies Limited","94.57","5.43","0","-","30-JUN-2026","21-JUL-2026",,"https://nsearchives.nseindia.com/corporate/xbrl/SHP_1698615_21072026061233_WEB.xml","21-JUL-2026 18:12:38","21-JUL-2026 18:12:42","00:00:04"
"Tree House Education & Accessories Limited","24.56","75.44","0","-","30-JUN-2026","21-JUL-2026",,"https://nsearchives.nseindia.com/corporate/xbrl/SHP_1698607_21072026060915_WEB.xml","21-JUL-2026 18:09:19","21-JUL-2026 18:09:23","00:00:04"
"Lexus Granito (India) Limited","52.91","47.09","0","-","30-JUN-2026","21-JUL-2026",,"https://nsearchives.nseindia.com/corporate/xbrl/SHP_1698602_21072026060822_WEB.xml","21-JUL-2026 18:08:26","21-JUL-2026 18:08:30","00:00:04"
"Sambhv Steel Tubes Limited","56.11","43.89","0","-","30-JUN-2026","21-JUL-2026",,"https://nsearchives.nseindia.com/corporate/xbrl/SHP_1698594_21072026060538_WEB.xml","21-JUL-2026 18:05:42","21-JUL-2026 18:05:46","00:00:04"
"Southern Petrochemicals Industries Corporation  Limited","53.38","46.62","0","-","30-JUN-2026","21-JUL-2026",,"https://nsearchives.nseindia.com/corporate/xbrl/SHP_1698593_21072026060435_WEB.xml","21-JUL-2026 18:04:43","21-JUL-2026 18:04:47","00:00:04"
"Tasty Bite Eatables Limited","74.23","25.77","0","-","30-JUN-2026","21-JUL-2026",,"https://nsearchives.nseindia.com/corporate/xbrl/SHP_1698591_21072026060423_WEB.xml","21-JUL-2026 18:04:27","21-JUL-2026 18:04:31","00:00:04"
"Parsvnath Developers Limited","46.68","53.32","0","-","30-JUN-2026","21-JUL-2026",,"https://nsearchives.nseindia.com/corporate/xbrl/SHP_1698589_21072026060356_WEB.xml","21-JUL-2026 18:03:59","21-JUL-2026 18:04:03","00:00:04"
"Oriental Hotels Limited","68.52","31.48","0","-","30-JUN-2026","21-JUL-2026",,"https://nsearchives.nseindia.com/corporate/xbrl/SHP_1698588_21072026060303_WEB.xml","21-JUL-2026 18:03:09","21-JUL-2026 18:03:14","00:00:05"
"VA Tech Wabag Limited","19.08","80.92","0","-","30-JUN-2026","21-JUL-2026",,"https://nsearchives.nseindia.com/corporate/xbrl/SHP_1698580_21072026060141_WEB.xml","21-JUL-2026 18:01:46","21-JUL-2026 18:01:50","00:00:04"
"Abans Financial Services Limited","71.11","28.89","0","Revised","30-JUN-2026","21-JUL-2026","17-SEP-2026","https://nsearchives.nseindia.com/corporate/xbrl/SHP_1724928_17092026021529_WEB.xml","18-SEP-2026 10:56:33","18-SEP-2026 10:56:37","00:00:04"
"Pashupati Cotspin Limited","65.99","34.01","0","Revised","30-JUN-2026","21-JUL-2026","08-SEP-2026","https://nsearchives.nseindia.com/corporate/xbrl/SHP_1722455_08092026022043_WEB.xml","09-SEP-2026 16:13:27","09-SEP-2026 16:13:34","00:00:07"
"TBO Tek Limited","44.41","54.06","1.53","-","30-JUN-2026","21-JUL-2026",,"https://nsearchives.nseindia.com/corporate/xbrl/SHP_1698569_21072026055730_WEB.xml","21-JUL-2026 17:57:35","21-JUL-2026 17:57:39","00:00:04"
"Welspun Living Limited","66.36","33.29","0.35","-","30-JUN-2026","21-JUL-2026",,"https://nsearchives.nseindia.com/corporate/xbrl/SHP_1698562_21072026055630_WEB.xml","21-JUL-2026 17:56:37","21-JUL-2026 17:56:41","00:00:04"
"Tube Investments of India Limited","44.1","55.9","0","Revised","30-JUN-2026","21-JUL-2026","18-SEP-2026","https://nsearchives.nseindia.com/corporate/xbrl/-","21-SEP-2026 16:45:37","21-SEP-2026 16:45:42","00:00:05"
"SRM Contractors Limited","72.59","27.41","0","-","30-JUN-2026","21-JUL-2026",,"https://nsearchives.nseindia.com/corporate/xbrl/SHP_1698558_21072026055438_WEB.xml","21-JUL-2026 17:54:42","21-JUL-2026 17:54:45","00:00:03"
"Tech Mahindra Limited","34.97","65.03","0","-","30-JUN-2026","21-JUL-2026",,"https://nsearchives.nseindia.com/corporate/xbrl/SHP_1698555_21072026055233_WEB.xml","21-JUL-2026 17:52:43","21-JUL-2026 17:52:47","00:00:04"
"Uniparts India Limited","65.88","34.04","0.08","Revised","30-JUN-2026","21-JUL-2026","04-AUG-2026","https://nsearchives.nseindia.com/corporate/xbrl/SHP_1707322_04082026110331_WEB.xml","21-AUG-2026 17:43:10","21-AUG-2026 17:43:15","00:00:05"
"ORTIN GLOBAL LIMITED","1.23","98.77","0","-","30-JUN-2026","21-JUL-2026",,"https://nsearchives.nseindia.com/corporate/xbrl/SHP_1698525_21072026054659_WEB.xml","21-JUL-2026 17:47:00","21-JUL-2026 17:47:04","00:00:04"
"Vikran Engineering Limited","56.27","43.73","0","-","30-JUN-2026","21-JUL-2026",,"https://nsearchives.nseindia.com/corporate/xbrl/SHP_1698522_21072026054509_WEB.xml","21-JUL-2026 17:45:14","21-JUL-2026 17:45:18","00:00:04"
"Manappuram Finance Limited","41.66","58.34","0","-","30-JUN-2026","21-JUL-2026",,"https://nsearchives.nseindia.com/corporate/xbrl/SHP_1698515_21072026054206_WEB.xml","21-JUL-2026 17:42:13","21-JUL-2026 17:42:18","00:00:05"
"Stallion India Fluorochemicals Limited","47.8","52.2","0","-","30-JUN-2026","21-JUL-2026",,"https://nsearchives.nseindia.com/corporate/xbrl/SHP_1698513_21072026054152_WEB.xml","21-JUL-2026 17:41:54","21-JUL-2026 17:41:57","00:00:03"
"Renaissance Global Limited","61.95","38.05","0","-","30-JUN-2026","21-JUL-2026",,"https://nsearchives.nseindia.com/corporate/xbrl/SHP_1698511_21072026054142_WEB.xml","21-JUL-2026 17:41:47","21-JUL-2026 17:41:52","00:00:05"
"Latent View Analytics Limited","65.1","34.9","0","-","30-JUN-2026","21-JUL-2026",,"https://nsearchives.nseindia.com/corporate/xbrl/SHP_1698504_21072026054024_WEB.xml","21-JUL-2026 17:40:29","21-JUL-2026 17:40:34","00:00:05"
"ITC Hotels Limited","39.85","60.15","0","-","30-JUN-2026","21-JUL-2026",,"https://nsearchives.nseindia.com/corporate/xbrl/SHP_1698499_21072026053921_WEB.xml","21-JUL-2026 17:39:30","21-JUL-2026 17:39:34","00:00:04"
"Sanofi Consumer Healthcare India Limited","71.27","28.73","0","-","30-JUN-2026","21-JUL-2026",,"https://nsearchives.nseindia.com/corporate/xbrl/SHP_1698497_21072026053847_WEB.xml","21-JUL-2026 17:38:52","21-JUL-2026 17:38:57","00:00:05"
"Affordable Robotic & Automation Limited","41.41","58.59","0","Revised","30-JUN-2026","21-JUL-2026","01-AUG-2026","https://nsearchives.nseindia.com/corporate/xbrl/SHP_1706698_01082026081510_WEB.xml","07-AUG-2026 16:18:10","07-AUG-2026 16:18:14","00:00:04"
"Aqylon Nexus Limited","45.6","54.4","0","-","30-JUN-2026","21-JUL-2026",,"https://nsearchives.nseindia.com/corporate/xbrl/SHP_1698478_21072026053338_WEB.xml","21-JUL-2026 17:33:42","21-JUL-2026 17:33:46","00:00:04"
"PI Industries Limited","46.09","53.91","0.01","-","30-JUN-2026","21-JUL-2026",,"https://nsearchives.nseindia.com/corporate/xbrl/SHP_1698475_21072026053125_WEB.xml","21-JUL-2026 17:31:29","21-JUL-2026 17:31:34","00:00:05"
"Choice International Limited","53.65","46.35","0","-","30-JUN-2026","21-JUL-2026",,"https://nsearchives.nseindia.com/corporate/xbrl/SHP_1698474_21072026053010_WEB.xml","21-JUL-2026 17:30:15","21-JUL-2026 17:30:19","00:00:04"
"Bluspring Enterprises Limited","58.05","41.95","0","-","30-JUN-2026","21-JUL-2026",,"https://nsearchives.nseindia.com/corporate/xbrl/SHP_1698473_21072026052703_WEB.xml","21-JUL-2026 17:27:09","21-JUL-2026 17:27:14","00:00:05"
"PCBL Chemical Limited","53.38","46.62","0","-","30-JUN-2026","21-JUL-2026",,"https://nsearchives.nseindia.com/corporate/xbrl/SHP_1698467_21072026052512_WEB.xml","21-JUL-2026 17:25:18","21-JUL-2026 17:25:23","00:00:05"
"Onida Electronics Limited","40.51","59.49","0","-","30-JUN-2026","21-JUL-2026",,"https://nsearchives.nseindia.com/corporate/xbrl/SHP_1698466_21072026052504_WEB.xml","21-JUL-2026 17:25:10","21-JUL-2026 17:25:16","00:00:06"
"Aditya Birla Lifestyle Brands Limited","46.6","52.92","0.48","-","30-JUN-2026","21-JUL-2026",,"https://nsearchives.nseindia.com/corporate/xbrl/SHP_1698464_21072026052501_WEB.xml","21-JUL-2026 17:25:07","21-JUL-2026 17:25:11","00:00:04"
"Lodha Developers Limited","70.31","29.69","0","-","30-JUN-2026","21-JUL-2026",,"https://nsearchives.nseindia.com/corporate/xbrl/SHP_1698454_21072026052127_WEB.xml","21-JUL-2026 17:21:36","21-JUL-2026 17:21:40","00:00:04"
"Raymond Lifestyle Limited","59.62","40.36","0.03","-","30-JUN-2026","21-JUL-2026",,"https://nsearchives.nseindia.com/corporate/xbrl/SHP_1698452_21072026052102_WEB.xml","21-JUL-2026 17:21:09","21-JUL-2026 17:21:14","00:00:05"
"Aditya Birla Capital Limited","68.81","31.19","0","-","30-JUN-2026","21-JUL-2026",,"https://nsearchives.nseindia.com/corporate/xbrl/SHP_1698450_21072026052022_WEB.xml","21-JUL-2026 17:20:30","21-JUL-2026 17:20:35","00:00:05"
"Poly Medicure Limited","62.42","37.58","0","-","30-JUN-2026","21-JUL-2026",,"https://nsearchives.nseindia.com/corporate/xbrl/SHP_1698448_21072026051900_WEB.xml","21-JUL-2026 17:19:03","21-JUL-2026 17:19:07","00:00:04"
"Voltas Limited","30.3","69.7","0","-","30-JUN-2026","21-JUL-2026",,"https://nsearchives.nseindia.com/corporate/xbrl/SHP_1698441_21072026051656_WEB.xml","21-JUL-2026 17:17:05","21-JUL-2026 17:17:09","00:00:04"
"Waaree Renewable Technologies Limited","74.32","25.68","0","-","30-JUN-2026","21-JUL-2026",,"https://nsearchives.nseindia.com/corporate/xbrl/SHP_1698439_21072026051531_WEB.xml","21-JUL-2026 17:15:36","21-JUL-2026 17:15:40","00:00:04"
"RIR Power Electronics Limited","58.61","41.39","0","-","30-JUN-2026","21-JUL-2026",,"https://nsearchives.nseindia.com/corporate/xbrl/SHP_1698437_21072026051441_WEB.xml","21-JUL-2026 17:14:47","21-JUL-2026 17:14:51","00:00:04"
"Techindia Nirman Limited","17.52","82.48","0","-","30-JUN-2026","21-JUL-2026",,"https://nsearchives.nseindia.com/corporate/xbrl/SHP_1698431_21072026051234_WEB.xml","21-JUL-2026 17:12:39","21-JUL-2026 17:12:43","00:00:04"
"Yes Bank Limited","0","100","0","-","30-JUN-2026","21-JUL-2026",,"https://nsearchives.nseindia.com/corporate/xbrl/SHP_1698430_21072026051201_WEB.xml","21-JUL-2026 17:12:06","21-JUL-2026 17:12:10","00:00:04"
"Ajax Engineering Limited","80","20","0","-","30-JUN-2026","21-JUL-2026",,"https://nsearchives.nseindia.com/corporate/xbrl/SHP_1698424_21072026050919_WEB.xml","21-JUL-2026 17:09:24","21-JUL-2026 17:09:28","00:00:04"
"Shivam Autotech Limited","69.52","30.48","0","-","30-JUN-2026","21-JUL-2026",,"https://nsearchives.nseindia.com/corporate/xbrl/SHP_1698421_21072026050839_WEB.xml","21-JUL-2026 17:08:43","21-JUL-2026 17:08:47","00:00:04"
"Agri-Tech (India) Limited","30.9","69.1","0","-","30-JUN-2026","21-JUL-2026",,"https://nsearchives.nseindia.com/corporate/xbrl/SHP_1698417_21072026050806_WEB.xml","21-JUL-2026 17:08:11","21-JUL-2026 17:08:15","00:00:04"
"Dr. Reddy's Laboratories Limited","26.64","73.16","0.2","-","30-JUN-2026","21-JUL-2026",,"https://nsearchives.nseindia.com/corporate/xbrl/SHP_1698407_21072026050510_WEB.xml","21-JUL-2026 17:05:16","21-JUL-2026 17:05:20","00:00:04"
"360 ONE WAM LIMITED","6.2","93.8","0","-","30-JUN-2026","21-JUL-2026",,"https://nsearchives.nseindia.com/corporate/xbrl/SHP_1698400_21072026050353_WEB.xml","21-JUL-2026 17:03:57","21-JUL-2026 17:04:02","00:00:05"
"Geojit Financial Services Limited","38.48","61.52","0","-","30-JUN-2026","21-JUL-2026",,"https://nsearchives.nseindia.com/corporate/xbrl/SHP_1698396_21072026050329_WEB.xml","21-JUL-2026 17:03:36","21-JUL-2026 17:03:40","00:00:04"
"STEEL EXCHANGE INDIA LIMITED","49.67","50.33","0","-","30-JUN-2026","21-JUL-2026",,"https://nsearchives.nseindia.com/corporate/xbrl/SHP_1698394_21072026050255_WEB.xml","21-JUL-2026 17:03:00","21-JUL-2026 17:03:06","00:00:06"
"Nath Bio-Genes (India) Limited","45.6","54.4","0","-","30-JUN-2026","21-JUL-2026",,"https://nsearchives.nseindia.com/corporate/xbrl/SHP_1698393_21072026050219_WEB.xml","21-JUL-2026 17:02:24","21-JUL-2026 17:02:28","00:00:04"
"Kfin Technologies Limited","22.82","77.18","0","-","30-JUN-2026","21-JUL-2026",,"https://nsearchives.nseindia.com/corporate/xbrl/SHP_1698390_21072026045844_WEB.xml","21-JUL-2026 16:58:52","21-JUL-2026 16:58:57","00:00:05"
"Shree Vasu Logistics Limited","73.67","26.33","0","-","30-JUN-2026","21-JUL-2026",,"https://nsearchives.nseindia.com/corporate/xbrl/SHP_1698388_21072026045748_WEB.xml","21-JUL-2026 16:57:52","21-JUL-2026 16:57:57","00:00:05"
"The Peria Karamalai Tea & Produce Company Limited","66.33","33.67","0","-","30-JUN-2026","21-JUL-2026",,"https://nsearchives.nseindia.com/corporate/xbrl/SHP_1698387_21072026045641_WEB.xml","21-JUL-2026 16:56:46","21-JUL-2026 16:56:51","00:00:05"
"Confidence Petroleum India Limited","57.38","42.62","0","-","30-JUN-2026","21-JUL-2026",,"https://nsearchives.nseindia.com/corporate/xbrl/SHP_1698386_21072026045626_WEB.xml","21-JUL-2026 16:56:32","21-JUL-2026 16:56:36","00:00:04"
"Jayshree Tea & Industries Limited","50.68","49.32","0","-","30-JUN-2026","21-JUL-2026",,"https://nsearchives.nseindia.com/corporate/xbrl/SHP_1698384_21072026045530_WEB.xml","21-JUL-2026 16:55:33","21-JUL-2026 16:55:37","00:00:04"
"Solarworld Energy Solutions Limited","65.77","34.23","0","-","30-JUN-2026","21-JUL-2026",,"https://nsearchives.nseindia.com/corporate/xbrl/SHP_1698373_21072026045215_WEB.xml","21-JUL-2026 16:52:23","21-JUL-2026 16:52:27","00:00:04"
"Bansal Wire Industries Limited","75","25","0","-","30-JUN-2026","21-JUL-2026",,"https://nsearchives.nseindia.com/corporate/xbrl/SHP_1698363_21072026044631_WEB.xml","21-JUL-2026 16:46:35","21-JUL-2026 16:46:39","00:00:04"
"Usha Martin Education & Solutions Limited","39.82","60.18","0","-","30-JUN-2026","21-JUL-2026",,"https://nsearchives.nseindia.com/corporate/xbrl/SHP_1698358_21072026044452_WEB.xml","21-JUL-2026 16:44:56","21-JUL-2026 16:45:00","00:00:04"
"Vodafone Idea Limited","25.64","74.36","0","-","30-JUN-2026","21-JUL-2026",,"https://nsearchives.nseindia.com/corporate/xbrl/SHP_1698353_21072026044315_WEB.xml","21-JUL-2026 16:43:21","21-JUL-2026 16:43:27","00:00:06"
"Ruchi Infrastructure Limited","53.7","46.3","0","-","30-JUN-2026","21-JUL-2026",,"https://nsearchives.nseindia.com/corporate/xbrl/SHP_1698352_21072026044307_WEB.xml","21-JUL-2026 16:43:11","21-JUL-2026 16:43:16","00:00:05"
"Systematix Corporate Services Limited","70.58","29.42","0","-","30-JUN-2026","21-JUL-2026",,"https://nsearchives.nseindia.com/corporate/xbrl/SHP_1698351_21072026044258_WEB.xml","21-JUL-2026 16:43:04","21-JUL-2026 16:43:08","00:00:04"
"Insolation Energy Limited","66.12","33.88","0","-","30-JUN-2026","21-JUL-2026",,"https://nsearchives.nseindia.com/corporate/xbrl/SHP_1698349_21072026044132_WEB.xml","21-JUL-2026 16:41:40","21-JUL-2026 16:41:44","00:00:04"
"Shriram Finance Limited","20.3","79.7","0","-","30-JUN-2026","21-JUL-2026",,"https://nsearchives.nseindia.com/corporate/xbrl/SHP_1698341_21072026043906_WEB.xml","21-JUL-2026 16:39:16","21-JUL-2026 16:39:21","00:00:05"
"Super Spinning Mills Limited","43.46","56.54","0","-","30-JUN-2026","21-JUL-2026",,"https://nsearchives.nseindia.com/corporate/xbrl/SHP_1698340_21072026043854_WEB.xml","21-JUL-2026 16:39:02","21-JUL-2026 16:39:07","00:00:05"
"Diligent Media Corporation Limited","62.17","37.83","0","-","30-JUN-2026","21-JUL-2026",,"https://nsearchives.nseindia.com/corporate/xbrl/SHP_1698336_21072026043646_WEB.xml","21-JUL-2026 16:36:54","21-JUL-2026 16:36:58","00:00:04"
"BLS International Services Limited","70.39","29.57","0.04","-","30-JUN-2026","21-JUL-2026",,"https://nsearchives.nseindia.com/corporate/xbrl/SHP_1698333_21072026043633_WEB.xml","21-JUL-2026 16:36:38","21-JUL-2026 16:36:43","00:00:05"
"Blue Chip India Limited","11.25","88.75","0","-","30-JUN-2026","21-JUL-2026",,"https://nsearchives.nseindia.com/corporate/xbrl/SHP_1698332_21072026043628_WEB.xml","21-JUL-2026 16:36:32","21-JUL-2026 16:36:36","00:00:04"
"BLS E-Services Limited","71.87","27.9","0.22","-","30-JUN-2026","21-JUL-2026",,"https://nsearchives.nseindia.com/corporate/xbrl/SHP_1698331_21072026043556_WEB.xml","21-JUL-2026 16:36:03","21-JUL-2026 16:36:07","00:00:04"
"Unicommerce Esolutions Limited","36.02","63.98","0","-","30-JUN-2026","21-JUL-2026",,"https://nsearchives.nseindia.com/corporate/xbrl/SHP_1698326_21072026043449_WEB.xml","21-JUL-2026 16:34:57","21-JUL-2026 16:35:01","00:00:04"
"Nestle India Limited","62.76","37.24","0","-","30-JUN-2026","21-JUL-2026",,"https://nsearchives.nseindia.com/corporate/xbrl/SHP_1698320_21072026043337_WEB.xml","21-JUL-2026 16:33:44","21-JUL-2026 16:33:49","00:00:05"
"ORIENT CERATECH LIMITED","63.9","36.1","0","-","30-JUN-2026","21-JUL-2026",,"https://nsearchives.nseindia.com/corporate/xbrl/SHP_1698319_21072026043255_WEB.xml","21-JUL-2026 16:33:01","21-JUL-2026 16:33:06","00:00:05"
"Dishman Carbogen Amcis Limited","59.32","40.68","0","-","30-JUN-2026","21-JUL-2026",,"https://nsearchives.nseindia.com/corporate/xbrl/SHP_1698316_21072026043044_WEB.xml","21-JUL-2026 16:30:51","21-JUL-2026 16:30:56","00:00:05"
"Religare Enterprises Limited","30.56","69.44","0","-","30-JUN-2026","21-JUL-2026",,"https://nsearchives.nseindia.com/corporate/xbrl/SHP_1698315_21072026043015_WEB.xml","21-JUL-2026 16:30:20","21-JUL-2026 16:30:24","00:00:04"
"Chalet Hotels Limited","67.29","32.71","0","-","30-JUN-2026","21-JUL-2026",,"https://nsearchives.nseindia.com/corporate/xbrl/SHP_1698311_21072026042952_WEB.xml","21-JUL-2026 16:29:59","21-JUL-2026 16:30:04","00:00:05"
"NDL Ventures Limited","66.2","33.8","0","-","30-JUN-2026","21-JUL-2026",,"https://nsearchives.nseindia.com/corporate/xbrl/SHP_1698310_21072026042915_WEB.xml","21-JUL-2026 16:29:20","21-JUL-2026 16:29:25","00:00:05"
"Om Freight Forwarders Limited","74.86","25.14","0","-","30-JUN-2026","21-JUL-2026",,"https://nsearchives.nseindia.com/corporate/xbrl/SHP_1698309_21072026042807_WEB.xml","21-JUL-2026 16:28:13","21-JUL-2026 16:28:16","00:00:03"
"Tata Communications Limited","58.86","41.14","0","-","30-JUN-2026","21-JUL-2026",,"https://nsearchives.nseindia.com/corporate/xbrl/SHP_1698308_21072026042805_WEB.xml","21-JUL-2026 16:28:14","21-JUL-2026 16:28:22","00:00:08"
"GMR Power and Urban Infra Limited","46.28","53.72","0","-","30-JUN-2026","21-JUL-2026",,"https://nsearchives.nseindia.com/corporate/xbrl/SHP_1698307_21072026042751_WEB.xml","21-JUL-2026 16:27:58","21-JUL-2026 16:28:05","00:00:07"
"Orient Technologies Limited","70.66","29.34","0","-","30-JUN-2026","21-JUL-2026",,"https://nsearchives.nseindia.com/corporate/xbrl/SHP_1698306_21072026042751_WEB.xml","21-JUL-2026 16:27:55","21-JUL-2026 16:27:59","00:00:04"
"Amines & Plasticizers Limited","73.17","26.83","0","-","30-JUN-2026","21-JUL-2026",,"https://nsearchives.nseindia.com/corporate/xbrl/SHP_1698305_21072026042733_WEB.xml","21-JUL-2026 16:27:39","21-JUL-2026 16:27:43","00:00:04"
"Sterling and Wilson Renewable Energy Limited","45.72","54.28","0","-","30-JUN-2026","21-JUL-2026",,"https://nsearchives.nseindia.com/corporate/xbrl/SHP_1698302_21072026042620_WEB.xml","21-JUL-2026 16:26:25","21-JUL-2026 16:26:29","00:00:04"
"Equippp Social Impact Technologies Limited","87.35","12.65","0","-","30-JUN-2026","21-JUL-2026",,"https://nsearchives.nseindia.com/corporate/xbrl/SHP_1698298_21072026042402_WEB.xml","21-JUL-2026 16:24:06","21-JUL-2026 16:24:10","00:00:04"
"SBC Exports Limited","50.28","49.72","0","-","30-JUN-2026","21-JUL-2026",,"https://nsearchives.nseindia.com/corporate/xbrl/SHP_1698295_21072026042255_WEB.xml","21-JUL-2026 16:22:59","21-JUL-2026 16:23:04","00:00:05"
"JINDAL STEEL LIMITED","62.69","37.09","0.22","-","30-JUN-2026","21-JUL-2026",,"https://nsearchives.nseindia.com/corporate/xbrl/SHP_1698293_21072026042048_WEB.xml","21-JUL-2026 16:20:55","21-JUL-2026 16:20:59","00:00:04"
"GPT Healthcare Limited","65.57","34.43","0","-","30-JUN-2026","21-JUL-2026",,"https://nsearchives.nseindia.com/corporate/xbrl/SHP_1698288_21072026041734_WEB.xml","21-JUL-2026 16:17:40","21-JUL-2026 16:17:45","00:00:05"
"General Insurance Corporation of India","77.4","22.6","0","-","30-JUN-2026","21-JUL-2026",,"https://nsearchives.nseindia.com/corporate/xbrl/SHP_1698286_21072026041543_WEB.xml","21-JUL-2026 16:15:46","21-JUL-2026 16:15:51","00:00:05"
"GPT Infraprojects Limited","69.37","30.63","0","-","30-JUN-2026","21-JUL-2026",,"https://nsearchives.nseindia.com/corporate/xbrl/SHP_1698285_21072026041509_WEB.xml","21-JUL-2026 16:15:15","21-JUL-2026 16:15:20","00:00:05"
"Anuh Pharma Limited","71.8","28.2","0","-","30-JUN-2026","21-JUL-2026",,"https://nsearchives.nseindia.com/corporate/xbrl/SHP_1698282_21072026041416_WEB.xml","21-JUL-2026 16:14:23","21-JUL-2026 16:14:27","00:00:04"
"Fortis Healthcare Limited","31.17","68.83","0","-","30-JUN-2026","21-JUL-2026",,"https://nsearchives.nseindia.com/corporate/xbrl/SHP_1698280_21072026041356_WEB.xml","21-JUL-2026 16:14:00","21-JUL-2026 16:14:06","00:00:06"
"Greenply Industries Limited","51.93","48.07","0","-","30-JUN-2026","21-JUL-2026",,"https://nsearchives.nseindia.com/corporate/xbrl/SHP_1698277_21072026041328_WEB.xml","21-JUL-2026 16:13:35","21-JUL-2026 16:13:39","00:00:04"
"Balmer Lawrie & Company Limited","0","100","0","-","30-JUN-2026","21-JUL-2026",,"https://nsearchives.nseindia.com/corporate/xbrl/SHP_1698273_21072026041223_WEB.xml","21-JUL-2026 16:12:27","21-JUL-2026 16:12:30","00:00:03"
"LEEL Electricals Limited","69.15","30.85","0","-","30-JUN-2026","21-JUL-2026",,"https://nsearchives.nseindia.com/corporate/xbrl/SHP_1698266_21072026041000_WEB.xml","21-JUL-2026 16:10:05","21-JUL-2026 16:10:10","00:00:05"
"Swaraj Engines Limited","52.11","47.89","0","-","30-JUN-2026","21-JUL-2026",,"https://nsearchives.nseindia.com/corporate/xbrl/SHP_1698264_21072026040855_WEB.xml","21-JUL-2026 16:09:01","21-JUL-2026 16:09:06","00:00:05"
"Aarti Surfactants Limited","49.84","50.16","0","Revised","30-JUN-2026","21-JUL-2026","30-JUL-2026","https://nsearchives.nseindia.com/corporate/xbrl/SHP_1704735_30072026111122_WEB.xml","30-JUL-2026 11:58:16","30-JUL-2026 11:58:21","00:00:05"
"APL Apollo Tubes Limited","28.25","71.75","0","-","30-JUN-2026","21-JUL-2026",,"https://nsearchives.nseindia.com/corporate/xbrl/SHP_1698262_21072026040733_WEB.xml","21-JUL-2026 16:07:38","21-JUL-2026 16:07:42","00:00:04"
"Mahindra Lifespace Developers Limited","52.41","47.59","0","-","30-JUN-2026","21-JUL-2026",,"https://nsearchives.nseindia.com/corporate/xbrl/SHP_1698257_21072026040410_WEB.xml","21-JUL-2026 16:04:17","21-JUL-2026 16:04:21","00:00:04"
"Dynamic Cables Limited","68.18","31.82","0","Revised","30-JUN-2026","21-JUL-2026","24-JUL-2026","https://nsearchives.nseindia.com/corporate/xbrl/SHP_1701034_24072026060336_WEB.xml","24-JUL-2026 18:04:34","24-JUL-2026 18:04:38","00:00:04"
"Sutlej Textiles and Industries Limited","63.96","36.04","0","-","30-JUN-2026","21-JUL-2026",,"https://nsearchives.nseindia.com/corporate/xbrl/SHP_1698247_21072026040119_WEB.xml","21-JUL-2026 16:01:24","21-JUL-2026 16:01:29","00:00:05"
"India Nippon Electricals Limited","70.37","29.63","0","-","30-JUN-2026","21-JUL-2026",,"https://nsearchives.nseindia.com/corporate/xbrl/SHP_1698243_21072026035853_WEB.xml","21-JUL-2026 15:58:58","21-JUL-2026 15:59:02","00:00:04"
"Ram Ratna Wires Limited","69.3","30.7","0","-","30-JUN-2026","21-JUL-2026",,"https://nsearchives.nseindia.com/corporate/xbrl/SHP_1698240_21072026035814_WEB.xml","21-JUL-2026 15:58:20","21-JUL-2026 15:58:24","00:00:04"
"BCPL Railway Infrastructure Limited","72.87","27.13","0","-","30-JUN-2026","21-JUL-2026",,"https://nsearchives.nseindia.com/corporate/xbrl/SHP_1698238_21072026035654_WEB.xml","21-JUL-2026 15:56:58","21-JUL-2026 15:57:03","00:00:05"
"Rossari Biotech Limited","68.14","31.86","0","-","30-JUN-2026","21-JUL-2026",,"https://nsearchives.nseindia.com/corporate/xbrl/SHP_1698234_21072026035617_WEB.xml","21-JUL-2026 15:56:23","21-JUL-2026 15:56:27","00:00:04"
"Faze Three Limited","58.01","41.8","0.2","-","30-JUN-2026","21-JUL-2026",,"https://nsearchives.nseindia.com/corporate/xbrl/SHP_1698232_21072026035611_WEB.xml","21-JUL-2026 15:56:16","21-JUL-2026 15:56:20","00:00:04"
"DCM Shriram Fine Chemicals Limited","50.11","49.89","0","-","30-JUN-2026","21-JUL-2026",,"https://nsearchives.nseindia.com/corporate/xbrl/SHP_1698231_21072026035448_WEB.xml","21-JUL-2026 15:54:51","21-JUL-2026 15:54:55","00:00:04"
"Tata Power Company Limited","46.86","53.14","0","-","30-JUN-2026","21-JUL-2026",,"https://nsearchives.nseindia.com/corporate/xbrl/SHP_1698230_21072026035332_WEB.xml","21-JUL-2026 15:53:42","21-JUL-2026 15:53:46","00:00:04"
"Hindustan Composites Limited","74.98","25.02","0","-","30-JUN-2026","21-JUL-2026",,"https://nsearchives.nseindia.com/corporate/xbrl/SHP_1698229_21072026035330_WEB.xml","21-JUL-2026 15:53:36","21-JUL-2026 15:53:40","00:00:04"
"Jindal Photo Limited","74.2","25.8","0","-","30-JUN-2026","21-JUL-2026",,"https://nsearchives.nseindia.com/corporate/xbrl/SHP_1698228_21072026035322_WEB.xml","21-JUL-2026 15:53:28","21-JUL-2026 15:53:33","00:00:05"
"Tejas Networks Limited","53.33","46.56","0.12","-","30-JUN-2026","21-JUL-2026",,"https://nsearchives.nseindia.com/corporate/xbrl/SHP_1698225_21072026035203_WEB.xml","21-JUL-2026 15:52:09","21-JUL-2026 15:52:14","00:00:05"
"IIFL Capital Services Limited","30.67","69.33","0","-","30-JUN-2026","21-JUL-2026",,"https://nsearchives.nseindia.com/corporate/xbrl/SHP_1698222_21072026035029_WEB.xml","21-JUL-2026 15:50:36","21-JUL-2026 15:50:40","00:00:04"
"Safari Industries (India) Limited","44.7","55.3","0","-","30-JUN-2026","21-JUL-2026",,"https://nsearchives.nseindia.com/corporate/xbrl/SHP_1698219_21072026034851_WEB.xml","21-JUL-2026 15:48:57","21-JUL-2026 15:49:01","00:00:04"
"Refex Industries Limited","56.57","43.43","0","Revised","30-JUN-2026","21-JUL-2026","04-SEP-2026","https://nsearchives.nseindia.com/corporate/xbrl/SHP_1721359_04092026042110_WEB.xml","04-SEP-2026 16:42:03","04-SEP-2026 16:42:07","00:00:04"
"OM INFRA LIMITED","67.05","32.95","0","-","30-JUN-2026","21-JUL-2026",,"https://nsearchives.nseindia.com/corporate/xbrl/SHP_1698208_21072026034504_WEB.xml","21-JUL-2026 15:45:10","21-JUL-2026 15:45:15","00:00:05"
"Hindustan Foods Limited","61.85","38.15","0","-","30-JUN-2026","21-JUL-2026",,"https://nsearchives.nseindia.com/corporate/xbrl/SHP_1698206_21072026034432_WEB.xml","21-JUL-2026 15:44:41","21-JUL-2026 15:44:46","00:00:05"
"Tata Consultancy Services Limited","71.77","28.23","0","-","30-JUN-2026","21-JUL-2026",,"https://nsearchives.nseindia.com/corporate/xbrl/SHP_1698205_21072026034350_WEB.xml","21-JUL-2026 15:44:00","21-JUL-2026 15:44:06","00:00:06"
"Godavari Biorefineries Limited","63.31","36.69","0","-","30-JUN-2026","21-JUL-2026",,"https://nsearchives.nseindia.com/corporate/xbrl/SHP_1698197_21072026034014_WEB.xml","21-JUL-2026 15:40:19","21-JUL-2026 15:40:26","00:00:07"
"Triveni Engineering & Industries Limited","60.58","39.42","0","-","30-JUN-2026","21-JUL-2026",,"https://nsearchives.nseindia.com/corporate/xbrl/SHP_1698196_21072026034011_WEB.xml","21-JUL-2026 15:40:17","21-JUL-2026 15:40:21","00:00:04"
"B&B Triplewall Containers Limited","73.76","26.24","0","-","30-JUN-2026","21-JUL-2026",,"https://nsearchives.nseindia.com/corporate/xbrl/SHP_1698192_21072026033919_WEB.xml","21-JUL-2026 15:39:22","21-JUL-2026 15:39:26","00:00:04"
"ICICI Prudential Asset Management Company Limited","87.6","12.4","0","Revised","30-JUN-2026","21-JUL-2026","03-SEP-2026","https://nsearchives.nseindia.com/corporate/xbrl/SHP_1721015_03092026074309_WEB.xml","04-SEP-2026 10:49:04","04-SEP-2026 10:49:09","00:00:05"
"Kirloskar Oil Engines Limited","41.07","58.93","0","-","30-JUN-2026","21-JUL-2026",,"https://nsearchives.nseindia.com/corporate/xbrl/SHP_1698188_21072026033833_WEB.xml","21-JUL-2026 15:38:42","21-JUL-2026 15:38:47","00:00:05"
"IL&FS Transportation Networks Limited","73.22","26.78","0","-","30-JUN-2026","21-JUL-2026",,"https://nsearchives.nseindia.com/corporate/xbrl/SHP_1698184_21072026033747_WEB.xml","21-JUL-2026 15:37:51","21-JUL-2026 15:37:55","00:00:04"
"Simbhaoli Sugars Limited","53.33","46.67","0","-","30-JUN-2026","21-JUL-2026",,"https://nsearchives.nseindia.com/corporate/xbrl/SHP_1698183_21072026033657_WEB.xml","21-JUL-2026 15:36:59","21-JUL-2026 15:37:04","00:00:05"
"Asahi India Glass Limited","51.57","48.43","0","-","30-JUN-2026","21-JUL-2026",,"https://nsearchives.nseindia.com/corporate/xbrl/SHP_1698182_21072026033651_WEB.xml","21-JUL-2026 15:37:01","21-JUL-2026 15:37:09","00:00:08"
"Vascon Engineers Limited","30.38","69.62","0","-","30-JUN-2026","21-JUL-2026",,"https://nsearchives.nseindia.com/corporate/xbrl/SHP_1698181_21072026033539_WEB.xml","21-JUL-2026 15:35:43","21-JUL-2026 15:35:48","00:00:05"
"Banka BioLoo Limited","52.02","47.98","0","-","30-JUN-2026","21-JUL-2026",,"https://nsearchives.nseindia.com/corporate/xbrl/SHP_1698169_21072026033351_WEB.xml","21-JUL-2026 15:33:54","21-JUL-2026 15:33:58","00:00:04"
"Walchandnagar Industries Limited","31.59","68.41","0","Revised","30-JUN-2026","21-JUL-2026","26-AUG-2026","https://nsearchives.nseindia.com/corporate/xbrl/SHP_1718072_26082026050141_WEB.xml","28-AUG-2026 12:38:09","28-AUG-2026 12:38:13","00:00:04"
"Uravi Defence and Technology Limited","45.01","54.99","0","-","30-JUN-2026","21-JUL-2026",,"https://nsearchives.nseindia.com/corporate/xbrl/SHP_1698161_21072026033109_WEB.xml","21-JUL-2026 15:31:15","21-JUL-2026 15:31:19","00:00:04"
"India Shelter Finance Corporation Limited","46.05","53.95","0","-","30-JUN-2026","21-JUL-2026",,"https://nsearchives.nseindia.com/corporate/xbrl/SHP_1698160_21072026033038_WEB.xml","21-JUL-2026 15:30:48","21-JUL-2026 15:30:53","00:00:05"
"Ravi Kumar Distilleries Limited","23.62","76.38","0","-","30-JUN-2026","21-JUL-2026",,"https://nsearchives.nseindia.com/corporate/xbrl/SHP_1698149_21072026032106_WEB.xml","21-JUL-2026 15:21:08","21-JUL-2026 15:21:13","00:00:05"
"GE Power India Limited","68.58","31.42","0","-","30-JUN-2026","21-JUL-2026",,"https://nsearchives.nseindia.com/corporate/xbrl/SHP_1698143_21072026031814_WEB.xml","21-JUL-2026 15:18:19","21-JUL-2026 15:18:23","00:00:04"
"63 moons technologies limited","45.63","54.37","0","-","30-JUN-2026","21-JUL-2026",,"https://nsearchives.nseindia.com/corporate/xbrl/SHP_1698137_21072026031350_WEB.xml","21-JUL-2026 15:13:54","21-JUL-2026 15:13:58","00:00:04"
"Bharatiya Global Infomedia Limited","48.46","51.54","0","-","30-JUN-2026","21-JUL-2026",,"https://nsearchives.nseindia.com/corporate/xbrl/SHP_1698130_21072026030946_WEB.xml","21-JUL-2026 15:09:49","21-JUL-2026 15:09:56","00:00:07"
"Dhanuka Agritech Limited","69.81","30.19","0","-","30-JUN-2026","21-JUL-2026",,"https://nsearchives.nseindia.com/corporate/xbrl/SHP_1698128_21072026030918_WEB.xml","21-JUL-2026 15:09:22","21-JUL-2026 15:09:27","00:00:05"
"Baazar Style Retail Limited","44.81","55.19","0","-","30-JUN-2026","21-JUL-2026",,"https://nsearchives.nseindia.com/corporate/xbrl/SHP_1698123_21072026030831_WEB.xml","21-JUL-2026 15:08:39","21-JUL-2026 15:08:44","00:00:05"
"Compuage Infocom Limited","42.65","57.35","0","-","30-JUN-2026","21-JUL-2026",,"https://nsearchives.nseindia.com/corporate/xbrl/SHP_1698122_21072026030808_WEB.xml","21-JUL-2026 15:08:11","21-JUL-2026 15:08:19","00:00:08"
"Pine Labs Limited","0","100","0","-","30-JUN-2026","21-JUL-2026",,"https://nsearchives.nseindia.com/corporate/xbrl/SHP_1698121_21072026030805_WEB.xml","21-JUL-2026 15:08:09","21-JUL-2026 15:08:14","00:00:05"
"Onward Technologies Limited","39.97","58.64","1.39","Revised","30-JUN-2026","21-JUL-2026","10-SEP-2026","https://nsearchives.nseindia.com/corporate/xbrl/SHP_1723230_10092026013414_WEB.xml","11-SEP-2026 12:05:51","11-SEP-2026 12:05:55","00:00:04"
"Protean eGov Technologies Limited","0","100","0","-","30-JUN-2026","21-JUL-2026",,"https://nsearchives.nseindia.com/corporate/xbrl/SHP_1698117_21072026030729_WEB.xml","21-JUL-2026 15:07:34","21-JUL-2026 15:07:39","00:00:05"
"Orbit Exports Limited","66.05","33.95","0","-","30-JUN-2026","21-JUL-2026",,"https://nsearchives.nseindia.com/corporate/xbrl/SHP_1698110_21072026030413_WEB.xml","21-JUL-2026 15:04:16","21-JUL-2026 15:04:21","00:00:05"
"Dalmia Bharat Limited","55.84","44.16","0","-","30-JUN-2026","21-JUL-2026",,"https://nsearchives.nseindia.com/corporate/xbrl/SHP_1698105_21072026030329_WEB.xml","21-JUL-2026 15:03:36","21-JUL-2026 15:03:40","00:00:04"
"Ballarpur Industries Limited","51","49","0","-","30-JUN-2026","21-JUL-2026",,"https://nsearchives.nseindia.com/corporate/xbrl/SHP_1698102_21072026030103_WEB.xml","21-JUL-2026 15:01:08","21-JUL-2026 15:01:12","00:00:04"
"Urban Company Limited","19.02","76.46","4.52","-","30-JUN-2026","21-JUL-2026",,"https://nsearchives.nseindia.com/corporate/xbrl/SHP_1698101_21072026030054_WEB.xml","21-JUL-2026 15:01:01","21-JUL-2026 15:01:06","00:00:05"
"Modi Rubber Limited","62.69","37.31","0","-","30-JUN-2026","21-JUL-2026",,"https://nsearchives.nseindia.com/corporate/xbrl/SHP_1698099_21072026030023_WEB.xml","21-JUL-2026 15:00:27","21-JUL-2026 15:00:32","00:00:05"
"Suvidhaa Infoserve Limited","38.33","61.67","0","-","30-JUN-2026","21-JUL-2026",,"https://nsearchives.nseindia.com/corporate/xbrl/SHP_1698096_21072026025852_WEB.xml","21-JUL-2026 14:58:58","21-JUL-2026 14:59:02","00:00:04"
"InterGlobe Aviation Limited","41.57","58.43","0","-","30-JUN-2026","21-JUL-2026",,"https://nsearchives.nseindia.com/corporate/xbrl/SHP_1698091_21072026025421_WEB.xml","21-JUL-2026 14:54:28","21-JUL-2026 14:54:32","00:00:04"
"Ramky Infrastructure Limited","69.81","30.19","0","-","30-JUN-2026","21-JUL-2026",,"https://nsearchives.nseindia.com/corporate/xbrl/SHP_1698086_21072026025203_WEB.xml","21-JUL-2026 14:52:07","21-JUL-2026 14:52:11","00:00:04"
"BGR Energy Systems Limited","51.01","48.99","0","-","30-JUN-2026","21-JUL-2026",,"https://nsearchives.nseindia.com/corporate/xbrl/SHP_1698080_21072026024825_WEB.xml","21-JUL-2026 14:48:30","21-JUL-2026 14:48:34","00:00:04"
"Sumit Woods Limited","60.85","39.15","0","-","30-JUN-2026","21-JUL-2026",,"https://nsearchives.nseindia.com/corporate/xbrl/SHP_1698079_21072026024623_WEB.xml","21-JUL-2026 14:46:28","21-JUL-2026 14:46:33","00:00:05"
"Max Estates Limited","45.26","54.74","0","-","30-JUN-2026","21-JUL-2026",,"https://nsearchives.nseindia.com/corporate/xbrl/SHP_1698078_21072026024611_WEB.xml","21-JUL-2026 14:46:17","21-JUL-2026 14:46:21","00:00:04"
"SIGMA ADVANCED SYSTEMS LIMITED","71.22","28.78","0","-","30-JUN-2026","21-JUL-2026",,"https://nsearchives.nseindia.com/corporate/xbrl/SHP_1698075_21072026024337_WEB.xml","21-JUL-2026 14:43:44","21-JUL-2026 14:43:47","00:00:03"
"Indef Manufacturing Limited","69.61","30.39","0","-","30-JUN-2026","21-JUL-2026",,"https://nsearchives.nseindia.com/corporate/xbrl/SHP_1698073_21072026024238_WEB.xml","21-JUL-2026 14:42:42","21-JUL-2026 14:42:46","00:00:04"
"Indus Towers Limited","51.26","48.71","0.04","-","30-JUN-2026","21-JUL-2026",,"https://nsearchives.nseindia.com/corporate/xbrl/SHP_1698070_21072026024107_WEB.xml","21-JUL-2026 14:41:13","21-JUL-2026 14:41:18","00:00:05"
"AKI India Limited","53.92","46.08","0","-","30-JUN-2026","21-JUL-2026",,"https://nsearchives.nseindia.com/corporate/xbrl/SHP_1698069_21072026024054_WEB.xml","21-JUL-2026 14:40:57","21-JUL-2026 14:41:01","00:00:04"
"Om Power Transmission Limited","69.05","30.95","0","-","30-JUN-2026","21-JUL-2026",,"https://nsearchives.nseindia.com/corporate/xbrl/SHP_1698066_21072026023804_WEB.xml","21-JUL-2026 14:38:09","21-JUL-2026 14:38:13","00:00:04"
"Sapphire Foods India Limited","26.07","73.93","0","-","30-JUN-2026","21-JUL-2026",,"https://nsearchives.nseindia.com/corporate/xbrl/SHP_1698063_21072026023716_WEB.xml","21-JUL-2026 14:37:21","21-JUL-2026 14:37:26","00:00:05"
"Health X Platform Limited","74.07","25.93","0","-","30-JUN-2026","21-JUL-2026",,"https://nsearchives.nseindia.com/corporate/xbrl/SHP_1698062_21072026023554_WEB.xml","21-JUL-2026 14:35:58","21-JUL-2026 14:36:02","00:00:04"
"Astec LifeSciences Limited","71.96","28.04","0","-","30-JUN-2026","21-JUL-2026",,"https://nsearchives.nseindia.com/corporate/xbrl/SHP_1698059_21072026023253_WEB.xml","21-JUL-2026 14:32:58","21-JUL-2026 14:33:02","00:00:04"
"Ritco Logistics Limited","62.68","36.78","0.53","-","30-JUN-2026","21-JUL-2026",,"https://nsearchives.nseindia.com/corporate/xbrl/SHP_1698058_21072026022931_WEB.xml","21-JUL-2026 14:29:35","21-JUL-2026 14:29:41","00:00:06"
"VMS TMT Limited","67.18","32.82","0","-","30-JUN-2026","21-JUL-2026",,"https://nsearchives.nseindia.com/corporate/xbrl/SHP_1698057_21072026022928_WEB.xml","21-JUL-2026 14:29:30","21-JUL-2026 14:29:35","00:00:05"
"GE Vernova T&D India Limited","51","49","0","-","30-JUN-2026","21-JUL-2026",,"https://nsearchives.nseindia.com/corporate/xbrl/SHP_1698055_21072026022731_WEB.xml","21-JUL-2026 14:27:38","21-JUL-2026 14:27:46","00:00:08"
"Afcons Infrastructure Limited","50.17","49.83","0","-","30-JUN-2026","21-JUL-2026",,"https://nsearchives.nseindia.com/corporate/xbrl/SHP_1698053_21072026022729_WEB.xml","21-JUL-2026 14:27:37","21-JUL-2026 14:27:41","00:00:04"
"HDFC Life Insurance Company Limited","50.54","49.44","0.02","-","30-JUN-2026","21-JUL-2026",,"https://nsearchives.nseindia.com/corporate/xbrl/SHP_1698049_21072026022625_WEB.xml","21-JUL-2026 14:26:30","21-JUL-2026 14:26:34","00:00:04"
"Cipla Limited","29.21","70.79","0","-","30-JUN-2026","21-JUL-2026",,"https://nsearchives.nseindia.com/corporate/xbrl/SHP_1698044_21072026022401_WEB.xml","21-JUL-2026 14:24:07","21-JUL-2026 14:24:14","00:00:07"
"Excel Industries Limited","51.86","48.14","0","-","30-JUN-2026","21-JUL-2026",,"https://nsearchives.nseindia.com/corporate/xbrl/SHP_1698043_21072026022344_WEB.xml","21-JUL-2026 14:23:50","21-JUL-2026 14:23:57","00:00:07"
"Crisil Limited","66.64","33.36","0","-","30-JUN-2026","21-JUL-2026",,"https://nsearchives.nseindia.com/corporate/xbrl/SHP_1698042_21072026022318_WEB.xml","21-JUL-2026 14:23:23","21-JUL-2026 14:23:28","00:00:05"
"Ducon Infratechnologies Limited","38.08","61.92","0","-","30-JUN-2026","21-JUL-2026",,"https://nsearchives.nseindia.com/corporate/xbrl/SHP_1698031_21072026021029_WEB.xml","21-JUL-2026 14:10:32","21-JUL-2026 14:10:37","00:00:05"
"Kirloskar Industries Limited","71.87","28.13","0","-","30-JUN-2026","21-JUL-2026",,"https://nsearchives.nseindia.com/corporate/xbrl/SHP_1698030_21072026020932_WEB.xml","21-JUL-2026 14:09:39","21-JUL-2026 14:09:44","00:00:05"
"Manali Petrochemicals Limited","44.86","55.14","0","-","30-JUN-2026","21-JUL-2026",,"https://nsearchives.nseindia.com/corporate/xbrl/SHP_1698028_21072026020809_WEB.xml","21-JUL-2026 14:08:15","21-JUL-2026 14:08:20","00:00:05"
"Caplin Point Laboratories Limited","70.57","29.43","0","-","30-JUN-2026","21-JUL-2026",,"https://nsearchives.nseindia.com/corporate/xbrl/SHP_1698023_21072026020631_WEB.xml","21-JUL-2026 14:06:35","21-JUL-2026 14:06:40","00:00:05"
"Lupin Limited","46.85","53.15","0","-","30-JUN-2026","21-JUL-2026",,"https://nsearchives.nseindia.com/corporate/xbrl/SHP_1698021_21072026020405_WEB.xml","21-JUL-2026 14:04:12","21-JUL-2026 14:04:17","00:00:05"
"Emcure Pharmaceuticals Limited","77.83","22.17","0","-","30-JUN-2026","21-JUL-2026",,"https://nsearchives.nseindia.com/corporate/xbrl/SHP_1698017_21072026020152_WEB.xml","21-JUL-2026 14:02:01","21-JUL-2026 14:02:06","00:00:05"
"Senco Gold Limited","64.47","35.53","0","-","30-JUN-2026","21-JUL-2026",,"https://nsearchives.nseindia.com/corporate/xbrl/SHP_1698016_21072026015956_WEB.xml","21-JUL-2026 14:00:02","21-JUL-2026 14:00:09","00:00:07"
"Rajesh Exports Limited","54.55","45.45","0","-","30-JUN-2026","21-JUL-2026",,"https://nsearchives.nseindia.com/corporate/xbrl/SHP_1698014_21072026015902_WEB.xml","21-JUL-2026 13:59:04","21-JUL-2026 13:59:09","00:00:05"
"Valor Estate Limited","47.17","52.83","0","-","30-JUN-2026","21-JUL-2026",,"https://nsearchives.nseindia.com/corporate/xbrl/SHP_1698007_21072026015142_WEB.xml","21-JUL-2026 13:51:50","21-JUL-2026 13:51:54","00:00:04"
"Rupa & Company Limited","73.28","26.72","0","-","30-JUN-2026","21-JUL-2026",,"https://nsearchives.nseindia.com/corporate/xbrl/SHP_1698000_21072026014116_WEB.xml","21-JUL-2026 13:41:21","21-JUL-2026 13:41:26","00:00:05"
"JSW Cement Limited","72.02","27.03","0.95","-","30-JUN-2026","21-JUL-2026",,"https://nsearchives.nseindia.com/corporate/xbrl/SHP_1697999_21072026014101_WEB.xml","21-JUL-2026 13:41:08","21-JUL-2026 13:41:12","00:00:04"
"Siemens Limited","75","25","0","-","30-JUN-2026","21-JUL-2026",,"https://nsearchives.nseindia.com/corporate/xbrl/SHP_1697998_21072026013957_WEB.xml","21-JUL-2026 13:40:03","21-JUL-2026 13:40:09","00:00:06"
"Jai Balaji Industries Limited","64.84","35.16","0","-","30-JUN-2026","21-JUL-2026",,"https://nsearchives.nseindia.com/corporate/xbrl/SHP_1697990_21072026013658_WEB.xml","21-JUL-2026 13:37:03","21-JUL-2026 13:37:07","00:00:04"
"Entero Healthcare Solutions Limited","52.4","47.6","0","Revised","30-JUN-2026","21-JUL-2026","07-SEP-2026","https://nsearchives.nseindia.com/corporate/xbrl/SHP_1722324_07092026091730_WEB.xml","08-SEP-2026 17:23:19","08-SEP-2026 17:23:24","00:00:05"
"Ksb Limited","69.8","30.2","0","-","30-JUN-2026","21-JUL-2026",,"https://nsearchives.nseindia.com/corporate/xbrl/SHP_1697984_21072026013349_WEB.xml","21-JUL-2026 13:33:55","21-JUL-2026 13:33:59","00:00:04"
"EIH Associated Hotels Limited","75","25","0","Revised","30-JUN-2026","21-JUL-2026","24-JUL-2026","https://nsearchives.nseindia.com/corporate/xbrl/SHP_1701226_24072026074616_WEB.xml","21-AUG-2026 11:46:31","21-AUG-2026 11:46:35","00:00:04"
"Container Corporation of India Limited","54.8","45.2","0","-","30-JUN-2026","21-JUL-2026",,"https://nsearchives.nseindia.com/corporate/xbrl/SHP_1697975_21072026012801_WEB.xml","21-JUL-2026 13:28:07","21-JUL-2026 13:28:11","00:00:04"
"Transindia Real Estate Limited","71.36","28.64","0","-","30-JUN-2026","21-JUL-2026",,"https://nsearchives.nseindia.com/corporate/xbrl/SHP_1697969_21072026012416_WEB.xml","21-JUL-2026 13:24:23","21-JUL-2026 13:24:27","00:00:04"
"ESAF Small Finance Bank Limited","63.25","36.75","0","-","30-JUN-2026","21-JUL-2026",,"https://nsearchives.nseindia.com/corporate/xbrl/SHP_1697954_21072026011427_WEB.xml","21-JUL-2026 13:14:33","21-JUL-2026 13:14:37","00:00:04"
"Halder Venture Limited","73.69","26.31","0","-","30-JUN-2026","21-JUL-2026",,"https://nsearchives.nseindia.com/corporate/xbrl/SHP_1697952_21072026011322_WEB.xml","21-JUL-2026 13:13:26","21-JUL-2026 13:13:31","00:00:05"
"Uniinfo Telecom Services Limited","50.91","49.09","0","-","30-JUN-2026","21-JUL-2026",,"https://nsearchives.nseindia.com/corporate/xbrl/SHP_1697949_21072026011233_WEB.xml","21-JUL-2026 13:12:36","21-JUL-2026 13:12:39","00:00:03"
"Prajay Engineers Syndicate Limited","36.8","63.2","0","-","30-JUN-2026","21-JUL-2026",,"https://nsearchives.nseindia.com/corporate/xbrl/SHP_1697939_21072026010923_WEB.xml","21-JUL-2026 13:09:27","21-JUL-2026 13:09:32","00:00:05"
"Greenlam Industries Limited","50.98","49.02","0","-","30-JUN-2026","21-JUL-2026",,"https://nsearchives.nseindia.com/corporate/xbrl/SHP_1697937_21072026010844_WEB.xml","21-JUL-2026 13:08:50","21-JUL-2026 13:08:54","00:00:04"
"Anupam Rasayan India Limited","59.07","40.93","0","-","30-JUN-2026","21-JUL-2026",,"https://nsearchives.nseindia.com/corporate/xbrl/SHP_1697930_21072026010616_WEB.xml","21-JUL-2026 13:06:21","21-JUL-2026 13:06:26","00:00:05"
"JITF Infralogistics Limited","63.03","36.97","0","-","30-JUN-2026","21-JUL-2026",,"https://nsearchives.nseindia.com/corporate/xbrl/SHP_1697927_21072026010248_WEB.xml","21-JUL-2026 13:02:54","21-JUL-2026 13:02:59","00:00:05"
"Biocon Limited","44.68","55.27","0.05","-","30-JUN-2026","21-JUL-2026",,"https://nsearchives.nseindia.com/corporate/xbrl/SHP_1697926_21072026125942_WEB.xml","21-JUL-2026 12:59:49","21-JUL-2026 12:59:54","00:00:05"
"Stel Holdings Limited","72.06","27.94","0","-","30-JUN-2026","21-JUL-2026",,"https://nsearchives.nseindia.com/corporate/xbrl/SHP_1697925_21072026125850_WEB.xml","21-JUL-2026 12:58:57","21-JUL-2026 12:59:02","00:00:05"
"Embassy Developments Limited","42.65","57.31","0.04","-","30-JUN-2026","21-JUL-2026",,"https://nsearchives.nseindia.com/corporate/xbrl/SHP_1697919_21072026125425_WEB.xml","21-JUL-2026 12:54:29","21-JUL-2026 12:54:34","00:00:05"
"Atcom Technologies Limited","14.1","85.9","0","-","30-JUN-2026","21-JUL-2026",,"https://nsearchives.nseindia.com/corporate/xbrl/SHP_1697917_21072026125300_WEB.xml","21-JUL-2026 12:53:02","21-JUL-2026 12:53:06","00:00:04"
"Gala Precision Engineering Limited","54.34","45.66","0","-","30-JUN-2026","21-JUL-2026",,"https://nsearchives.nseindia.com/corporate/xbrl/SHP_1697914_21072026125047_WEB.xml","21-JUL-2026 12:50:51","21-JUL-2026 12:50:55","00:00:04"
"Cyient Limited","23.28","76.25","0.47","Revised","30-JUN-2026","21-JUL-2026","04-AUG-2026","https://nsearchives.nseindia.com/corporate/xbrl/SHP_1707393_04082026012341_WEB.xml","04-AUG-2026 15:26:28","04-AUG-2026 15:26:33","00:00:05"
"Archidply Decor Limited","72.96","27.04","0","-","30-JUN-2026","21-JUL-2026",,"https://nsearchives.nseindia.com/corporate/xbrl/SHP_1697902_21072026124750_WEB.xml","21-JUL-2026 12:47:53","21-JUL-2026 12:47:58","00:00:05"
"Indo Count Industries Limited","58.74","41.26","0","-","30-JUN-2026","21-JUL-2026",,"https://nsearchives.nseindia.com/corporate/xbrl/SHP_1697898_21072026124719_WEB.xml","21-JUL-2026 12:47:25","21-JUL-2026 12:47:30","00:00:05"
"PVR INOX Limited","27.53","72.47","0","-","30-JUN-2026","21-JUL-2026",,"https://nsearchives.nseindia.com/corporate/xbrl/SHP_1697895_21072026124538_WEB.xml","21-JUL-2026 12:45:43","21-JUL-2026 12:45:48","00:00:05"
"Torrent Power Limited","51.09","48.91","0","-","30-JUN-2026","21-JUL-2026",,"https://nsearchives.nseindia.com/corporate/xbrl/SHP_1697887_21072026124035_WEB.xml","21-JUL-2026 12:40:41","21-JUL-2026 12:40:46","00:00:05"
"AURUS GEM CORPORATION LIMITED","36.37","63.63","0","-","30-JUN-2026","21-JUL-2026",,"https://nsearchives.nseindia.com/corporate/xbrl/SHP_1697884_21072026123912_WEB.xml","21-JUL-2026 12:39:14","21-JUL-2026 12:39:18","00:00:04"
"NGL Fine-Chem Limited","72.49","27.51","0","-","30-JUN-2026","21-JUL-2026",,"https://nsearchives.nseindia.com/corporate/xbrl/SHP_1697880_21072026123726_WEB.xml","21-JUL-2026 12:37:32","21-JUL-2026 12:37:39","00:00:07"
"GAIL (India) Limited","51.79","48.21","0","-","30-JUN-2026","21-JUL-2026",,"https://nsearchives.nseindia.com/corporate/xbrl/SHP_1697877_21072026123606_WEB.xml","21-JUL-2026 12:36:11","21-JUL-2026 12:36:15","00:00:04"
"Info Edge (India) Limited","37.47","62.44","0.08","-","30-JUN-2026","21-JUL-2026",,"https://nsearchives.nseindia.com/corporate/xbrl/SHP_1697876_21072026123605_WEB.xml","21-JUL-2026 12:36:13","21-JUL-2026 12:36:20","00:00:07"
"AAA Technologies Limited","34.38","65.62","0","-","30-JUN-2026","21-JUL-2026",,"https://nsearchives.nseindia.com/corporate/xbrl/SHP_1697869_21072026123249_WEB.xml","21-JUL-2026 12:32:52","21-JUL-2026 12:32:57","00:00:05"
"JNK India Limited","67.79","32.21","0","-","30-JUN-2026","21-JUL-2026",,"https://nsearchives.nseindia.com/corporate/xbrl/SHP_1697866_21072026123016_WEB.xml","21-JUL-2026 12:30:21","21-JUL-2026 12:30:26","00:00:05"
"Standard Industries Limited","20.31","79.69","0","-","30-JUN-2026","21-JUL-2026",,"https://nsearchives.nseindia.com/corporate/xbrl/SHP_1697865_21072026122856_WEB.xml","21-JUL-2026 12:29:00","21-JUL-2026 12:29:03","00:00:03"
"Panacea Biotec Limited","72.48","27.52","0","-","30-JUN-2026","21-JUL-2026",,"https://nsearchives.nseindia.com/corporate/xbrl/SHP_1697859_21072026122627_WEB.xml","21-JUL-2026 12:26:31","21-JUL-2026 12:26:35","00:00:04"
"Rossell Techsys Limited","74.8","25.2","0","-","30-JUN-2026","21-JUL-2026",,"https://nsearchives.nseindia.com/corporate/xbrl/SHP_1697857_21072026122442_WEB.xml","21-JUL-2026 12:24:47","21-JUL-2026 12:24:54","00:00:07"
"The Grob Tea Company Limited","74.99","25.01","0","-","30-JUN-2026","21-JUL-2026",,"https://nsearchives.nseindia.com/corporate/xbrl/SHP_1697856_21072026122442_WEB.xml","21-JUL-2026 12:24:45","21-JUL-2026 12:24:49","00:00:04"
"Karur Vysya Bank Limited","2.07","97.93","0","-","30-JUN-2026","21-JUL-2026",,"https://nsearchives.nseindia.com/corporate/xbrl/SHP_1697854_21072026122222_WEB.xml","21-JUL-2026 12:22:27","21-JUL-2026 12:22:32","00:00:05"
"Repro India Limited","46.71","53.29","0","-","30-JUN-2026","21-JUL-2026",,"https://nsearchives.nseindia.com/corporate/xbrl/SHP_1697852_21072026122122_WEB.xml","21-JUL-2026 12:21:27","21-JUL-2026 12:21:32","00:00:05"
"Jubilant Pharmova Limited","47.68","51.77","0.55","-","30-JUN-2026","21-JUL-2026",,"https://nsearchives.nseindia.com/corporate/xbrl/SHP_1697849_21072026121854_WEB.xml","21-JUL-2026 12:19:01","21-JUL-2026 12:19:06","00:00:05"
"Oswal Pumps Limited","75.65","24.35","0","-","30-JUN-2026","21-JUL-2026",,"https://nsearchives.nseindia.com/corporate/xbrl/SHP_1697845_21072026121831_WEB.xml","21-JUL-2026 12:18:39","21-JUL-2026 12:18:43","00:00:04"
"Aditya Birla Fashion and Retail Limited","46.61","53.08","0.31","Revised","30-JUN-2026","21-JUL-2026","03-AUG-2026","https://nsearchives.nseindia.com/corporate/xbrl/SHP_1706796_03082026123230_WEB.xml","06-AUG-2026 12:14:35","06-AUG-2026 12:14:41","00:00:06"
"Dhampur Sugar Mills Limited","49.87","50.13","0","-","30-JUN-2026","21-JUL-2026",,"https://nsearchives.nseindia.com/corporate/xbrl/SHP_1697843_21072026121751_WEB.xml","21-JUL-2026 12:17:56","21-JUL-2026 12:18:00","00:00:04"
"Viviana Power Tech Limited","70.79","29.21","0","-","30-JUN-2026","21-JUL-2026",,"https://nsearchives.nseindia.com/corporate/xbrl/SHP_1697842_21072026121641_WEB.xml","21-JUL-2026 12:16:44","21-JUL-2026 12:16:47","00:00:03"
"Ganesha Ecosphere Limited","39.33","60.45","0.22","-","30-JUN-2026","21-JUL-2026",,"https://nsearchives.nseindia.com/corporate/xbrl/SHP_1697839_21072026121550_WEB.xml","21-JUL-2026 12:15:57","21-JUL-2026 12:16:01","00:00:04"
"Ventive Hospitality Limited","88.98","11.02","0","-","30-JUN-2026","21-JUL-2026",,"https://nsearchives.nseindia.com/corporate/xbrl/SHP_1697838_21072026121443_WEB.xml","21-JUL-2026 12:14:47","21-JUL-2026 12:14:52","00:00:05"
"Oriental Aromatics Limited","74.17","25.83","0","-","30-JUN-2026","21-JUL-2026",,"https://nsearchives.nseindia.com/corporate/xbrl/SHP_1697837_21072026121413_WEB.xml","21-JUL-2026 12:14:20","21-JUL-2026 12:14:24","00:00:04"
"Paushak Limited","67.28","32.72","0","-","30-JUN-2026","21-JUL-2026",,"https://nsearchives.nseindia.com/corporate/xbrl/SHP_1697836_21072026121339_WEB.xml","21-JUL-2026 12:13:47","21-JUL-2026 12:13:52","00:00:05"
"Bharat Bijlee Limited","33.65","66.35","0","-","30-JUN-2026","21-JUL-2026",,"https://nsearchives.nseindia.com/corporate/xbrl/SHP_1697835_21072026121249_WEB.xml","21-JUL-2026 12:12:54","21-JUL-2026 12:12:59","00:00:05"
"Time Technoplast Limited","47.56","52.44","0","-","30-JUN-2026","21-JUL-2026",,"https://nsearchives.nseindia.com/corporate/xbrl/SHP_1697833_21072026121236_WEB.xml","21-JUL-2026 12:12:42","21-JUL-2026 12:12:46","00:00:04"
"Shree Rama Newsprint Limited","74.76","25.24","0","-","30-JUN-2026","21-JUL-2026",,"https://nsearchives.nseindia.com/corporate/xbrl/SHP_1697832_21072026121120_WEB.xml","21-JUL-2026 12:11:28","21-JUL-2026 12:11:32","00:00:04"
"PPAP Automotive Limited","64.3","35.7","0","-","30-JUN-2026","21-JUL-2026",,"https://nsearchives.nseindia.com/corporate/xbrl/SHP_1697831_21072026121038_WEB.xml","21-JUL-2026 12:10:43","21-JUL-2026 12:10:47","00:00:04"
"Hindustan Unilever Limited","61.9","38.1","0","-","30-JUN-2026","21-JUL-2026",,"https://nsearchives.nseindia.com/corporate/xbrl/SHP_1697830_21072026121013_WEB.xml","21-JUL-2026 12:10:19","21-JUL-2026 12:10:23","00:00:04"
"GKW Limited","75","25","0","-","30-JUN-2026","21-JUL-2026",,"https://nsearchives.nseindia.com/corporate/xbrl/SHP_1697829_21072026120904_WEB.xml","21-JUL-2026 12:09:11","21-JUL-2026 12:09:15","00:00:04"
"EIH Limited","32.85","67.15","0","-","30-JUN-2026","21-JUL-2026",,"https://nsearchives.nseindia.com/corporate/xbrl/SHP_1697827_21072026120829_WEB.xml","21-JUL-2026 12:08:36","21-JUL-2026 12:08:41","00:00:05"
"Adroit Infotech Limited","42.99","57.01","0","-","30-JUN-2026","21-JUL-2026",,"https://nsearchives.nseindia.com/corporate/xbrl/SHP_1697823_21072026120542_WEB.xml","21-JUL-2026 12:05:48","21-JUL-2026 12:05:53","00:00:05"
"Marathon Nextgen Realty Limited","56.42","43.58","0","-","30-JUN-2026","21-JUL-2026",,"https://nsearchives.nseindia.com/corporate/xbrl/SHP_1697822_21072026120502_WEB.xml","21-JUL-2026 12:05:06","21-JUL-2026 12:05:10","00:00:04"
"Nova Agritech Limited","59.41","37.88","2.7","Revised","30-JUN-2026","21-JUL-2026","15-SEP-2026","https://nsearchives.nseindia.com/corporate/xbrl/SHP_1724104_15092026123741_WEB.xml","15-SEP-2026 11:42:22","15-SEP-2026 11:42:27","00:00:05"
"Dc Infotech And Communication Limited","62.2","37.8","0","-","30-JUN-2026","21-JUL-2026",,"https://nsearchives.nseindia.com/corporate/xbrl/SHP_1697813_21072026115915_WEB.xml","21-JUL-2026 11:59:19","21-JUL-2026 11:59:23","00:00:04"
"KN Agri Resources Limited","68.86","31.14","0","Revised","30-JUN-2026","21-JUL-2026","14-SEP-2026","https://nsearchives.nseindia.com/corporate/xbrl/SHP_1724026_14092026025842_WEB.xml","15-SEP-2026 18:28:12","15-SEP-2026 18:28:17","00:00:05"
"SIS LIMITED","71.86","28.14","0","-","30-JUN-2026","21-JUL-2026",,"https://nsearchives.nseindia.com/corporate/xbrl/SHP_1697811_21072026115732_WEB.xml","21-JUL-2026 11:57:38","21-JUL-2026 11:57:42","00:00:04"
"BIL VYAPAR LIMITED","50.24","49.76","0","-","30-JUN-2026","21-JUL-2026",,"https://nsearchives.nseindia.com/corporate/xbrl/SHP_1697809_21072026115649_WEB.xml","21-JUL-2026 11:56:56","21-JUL-2026 11:57:00","00:00:04"
"Filatex India Limited","65.47","34.53","0","-","30-JUN-2026","21-JUL-2026",,"https://nsearchives.nseindia.com/corporate/xbrl/SHP_1697808_21072026115418_WEB.xml","21-JUL-2026 11:54:22","21-JUL-2026 11:54:26","00:00:04"
"The Ruby Mills Limited","74.9","25.1","0","-","30-JUN-2026","21-JUL-2026",,"https://nsearchives.nseindia.com/corporate/xbrl/SHP_1697805_21072026115154_WEB.xml","21-JUL-2026 11:51:59","21-JUL-2026 11:52:04","00:00:05"
"Wockhardt Limited","49.08","50.92","0","Revised","30-JUN-2026","21-JUL-2026","29-JUL-2026","https://nsearchives.nseindia.com/corporate/xbrl/SHP_1704130_29072026052023_WEB.xml","07-AUG-2026 17:26:12","07-AUG-2026 17:26:16","00:00:04"
"The Bombay Burmah Trading Corporation Limited","74.05","25.95","0","-","30-JUN-2026","21-JUL-2026",,"https://nsearchives.nseindia.com/corporate/xbrl/SHP_1697800_21072026114942_WEB.xml","21-JUL-2026 11:49:48","21-JUL-2026 11:49:53","00:00:05"
"SEDEMAC Mechatronics Limited","26.23","73.77","0","-","30-JUN-2026","21-JUL-2026",,"https://nsearchives.nseindia.com/corporate/xbrl/SHP_1697798_21072026114710_WEB.xml","21-JUL-2026 11:47:17","21-JUL-2026 11:47:21","00:00:04"
"Nandani Creation Limited","41.65","58.35","0","-","30-JUN-2026","21-JUL-2026",,"https://nsearchives.nseindia.com/corporate/xbrl/SHP_1697795_21072026114401_WEB.xml","21-JUL-2026 11:44:05","21-JUL-2026 11:44:09","00:00:04"
"Navkar Corporation Limited","70.37","29.63","0","-","30-JUN-2026","21-JUL-2026",,"https://nsearchives.nseindia.com/corporate/xbrl/SHP_1697793_21072026113708_WEB.xml","21-JUL-2026 11:37:13","21-JUL-2026 11:37:16","00:00:03"
"Gillette India Limited","75","25","0","-","30-JUN-2026","21-JUL-2026",,"https://nsearchives.nseindia.com/corporate/xbrl/SHP_1697792_21072026113643_WEB.xml","21-JUL-2026 11:36:49","21-JUL-2026 11:36:53","00:00:04"
"Global Surfaces Limited","73.25","26.75","0","-","30-JUN-2026","21-JUL-2026",,"https://nsearchives.nseindia.com/corporate/xbrl/SHP_1697790_21072026113626_WEB.xml","21-JUL-2026 11:36:31","21-JUL-2026 11:36:35","00:00:04"
"The Orissa Minerals Development Company Limited","50.01","49.99","0","-","30-JUN-2026","21-JUL-2026",,"https://nsearchives.nseindia.com/corporate/xbrl/SHP_1697782_21072026112847_WEB.xml","21-JUL-2026 11:28:49","21-JUL-2026 11:28:53","00:00:04"
"Den Networks Limited","74.9","25","0.1","-","30-JUN-2026","21-JUL-2026",,"https://nsearchives.nseindia.com/corporate/xbrl/SHP_1697779_21072026112744_WEB.xml","21-JUL-2026 11:27:48","21-JUL-2026 11:27:53","00:00:05"
"Aegis Vopak Terminals Limited","86.93","13.07","0","-","30-JUN-2026","21-JUL-2026",,"https://nsearchives.nseindia.com/corporate/xbrl/SHP_1697778_21072026112645_WEB.xml","21-JUL-2026 11:26:50","21-JUL-2026 11:26:54","00:00:04"
"GSP Crop Science Limited","71.73","28.27","0","-","30-JUN-2026","21-JUL-2026",,"https://nsearchives.nseindia.com/corporate/xbrl/SHP_1697777_21072026112606_WEB.xml","21-JUL-2026 11:26:11","21-JUL-2026 11:26:15","00:00:04"
"AU Small Finance Bank Limited","22.74","77.26","0","-","30-JUN-2026","21-JUL-2026",,"https://nsearchives.nseindia.com/corporate/xbrl/SHP_1697776_21072026112530_WEB.xml","21-JUL-2026 11:25:36","21-JUL-2026 11:25:40","00:00:04"
"Algoquant Fintech Limited","73.68","26.32","0","-","30-JUN-2026","21-JUL-2026",,"https://nsearchives.nseindia.com/corporate/xbrl/SHP_1697773_21072026112509_WEB.xml","21-JUL-2026 11:25:13","21-JUL-2026 11:25:17","00:00:04"
"PTC Industries Limited","59.72","40.28","0","-","30-JUN-2026","21-JUL-2026",,"https://nsearchives.nseindia.com/corporate/xbrl/SHP_1697764_21072026111837_WEB.xml","21-JUL-2026 11:18:43","21-JUL-2026 11:18:47","00:00:04"
"Carborundum Universal Limited","38.89","61.11","0","-","30-JUN-2026","21-JUL-2026",,"https://nsearchives.nseindia.com/corporate/xbrl/SHP_1697761_21072026111336_WEB.xml","21-JUL-2026 11:13:43","21-JUL-2026 11:13:47","00:00:04"
"Orient Electric Limited","38.31","61.69","0","-","30-JUN-2026","21-JUL-2026",,"https://nsearchives.nseindia.com/corporate/xbrl/SHP_1697752_21072026110544_WEB.xml","21-JUL-2026 11:05:53","21-JUL-2026 11:05:57","00:00:04"
"Aegis Logistics Limited","58.1","41.9","0","-","30-JUN-2026","21-JUL-2026",,"https://nsearchives.nseindia.com/corporate/xbrl/SHP_1697751_21072026110533_WEB.xml","21-JUL-2026 11:05:39","21-JUL-2026 11:05:45","00:00:06"
"Deepak Nitrite Limited","49.34","50.66","0","-","30-JUN-2026","21-JUL-2026",,"https://nsearchives.nseindia.com/corporate/xbrl/SHP_1697750_21072026110530_WEB.xml","21-JUL-2026 11:05:35","21-JUL-2026 11:05:39","00:00:04"
"CL Educate Limited","51.78","48.22","0","-","30-JUN-2026","21-JUL-2026",,"https://nsearchives.nseindia.com/corporate/xbrl/SHP_1697749_21072026110524_WEB.xml","21-JUL-2026 11:05:28","21-JUL-2026 11:05:33","00:00:05"
"Sarveshwar Foods Limited","40.87","59.13","0","-","30-JUN-2026","21-JUL-2026",,"https://nsearchives.nseindia.com/corporate/xbrl/SHP_1697748_21072026110503_WEB.xml","21-JUL-2026 11:05:07","21-JUL-2026 11:05:11","00:00:04"
"Krishna Institute of Medical Sciences Limited","32.5","67.5","0","-","30-JUN-2026","21-JUL-2026",,"https://nsearchives.nseindia.com/corporate/xbrl/SHP_1697747_21072026110424_WEB.xml","21-JUL-2026 11:04:28","21-JUL-2026 11:04:34","00:00:06"
"Shyam Telecom Limited","66.16","33.84","0","-","30-JUN-2026","21-JUL-2026",,"https://nsearchives.nseindia.com/corporate/xbrl/SHP_1697746_21072026110420_WEB.xml","21-JUL-2026 11:04:24","21-JUL-2026 11:04:28","00:00:04"
"Celebrity Fashions Limited","33.15","66.85","0","-","30-JUN-2026","21-JUL-2026",,"https://nsearchives.nseindia.com/corporate/xbrl/SHP_1697745_21072026110403_WEB.xml","21-JUL-2026 11:04:07","21-JUL-2026 11:04:12","00:00:05"
"Capillary Technologies India Limited","51.45","48.55","0","-","30-JUN-2026","21-JUL-2026",,"https://nsearchives.nseindia.com/corporate/xbrl/SHP_1697743_21072026110130_WEB.xml","21-JUL-2026 11:01:35","21-JUL-2026 11:01:39","00:00:04"
"GTL Infrastructure Limited","3.28","96.72","0","-","30-JUN-2026","21-JUL-2026",,"https://nsearchives.nseindia.com/corporate/xbrl/SHP_1697739_21072026105958_WEB.xml","21-JUL-2026 11:00:04","21-JUL-2026 11:00:10","00:00:06"
"Tata Investment Corporation Limited","73.38","26.62","0","Revised","30-JUN-2026","21-JUL-2026","30-JUL-2026","https://nsearchives.nseindia.com/corporate/xbrl/SHP_1705209_30072026044751_WEB.xml","03-AUG-2026 13:03:22","03-AUG-2026 13:03:27","00:00:05"
"Rajdarshan Industries Limited","63.66","36.34","0","-","30-JUN-2026","21-JUL-2026",,"https://nsearchives.nseindia.com/corporate/xbrl/SHP_1697736_21072026105722_WEB.xml","21-JUL-2026 10:57:26","21-JUL-2026 10:57:31","00:00:05"
"Ganges Securities Limited","66.64","33.36","0","-","30-JUN-2026","21-JUL-2026",,"https://nsearchives.nseindia.com/corporate/xbrl/SHP_1697733_21072026105410_WEB.xml","21-JUL-2026 10:54:16","21-JUL-2026 10:54:20","00:00:04"
"Gretex Corporate Services Limited","61.64","38.36","0","Revised","30-JUN-2026","21-JUL-2026","11-SEP-2026","https://nsearchives.nseindia.com/corporate/xbrl/SHP_1723481_11092026121212_WEB.xml","11-SEP-2026 12:38:59","11-SEP-2026 12:39:04","00:00:05"
"Anand Rathi Share and Stock Brokers Limited","69.62","30.38","0","-","30-JUN-2026","21-JUL-2026",,"https://nsearchives.nseindia.com/corporate/xbrl/SHP_1697730_21072026105150_WEB.xml","21-JUL-2026 10:51:56","21-JUL-2026 10:52:01","00:00:05"
"Rallis India Limited","55.08","44.92","0","-","30-JUN-2026","21-JUL-2026",,"https://nsearchives.nseindia.com/corporate/xbrl/SHP_1697727_21072026105039_WEB.xml","21-JUL-2026 10:50:46","21-JUL-2026 10:50:50","00:00:04"
"The Anup Engineering Limited","40.92","59.08","0","-","30-JUN-2026","21-JUL-2026",,"https://nsearchives.nseindia.com/corporate/xbrl/SHP_1697724_21072026104733_WEB.xml","21-JUL-2026 10:47:41","21-JUL-2026 10:47:45","00:00:04"
"Greenpanel Industries Limited","53.26","46.74","0","-","30-JUN-2026","21-JUL-2026",,"https://nsearchives.nseindia.com/corporate/xbrl/SHP_1697723_21072026104537_WEB.xml","21-JUL-2026 10:45:41","21-JUL-2026 10:45:45","00:00:04"
"TRF Limited","34.12","65.88","0","-","30-JUN-2026","21-JUL-2026",,"https://nsearchives.nseindia.com/corporate/xbrl/SHP_1697717_21072026104002_WEB.xml","21-JUL-2026 10:40:08","21-JUL-2026 10:40:12","00:00:04"
"Sai Parenterals Limited","51.16","48.84","0","-","30-JUN-2026","21-JUL-2026",,"https://nsearchives.nseindia.com/corporate/xbrl/SHP_1697716_21072026103623_WEB.xml","21-JUL-2026 10:36:27","21-JUL-2026 10:36:31","00:00:04"
"Likhitha Infrastructure Limited","70.25","29.75","0","-","30-JUN-2026","21-JUL-2026",,"https://nsearchives.nseindia.com/corporate/xbrl/SHP_1697713_21072026103235_WEB.xml","21-JUL-2026 10:32:40","21-JUL-2026 10:32:44","00:00:04"
"Interarch Building Solutions Limited","59.43","40.57","0","-","30-JUN-2026","21-JUL-2026",,"https://nsearchives.nseindia.com/corporate/xbrl/SHP_1697712_21072026103132_WEB.xml","21-JUL-2026 10:31:38","21-JUL-2026 10:31:43","00:00:05"
"BirlaNu Limited","40.57","59.43","0","-","30-JUN-2026","21-JUL-2026",,"https://nsearchives.nseindia.com/corporate/xbrl/SHP_1697711_21072026102747_WEB.xml","21-JUL-2026 10:27:52","21-JUL-2026 10:27:56","00:00:04"
"C & C Constructions Limited","32.36","67.64","0","-","30-JUN-2026","21-JUL-2026",,"https://nsearchives.nseindia.com/corporate/xbrl/SHP_1697707_21072026102446_WEB.xml","21-JUL-2026 10:24:49","21-JUL-2026 10:24:54","00:00:05"
"Precision Camshafts Limited","65.37","34.63","0","-","30-JUN-2026","21-JUL-2026",,"https://nsearchives.nseindia.com/corporate/xbrl/SHP_1697706_21072026102247_WEB.xml","21-JUL-2026 10:22:51","21-JUL-2026 10:22:55","00:00:04"
"Jash Engineering Limited","43.24","56.76","0","-","30-JUN-2026","21-JUL-2026",,"https://nsearchives.nseindia.com/corporate/xbrl/SHP_1697704_21072026101941_WEB.xml","21-JUL-2026 10:19:46","21-JUL-2026 10:19:51","00:00:05"
"Apollo Micro Systems Limited","49.98","50.02","0","-","30-JUN-2026","21-JUL-2026",,"https://nsearchives.nseindia.com/corporate/xbrl/SHP_1697701_21072026100921_WEB.xml","21-JUL-2026 10:09:28","21-JUL-2026 10:09:32","00:00:04"
"Prime Securities Limited","0","100","0","-","30-JUN-2026","21-JUL-2026",,"https://nsearchives.nseindia.com/corporate/xbrl/SHP_1697700_21072026100802_WEB.xml","21-JUL-2026 10:08:10","21-JUL-2026 10:08:14","00:00:04"
"Hexa Tradex Limited","92.13","7.87","0","-","30-JUN-2026","21-JUL-2026",,"https://nsearchives.nseindia.com/corporate/xbrl/SHP_1697699_21072026100721_WEB.xml","21-JUL-2026 10:07:27","21-JUL-2026 10:07:31","00:00:04"
"Mankind Pharma Limited","72.63","27.37","0","-","30-JUN-2026","21-JUL-2026",,"https://nsearchives.nseindia.com/corporate/xbrl/SHP_1697698_21072026100612_WEB.xml","21-JUL-2026 10:06:19","21-JUL-2026 10:06:24","00:00:05"
"Capacit'e Infraprojects Limited","31.69","68.31","0","-","30-JUN-2026","21-JUL-2026",,"https://nsearchives.nseindia.com/corporate/xbrl/SHP_1697697_21072026100548_WEB.xml","21-JUL-2026 10:05:52","21-JUL-2026 10:05:57","00:00:05"
"MRF Limited","27.77","72.23","0","-","30-JUN-2026","21-JUL-2026",,"https://nsearchives.nseindia.com/corporate/xbrl/SHP_1697696_21072026100150_WEB.xml","21-JUL-2026 10:01:56","21-JUL-2026 10:02:01","00:00:05"
"NACL Industries Limited","53.69","46.31","0","-","30-JUN-2026","21-JUL-2026",,"https://nsearchives.nseindia.com/corporate/xbrl/SHP_1697693_21072026084119_WEB.xml","21-JUL-2026 08:41:25","21-JUL-2026 08:41:29","00:00:04"
"Apex Frozen Foods Limited","72.62","27.38","0","-","30-JUN-2026","21-JUL-2026",,"https://nsearchives.nseindia.com/corporate/xbrl/SHP_1697692_21072026082349_WEB.xml","21-JUL-2026 08:23:53","21-JUL-2026 08:23:57","00:00:04"
"Nazara Technologies Limited","34.25","65.75","0","Revised","30-JUN-2026","21-JUL-2026","16-SEP-2026","https://nsearchives.nseindia.com/corporate/xbrl/SHP_1724573_16092026032612_WEB.xml","18-SEP-2026 12:04:35","18-SEP-2026 12:04:40","00:00:05"
"Balaxi Ventures Limited","65.99","34.01","0","-","30-JUN-2026","21-JUL-2026",,"https://nsearchives.nseindia.com/corporate/xbrl/SHP_1697690_21072026070639_WEB.xml","21-JUL-2026 07:06:49","21-JUL-2026 07:06:53","00:00:04"
"Neuland Laboratories Limited","32.62","67.38","0","-","30-JUN-2026","20-JUL-2026",,"https://nsearchives.nseindia.com/corporate/xbrl/SHP_1696377_20072026085555_WEB.xml","20-JUL-2026 08:56:02","20-JUL-2026 08:56:07","00:00:05"
"The Indian Hotels Company Limited","38.12","61.88","0","-","30-JUN-2026","20-JUL-2026",,"https://nsearchives.nseindia.com/corporate/xbrl/SHP_1697682_20072026115559_WEB.xml","20-JUL-2026 23:56:08","20-JUL-2026 23:56:13","00:00:05"
"CG Power and Industrial Solutions Limited","56.36","43.64","0","-","30-JUN-2026","20-JUL-2026",,"https://nsearchives.nseindia.com/corporate/xbrl/SHP_1697681_20072026115513_WEB.xml","20-JUL-2026 23:55:22","20-JUL-2026 23:55:27","00:00:05"
"Gujarat Raffia Industries Limited","39.6","60.4","0","-","30-JUN-2026","20-JUL-2026",,"https://nsearchives.nseindia.com/corporate/xbrl/SHP_1697680_20072026114041_WEB.xml","20-JUL-2026 23:40:48","20-JUL-2026 23:40:53","00:00:05"
"MM Forgings Limited","56.34","43.66","0","-","30-JUN-2026","20-JUL-2026",,"https://nsearchives.nseindia.com/corporate/xbrl/SHP_1697679_20072026113820_WEB.xml","20-JUL-2026 23:38:27","20-JUL-2026 23:38:31","00:00:04"
"Cholamandalam Investment and Finance Company Limited","49.22","50.78","0","-","30-JUN-2026","20-JUL-2026",,"https://nsearchives.nseindia.com/corporate/xbrl/SHP_1697678_20072026113024_WEB.xml","20-JUL-2026 23:30:32","20-JUL-2026 23:30:36","00:00:04"
"Creative Eye Limited","56.26","43.74","0","-","30-JUN-2026","20-JUL-2026",,"https://nsearchives.nseindia.com/corporate/xbrl/SHP_1697661_20072026110820_WEB.xml","20-JUL-2026 23:08:23","20-JUL-2026 23:08:28","00:00:05"
"IRIS RegTech Solutions Limited","34.63","65.37","0","-","30-JUN-2026","20-JUL-2026",,"https://nsearchives.nseindia.com/corporate/xbrl/SHP_1697660_20072026110429_WEB.xml","20-JUL-2026 23:04:33","20-JUL-2026 23:04:38","00:00:05"
"Mahindra Logistics Limited","59.58","40.42","0","-","30-JUN-2026","20-JUL-2026",,"https://nsearchives.nseindia.com/corporate/xbrl/SHP_1697659_20072026110401_WEB.xml","20-JUL-2026 23:04:08","20-JUL-2026 23:04:12","00:00:04"
"Surana Solar Limited","45.75","54.25","0","-","30-JUN-2026","20-JUL-2026",,"https://nsearchives.nseindia.com/corporate/xbrl/SHP_1697657_20072026110043_WEB.xml","20-JUL-2026 23:00:46","20-JUL-2026 23:00:51","00:00:05"
"Mahindra & Mahindra Limited","18.45","78.08","3.47","-","30-JUN-2026","20-JUL-2026",,"https://nsearchives.nseindia.com/corporate/xbrl/SHP_1697646_20072026103857_WEB.xml","20-JUL-2026 22:39:06","20-JUL-2026 22:39:10","00:00:04"
"Tata Steel Limited","32.94","67.06","0","-","30-JUN-2026","20-JUL-2026",,"https://nsearchives.nseindia.com/corporate/xbrl/SHP_1697643_20072026103745_WEB.xml","20-JUL-2026 22:37:54","20-JUL-2026 22:37:58","00:00:04"
"Ddev Plastiks Industries Limited","75","25","0","-","30-JUN-2026","20-JUL-2026",,"https://nsearchives.nseindia.com/corporate/xbrl/SHP_1697642_20072026103629_WEB.xml","20-JUL-2026 22:36:34","20-JUL-2026 22:36:38","00:00:04"
"Nippon Life India Asset Management Limited","71.8","28.2","0","-","30-JUN-2026","20-JUL-2026",,"https://nsearchives.nseindia.com/corporate/xbrl/SHP_1697639_20072026102909_WEB.xml","20-JUL-2026 22:29:15","20-JUL-2026 22:29:19","00:00:04"
"Coforge Limited","0","100","0","-","30-JUN-2026","20-JUL-2026",,"https://nsearchives.nseindia.com/corporate/xbrl/SHP_1697638_20072026102839_WEB.xml","20-JUL-2026 22:28:45","20-JUL-2026 22:28:49","00:00:04"
"Cubex Tubings Limited","44.42","55.58","0","-","30-JUN-2026","20-JUL-2026",,"https://nsearchives.nseindia.com/corporate/xbrl/SHP_1697636_20072026102712_WEB.xml","20-JUL-2026 22:27:15","20-JUL-2026 22:27:19","00:00:04"
"Sona BLW Precision Forgings Limited","28.01","71.99","0","Revised","30-JUN-2026","20-JUL-2026","29-JUL-2026","https://nsearchives.nseindia.com/corporate/xbrl/SHP_1704131_29072026052053_WEB.xml","07-AUG-2026 17:21:15","07-AUG-2026 17:21:19","00:00:04"
"Smartworks Coworking Spaces Limited","58.32","41.68","0","-","30-JUN-2026","20-JUL-2026",,"https://nsearchives.nseindia.com/corporate/xbrl/SHP_1697629_20072026101120_WEB.xml","20-JUL-2026 22:11:26","20-JUL-2026 22:11:30","00:00:04"
"Avalon Technologies Limited","44.39","55.61","0","-","30-JUN-2026","20-JUL-2026",,"https://nsearchives.nseindia.com/corporate/xbrl/SHP_1697628_20072026100350_WEB.xml","20-JUL-2026 22:04:00","20-JUL-2026 22:04:05","00:00:05"
"Centrum Capital Limited","39.44","58.06","2.5","-","30-JUN-2026","20-JUL-2026",,"https://nsearchives.nseindia.com/corporate/xbrl/SHP_1697625_20072026100219_WEB.xml","20-JUL-2026 22:02:24","20-JUL-2026 22:02:28","00:00:04"
"Power & Instrumentation (Gujarat) Limited","50.69","49.31","0","Revised","30-JUN-2026","20-JUL-2026","08-SEP-2026","https://nsearchives.nseindia.com/corporate/xbrl/SHP_1722427_08092026010021_WEB.xml","09-SEP-2026 16:14:57","09-SEP-2026 16:15:01","00:00:04"
"Gujarat Themis Biosyn Limited","70.86","29.14","0","-","30-JUN-2026","20-JUL-2026",,"https://nsearchives.nseindia.com/corporate/xbrl/SHP_1697617_20072026094617_WEB.xml","20-JUL-2026 21:46:23","20-JUL-2026 21:46:27","00:00:04"
"PVP Ventures Limited","61.3","38.7","0","-","30-JUN-2026","20-JUL-2026",,"https://nsearchives.nseindia.com/corporate/xbrl/SHP_1697616_20072026094554_WEB.xml","20-JUL-2026 21:46:00","20-JUL-2026 21:46:05","00:00:05"
"Vaishali Pharma Limited","31.61","68.39","0","-","30-JUN-2026","20-JUL-2026",,"https://nsearchives.nseindia.com/corporate/xbrl/SHP_1697609_20072026093157_WEB.xml","20-JUL-2026 21:32:00","20-JUL-2026 21:32:05","00:00:05"
"Bajel Projects Limited","62.53","37.47","0","-","30-JUN-2026","20-JUL-2026",,"https://nsearchives.nseindia.com/corporate/xbrl/SHP_1697607_20072026092819_WEB.xml","20-JUL-2026 21:28:29","20-JUL-2026 21:28:33","00:00:04"
"JM Financial Limited","57.03","42.97","0","-","30-JUN-2026","20-JUL-2026",,"https://nsearchives.nseindia.com/corporate/xbrl/SHP_1697604_20072026092603_WEB.xml","20-JUL-2026 21:26:07","20-JUL-2026 21:26:11","00:00:04"
"S&S Power Switchgears Limited","74.97","25.03","0","-","30-JUN-2026","20-JUL-2026",,"https://nsearchives.nseindia.com/corporate/xbrl/SHP_1697595_20072026091126_WEB.xml","20-JUL-2026 21:11:32","20-JUL-2026 21:11:36","00:00:04"
"Jaro Institute of Technology Management and Research Limited","61.43","36.77","1.79","-","30-JUN-2026","20-JUL-2026",,"https://nsearchives.nseindia.com/corporate/xbrl/SHP_1697589_20072026090230_WEB.xml","20-JUL-2026 21:02:37","20-JUL-2026 21:02:42","00:00:05"
"GNG Electronics Limited","74.77","25.23","0","Revised","30-JUN-2026","20-JUL-2026","29-JUL-2026","https://nsearchives.nseindia.com/corporate/xbrl/SHP_1703621_29072026115536_WEB.xml","07-AUG-2026 17:34:38","07-AUG-2026 17:34:43","00:00:05"
"Vaibhav Global Limited","57.33","42.64","0.03","-","30-JUN-2026","20-JUL-2026",,"https://nsearchives.nseindia.com/corporate/xbrl/SHP_1697584_20072026085646_WEB.xml","20-JUL-2026 20:56:50","20-JUL-2026 20:56:54","00:00:04"
"EFC (I) Limited","56.08","43.92","0","-","30-JUN-2026","20-JUL-2026",,"https://nsearchives.nseindia.com/corporate/xbrl/SHP_1697579_20072026084749_WEB.xml","20-JUL-2026 20:47:53","20-JUL-2026 20:47:57","00:00:04"
"Authum Investment & Infrastructure Limited","68.81","31.19","0","-","30-JUN-2026","20-JUL-2026",,"https://nsearchives.nseindia.com/corporate/xbrl/SHP_1697577_20072026084500_WEB.xml","20-JUL-2026 20:45:05","20-JUL-2026 20:45:09","00:00:04"
"Gem Aromatics Limited","57.45","42.55","0","-","30-JUN-2026","20-JUL-2026",,"https://nsearchives.nseindia.com/corporate/xbrl/SHP_1697576_20072026084300_WEB.xml","20-JUL-2026 20:43:05","20-JUL-2026 20:43:09","00:00:04"
"Tata Chemicals Limited","37.98","62.02","0","-","30-JUN-2026","20-JUL-2026",,"https://nsearchives.nseindia.com/corporate/xbrl/SHP_1697575_20072026084240_WEB.xml","20-JUL-2026 20:42:49","20-JUL-2026 20:42:54","00:00:05"
"Seya Industries Limited","64.5","35.5","0","-","30-JUN-2026","20-JUL-2026",,"https://nsearchives.nseindia.com/corporate/xbrl/SHP_1697566_20072026083410_WEB.xml","20-JUL-2026 20:34:15","20-JUL-2026 20:34:19","00:00:04"
"Aarti Drugs Limited","54.43","45.57","0","Revised","30-JUN-2026","20-JUL-2026","13-AUG-2026","https://nsearchives.nseindia.com/corporate/xbrl/SHP_1713919_13082026070959_WEB.xml","14-AUG-2026 13:24:01","14-AUG-2026 13:24:07","00:00:06"
"Emmbi Industries Limited","62.95","37.05","0","-","30-JUN-2026","20-JUL-2026",,"https://nsearchives.nseindia.com/corporate/xbrl/SHP_1697560_20072026082853_WEB.xml","20-JUL-2026 20:28:55","20-JUL-2026 20:28:59","00:00:04"
"LLOYDS ENGINEERING WORKS LIMITED","41.91","57.98","0.11","-","30-JUN-2026","20-JUL-2026",,"https://nsearchives.nseindia.com/corporate/xbrl/SHP_1697558_20072026082645_WEB.xml","20-JUL-2026 20:26:48","20-JUL-2026 20:26:52","00:00:04"
"Vaswani Industries Limited","62.06","37.94","0","-","30-JUN-2026","20-JUL-2026",,"https://nsearchives.nseindia.com/corporate/xbrl/SHP_1697556_20072026082416_WEB.xml","20-JUL-2026 20:24:19","20-JUL-2026 20:24:23","00:00:04"
"Suryoday Small Finance Bank Limited","22.48","77.52","0","-","30-JUN-2026","20-JUL-2026",,"https://nsearchives.nseindia.com/corporate/xbrl/SHP_1697554_20072026082358_WEB.xml","20-JUL-2026 20:24:01","20-JUL-2026 20:24:07","00:00:06"
"Kalpataru Limited","81.34","18.66","0","-","30-JUN-2026","20-JUL-2026",,"https://nsearchives.nseindia.com/corporate/xbrl/SHP_1697552_20072026082223_WEB.xml","20-JUL-2026 20:22:30","20-JUL-2026 20:22:35","00:00:05"
"Aurum PropTech Limited","47.89","52.11","0","-","30-JUN-2026","20-JUL-2026",,"https://nsearchives.nseindia.com/corporate/xbrl/SHP_1697548_20072026082020_WEB.xml","20-JUL-2026 20:20:24","20-JUL-2026 20:20:28","00:00:04"
"Shaily Engineering Plastics Limited","41.09","58.91","0","-","30-JUN-2026","20-JUL-2026",,"https://nsearchives.nseindia.com/corporate/xbrl/SHP_1697545_20072026081804_WEB.xml","20-JUL-2026 20:18:11","20-JUL-2026 20:18:15","00:00:04"
"Strides Pharma Science Limited","27.91","72.09","0","-","30-JUN-2026","20-JUL-2026",,"https://nsearchives.nseindia.com/corporate/xbrl/SHP_1697544_20072026081404_WEB.xml","20-JUL-2026 20:14:11","20-JUL-2026 20:14:15","00:00:04"
"Welspun Enterprises Limited","56.13","41.85","2.02","-","30-JUN-2026","20-JUL-2026",,"https://nsearchives.nseindia.com/corporate/xbrl/SHP_1697537_20072026080813_WEB.xml","20-JUL-2026 20:08:21","20-JUL-2026 20:08:25","00:00:04"
"Nitco Limited","20.17","79.83","0","-","30-JUN-2026","20-JUL-2026",,"https://nsearchives.nseindia.com/corporate/xbrl/SHP_1697535_20072026080519_WEB.xml","20-JUL-2026 20:05:24","20-JUL-2026 20:05:28","00:00:04"
"3i Infotech Limited","0","100","0","-","30-JUN-2026","20-JUL-2026",,"https://nsearchives.nseindia.com/corporate/xbrl/SHP_1697533_20072026080239_WEB.xml","20-JUL-2026 20:02:43","20-JUL-2026 20:02:46","00:00:03"
"Jayant Agro Organics Limited","67.13","32.87","0","-","30-JUN-2026","20-JUL-2026",,"https://nsearchives.nseindia.com/corporate/xbrl/SHP_1697531_20072026080104_WEB.xml","20-JUL-2026 20:01:10","20-JUL-2026 20:01:14","00:00:04"
"OnMobile Global Limited","47.9","52.1","0","-","30-JUN-2026","20-JUL-2026",,"https://nsearchives.nseindia.com/corporate/xbrl/SHP_1697526_20072026075836_WEB.xml","20-JUL-2026 19:58:41","20-JUL-2026 19:58:44","00:00:03"
"SIL Investments Limited","63.79","36.21","0","-","30-JUN-2026","20-JUL-2026",,"https://nsearchives.nseindia.com/corporate/xbrl/SHP_1697521_20072026075733_WEB.xml","20-JUL-2026 19:57:39","20-JUL-2026 19:57:43","00:00:04"
"Kolte - Patil Developers Limited","73.81","26.19","0","-","30-JUN-2026","20-JUL-2026",,"https://nsearchives.nseindia.com/corporate/xbrl/SHP_1697520_20072026075712_WEB.xml","20-JUL-2026 19:57:16","20-JUL-2026 19:57:20","00:00:04"
"Welspun Corp Limited","49.73","50.24","0.03","-","30-JUN-2026","20-JUL-2026",,"https://nsearchives.nseindia.com/corporate/xbrl/SHP_1697519_20072026075538_WEB.xml","20-JUL-2026 19:55:44","20-JUL-2026 19:55:48","00:00:04"
"Godrej Consumer Products Limited","53.05","46.95","0","Revised","30-JUN-2026","20-JUL-2026","22-JUL-2026","https://nsearchives.nseindia.com/corporate/xbrl/SHP_1699476_22072026061209_WEB.xml","23-JUL-2026 11:32:18","23-JUL-2026 11:32:23","00:00:05"
"RPG Life Sciences Limited","72.95","27.05","0","-","30-JUN-2026","20-JUL-2026",,"https://nsearchives.nseindia.com/corporate/xbrl/SHP_1697515_20072026075502_WEB.xml","20-JUL-2026 19:55:08","20-JUL-2026 19:55:13","00:00:05"
"Damodar Industries Limited","70.13","29.87","0","Revised","30-JUN-2026","20-JUL-2026","09-SEP-2026","https://nsearchives.nseindia.com/corporate/xbrl/SHP_1723098_09092026074522_WEB.xml","21-SEP-2026 11:56:23","21-SEP-2026 11:56:28","00:00:05"
"Lyka Labs Limited","58.45","41.55","0","-","30-JUN-2026","20-JUL-2026",,"https://nsearchives.nseindia.com/corporate/xbrl/SHP_1697513_20072026075422_WEB.xml","20-JUL-2026 19:54:29","20-JUL-2026 19:54:32","00:00:03"
"Sadbhav Infrastructure Project Limited","70.25","29.75","0","-","30-JUN-2026","20-JUL-2026",,"https://nsearchives.nseindia.com/corporate/xbrl/SHP_1697498_20072026074102_WEB.xml","20-JUL-2026 19:41:06","20-JUL-2026 19:41:10","00:00:04"
"DCM Shriram International Limited","50.11","49.89","0","-","30-JUN-2026","20-JUL-2026",,"https://nsearchives.nseindia.com/corporate/xbrl/SHP_1697495_20072026074008_WEB.xml","20-JUL-2026 19:40:11","20-JUL-2026 19:40:16","00:00:05"
"ARSS Infrastructure Projects Limited","84.89","15.11","0","-","30-JUN-2026","20-JUL-2026",,"https://nsearchives.nseindia.com/corporate/xbrl/SHP_1697494_20072026073818_WEB.xml","20-JUL-2026 19:38:21","20-JUL-2026 19:38:26","00:00:05"
"Aditya Infotech Limited","74.71","25.29","0","-","30-JUN-2026","20-JUL-2026",,"https://nsearchives.nseindia.com/corporate/xbrl/SHP_1697493_20072026073718_WEB.xml","20-JUL-2026 19:37:25","20-JUL-2026 19:37:29","00:00:04"
"Gallantt Ispat Limited","70.03","29.97","0","-","30-JUN-2026","20-JUL-2026",,"https://nsearchives.nseindia.com/corporate/xbrl/SHP_1697492_20072026073715_WEB.xml","20-JUL-2026 19:37:18","20-JUL-2026 19:37:22","00:00:04"
"Senores Pharmaceuticals Limited","45.82","54.18","0","-","30-JUN-2026","20-JUL-2026",,"https://nsearchives.nseindia.com/corporate/xbrl/SHP_1697478_20072026073117_WEB.xml","20-JUL-2026 19:31:25","20-JUL-2026 19:31:29","00:00:04"
"SBFC Finance Limited","52.31","47.63","0.06","-","30-JUN-2026","20-JUL-2026",,"https://nsearchives.nseindia.com/corporate/xbrl/SHP_1697477_20072026073105_WEB.xml","20-JUL-2026 19:31:09","20-JUL-2026 19:31:13","00:00:04"
"KPI Green Energy Limited","49.4","50.6","0","-","30-JUN-2026","20-JUL-2026",,"https://nsearchives.nseindia.com/corporate/xbrl/SHP_1697473_20072026072833_WEB.xml","20-JUL-2026 19:28:39","20-JUL-2026 19:28:43","00:00:04"
"Sikko Industries Limited","54.96","45.04","0","-","30-JUN-2026","20-JUL-2026",,"https://nsearchives.nseindia.com/corporate/xbrl/SHP_1697472_20072026072814_WEB.xml","20-JUL-2026 19:28:19","20-JUL-2026 19:28:26","00:00:07"
"India Motor Parts and Accessories Limited","35.21","64.79","0","-","30-JUN-2026","20-JUL-2026",,"https://nsearchives.nseindia.com/corporate/xbrl/SHP_1697471_20072026072756_WEB.xml","20-JUL-2026 19:28:02","20-JUL-2026 19:28:07","00:00:05"
"Cyient DLM Limited","52.11","47.89","0","-","30-JUN-2026","20-JUL-2026",,"https://nsearchives.nseindia.com/corporate/xbrl/SHP_1697470_20072026072720_WEB.xml","20-JUL-2026 19:27:26","20-JUL-2026 19:27:30","00:00:04"
"GRP Limited","40.05","59.95","0","Revised","30-JUN-2026","20-JUL-2026","08-SEP-2026","https://nsearchives.nseindia.com/corporate/xbrl/SHP_1722400_08092026113602_WEB.xml","09-SEP-2026 15:25:08","09-SEP-2026 15:25:13","00:00:05"
"Maan Aluminium Limited","55.82","44.18","0","-","30-JUN-2026","20-JUL-2026",,"https://nsearchives.nseindia.com/corporate/xbrl/SHP_1697466_20072026072449_WEB.xml","20-JUL-2026 19:24:53","20-JUL-2026 19:24:58","00:00:05"
"WeWork India Management Limited","48.29","51.71","0","-","30-JUN-2026","20-JUL-2026",,"https://nsearchives.nseindia.com/corporate/xbrl/SHP_1697465_20072026072421_WEB.xml","20-JUL-2026 19:24:28","20-JUL-2026 19:24:32","00:00:04"
"Scoda Tubes Limited","66.43","33.57","0","-","30-JUN-2026","20-JUL-2026",,"https://nsearchives.nseindia.com/corporate/xbrl/SHP_1697454_20072026072045_WEB.xml","20-JUL-2026 19:20:51","20-JUL-2026 19:20:56","00:00:05"
"Ashok Leyland Limited","51.51","48.49","0","-","30-JUN-2026","20-JUL-2026",,"https://nsearchives.nseindia.com/corporate/xbrl/SHP_1697453_20072026072032_WEB.xml","20-JUL-2026 19:20:39","20-JUL-2026 19:20:44","00:00:05"
"Somany Ceramics Limited","55.2","44.8","0","-","30-JUN-2026","20-JUL-2026",,"https://nsearchives.nseindia.com/corporate/xbrl/SHP_1697442_20072026071838_WEB.xml","20-JUL-2026 19:18:45","20-JUL-2026 19:18:49","00:00:04"
"Raymond Limited","48.87","51.1","0.03","-","30-JUN-2026","20-JUL-2026",,"https://nsearchives.nseindia.com/corporate/xbrl/SHP_1697441_20072026071816_WEB.xml","20-JUL-2026 19:18:23","20-JUL-2026 19:18:27","00:00:04"
"TVS Motor Company Limited","50.27","49.71","0.02","-","30-JUN-2026","20-JUL-2026",,"https://nsearchives.nseindia.com/corporate/xbrl/SHP_1697439_20072026071702_WEB.xml","20-JUL-2026 19:17:09","20-JUL-2026 19:17:13","00:00:04"
"Dreamfolks Services Limited","65.72","34.28","0","-","30-JUN-2026","20-JUL-2026",,"https://nsearchives.nseindia.com/corporate/xbrl/SHP_1697435_20072026071531_WEB.xml","20-JUL-2026 19:15:36","20-JUL-2026 19:15:40","00:00:04"
"BOSCH HOME COMFORT INDIA LIMITED","74.53","25.47","0","-","30-JUN-2026","20-JUL-2026",,"https://nsearchives.nseindia.com/corporate/xbrl/SHP_1697434_20072026071429_WEB.xml","20-JUL-2026 19:14:35","20-JUL-2026 19:14:39","00:00:04"
"Moneyboxx Finance Limited","46.79","53.21","0","-","30-JUN-2026","20-JUL-2026",,"https://nsearchives.nseindia.com/corporate/xbrl/SHP_1697429_20072026071217_WEB.xml","20-JUL-2026 19:12:19","20-JUL-2026 19:12:24","00:00:05"
"VIP Clothing Limited","46.55","53.45","0","-","30-JUN-2026","20-JUL-2026",,"https://nsearchives.nseindia.com/corporate/xbrl/SHP_1697427_20072026071125_WEB.xml","20-JUL-2026 19:11:31","20-JUL-2026 19:11:34","00:00:03"
"Asian Hotels (North) Limited","0","100","0","-","30-JUN-2026","20-JUL-2026",,"https://nsearchives.nseindia.com/corporate/xbrl/SHP_1697424_20072026070924_WEB.xml","20-JUL-2026 19:09:26","20-JUL-2026 19:09:30","00:00:04"
"Texmo Pipes and Products Limited","44.24","55.76","0","-","30-JUN-2026","20-JUL-2026",,"https://nsearchives.nseindia.com/corporate/xbrl/SHP_1697423_20072026070909_WEB.xml","20-JUL-2026 19:09:12","20-JUL-2026 19:09:17","00:00:05"
"Flexituff Ventures International Limited","32.24","67.76","0","-","30-JUN-2026","20-JUL-2026",,"https://nsearchives.nseindia.com/corporate/xbrl/SHP_1697421_20072026070708_WEB.xml","20-JUL-2026 19:07:13","20-JUL-2026 19:07:18","00:00:05"
"Trigyn Technologies Limited","44.51","55.49","0","-","30-JUN-2026","20-JUL-2026",,"https://nsearchives.nseindia.com/corporate/xbrl/SHP_1697419_20072026070502_WEB.xml","20-JUL-2026 19:05:06","20-JUL-2026 19:05:10","00:00:04"
"Fino Payments Bank Limited","75","25","0","-","30-JUN-2026","20-JUL-2026",,"https://nsearchives.nseindia.com/corporate/xbrl/SHP_1697418_20072026070433_WEB.xml","20-JUL-2026 19:04:36","20-JUL-2026 19:04:40","00:00:04"
"5Paisa Capital Limited","36.5","63.49","0.01","Revised","30-JUN-2026","20-JUL-2026","28-JUL-2026","https://nsearchives.nseindia.com/corporate/xbrl/SHP_1702699_28072026122950_WEB.xml","23-SEP-2026 15:57:37","23-SEP-2026 15:57:42","00:00:05"
"Acme Solar Holdings Limited","71.4","28.42","0.18","-","30-JUN-2026","20-JUL-2026",,"https://nsearchives.nseindia.com/corporate/xbrl/SHP_1697407_20072026065935_WEB.xml","20-JUL-2026 18:59:40","20-JUL-2026 18:59:44","00:00:04"
"Beardsell Limited","52.68","47.32","0","-","30-JUN-2026","20-JUL-2026",,"https://nsearchives.nseindia.com/corporate/xbrl/SHP_1697405_20072026065853_WEB.xml","20-JUL-2026 18:58:56","20-JUL-2026 18:59:00","00:00:04"
"Northern Arc Capital Limited","0","100","0","-","30-JUN-2026","20-JUL-2026",,"https://nsearchives.nseindia.com/corporate/xbrl/SHP_1697402_20072026065717_WEB.xml","20-JUL-2026 18:57:21","20-JUL-2026 18:57:25","00:00:04"
"Setco Automotive Limited","59.25","40.75","0","-","30-JUN-2026","20-JUL-2026",,"https://nsearchives.nseindia.com/corporate/xbrl/SHP_1697401_20072026065704_WEB.xml","20-JUL-2026 18:57:08","20-JUL-2026 18:57:12","00:00:04"
"Garware Hi-Tech Films Limited","60.72","39.28","0","-","30-JUN-2026","20-JUL-2026",,"https://nsearchives.nseindia.com/corporate/xbrl/SHP_1697399_20072026065617_WEB.xml","20-JUL-2026 18:56:25","20-JUL-2026 18:56:29","00:00:04"
"Arisinfra Solutions Limited","37.58","62.42","0","Revised","30-JUN-2026","20-JUL-2026","24-AUG-2026","https://nsearchives.nseindia.com/corporate/xbrl/SHP_1717470_24082026070106_WEB.xml","25-AUG-2026 17:03:32","25-AUG-2026 17:03:36","00:00:04"
"Sical Logistics Limited","73.5","26.5","0","-","30-JUN-2026","20-JUL-2026",,"https://nsearchives.nseindia.com/corporate/xbrl/SHP_1697391_20072026065239_WEB.xml","20-JUL-2026 18:52:44","20-JUL-2026 18:52:48","00:00:04"
"Allied Blenders and Distillers Limited","80.91","19.09","0","-","30-JUN-2026","20-JUL-2026",,"https://nsearchives.nseindia.com/corporate/xbrl/SHP_1697389_20072026065220_WEB.xml","20-JUL-2026 18:52:25","20-JUL-2026 18:52:29","00:00:04"
"Sammaan Capital Limited","28.34","70.3","1.36","-","30-JUN-2026","20-JUL-2026",,"https://nsearchives.nseindia.com/corporate/xbrl/SHP_1697387_20072026065045_WEB.xml","20-JUL-2026 18:50:49","20-JUL-2026 18:50:54","00:00:05"
"C.E. Info Systems Limited","51.41","48.59","0","-","30-JUN-2026","20-JUL-2026",,"https://nsearchives.nseindia.com/corporate/xbrl/SHP_1697381_20072026064851_WEB.xml","20-JUL-2026 18:48:54","20-JUL-2026 18:48:58","00:00:04"
"FSN E-Commerce Ventures Limited","52.08","47.92","0","-","30-JUN-2026","20-JUL-2026",,"https://nsearchives.nseindia.com/corporate/xbrl/SHP_1697378_20072026064645_WEB.xml","20-JUL-2026 18:46:51","20-JUL-2026 18:46:55","00:00:04"
"United Foodbrands Limited","34.61","65.39","0","-","30-JUN-2026","20-JUL-2026",,"https://nsearchives.nseindia.com/corporate/xbrl/SHP_1697377_20072026064611_WEB.xml","20-JUL-2026 18:46:15","20-JUL-2026 18:46:19","00:00:04"
"Vesuvius India Limited","55.57","44.43","0","-","30-JUN-2026","20-JUL-2026",,"https://nsearchives.nseindia.com/corporate/xbrl/SHP_1697375_20072026064557_WEB.xml","20-JUL-2026 18:46:02","20-JUL-2026 18:46:07","00:00:05"
"Venky's (India) Limited","56.11","43.89","0","Revised","30-JUN-2026","20-JUL-2026","01-AUG-2026","https://nsearchives.nseindia.com/corporate/xbrl/SHP_1706710_01082026093502_WEB.xml","11-AUG-2026 17:02:32","11-AUG-2026 17:02:37","00:00:05"
"Arman Financial Services Limited","22","78","0","Revised","30-JUN-2026","20-JUL-2026","23-JUL-2026","https://nsearchives.nseindia.com/corporate/xbrl/SHP_1699789_23072026124129_WEB.xml","23-JUL-2026 12:47:45","23-JUL-2026 12:47:50","00:00:05"
"Emkay Global Financial Services Limited","72.83","27.17","0","Revised","30-JUN-2026","20-JUL-2026","11-AUG-2026","https://nsearchives.nseindia.com/corporate/xbrl/SHP_1711670_11082026040649_WEB.xml","21-AUG-2026 11:39:49","21-AUG-2026 11:39:54","00:00:05"
"Gravita India Limited","55.88","42.8","1.32","-","30-JUN-2026","20-JUL-2026",,"https://nsearchives.nseindia.com/corporate/xbrl/SHP_1697360_20072026064031_WEB.xml","20-JUL-2026 18:40:34","20-JUL-2026 18:40:38","00:00:04"
"Exicom Tele-Systems Limited","65.2","34.8","0","-","30-JUN-2026","20-JUL-2026",,"https://nsearchives.nseindia.com/corporate/xbrl/SHP_1697359_20072026063959_WEB.xml","20-JUL-2026 18:40:05","20-JUL-2026 18:40:10","00:00:05"
"Apeejay Surrendra Park Hotels Limited","68.22","31.78","0","-","30-JUN-2026","20-JUL-2026",,"https://nsearchives.nseindia.com/corporate/xbrl/SHP_1697357_20072026063859_WEB.xml","20-JUL-2026 18:39:04","20-JUL-2026 18:39:09","00:00:05"
"Polycab India Limited","61.46","38.54","0","-","30-JUN-2026","20-JUL-2026",,"https://nsearchives.nseindia.com/corporate/xbrl/SHP_1697354_20072026063756_WEB.xml","20-JUL-2026 18:38:02","20-JUL-2026 18:38:06","00:00:04"
"Talwalkars Better Value Fitness Limited","38.49","61.51","0","-","30-JUN-2026","20-JUL-2026",,"https://nsearchives.nseindia.com/corporate/xbrl/SHP_1697353_20072026063726_WEB.xml","20-JUL-2026 18:37:30","20-JUL-2026 18:37:37","00:00:07"
"Indo Amines Limited","58.42","41.58","0","-","30-JUN-2026","20-JUL-2026",,"https://nsearchives.nseindia.com/corporate/xbrl/SHP_1697352_20072026063723_WEB.xml","20-JUL-2026 18:37:28","20-JUL-2026 18:37:32","00:00:04"
"Delta Manufacturing Limited","72.12","27.88","0","-","30-JUN-2026","20-JUL-2026",,"https://nsearchives.nseindia.com/corporate/xbrl/SHP_1697351_20072026063715_WEB.xml","20-JUL-2026 18:37:19","20-JUL-2026 18:37:24","00:00:05"
"Kingfa Science & Technology (India) Limited","67.02","32.98","0","-","30-JUN-2026","20-JUL-2026",,"https://nsearchives.nseindia.com/corporate/xbrl/SHP_1697344_20072026063627_WEB.xml","20-JUL-2026 18:36:33","20-JUL-2026 18:36:38","00:00:05"
"Jeena Sikho Lifecare Limited","63.62","36.38","0","-","30-JUN-2026","20-JUL-2026",,"https://nsearchives.nseindia.com/corporate/xbrl/SHP_1697341_20072026063531_WEB.xml","20-JUL-2026 18:35:36","20-JUL-2026 18:35:39","00:00:03"
"Sejal Glass Limited","69.96","30.04","0","-","30-JUN-2026","20-JUL-2026",,"https://nsearchives.nseindia.com/corporate/xbrl/SHP_1697329_20072026063247_WEB.xml","20-JUL-2026 18:32:51","20-JUL-2026 18:32:56","00:00:05"
"Dam Capital Advisors Limited","40","60","0","-","30-JUN-2026","20-JUL-2026",,"https://nsearchives.nseindia.com/corporate/xbrl/SHP_1697328_20072026063124_WEB.xml","20-JUL-2026 18:31:28","20-JUL-2026 18:31:32","00:00:04"
"Tenneco Clean Air India Limited","74.79","25.21","0","-","30-JUN-2026","20-JUL-2026",,"https://nsearchives.nseindia.com/corporate/xbrl/SHP_1697324_20072026062908_WEB.xml","20-JUL-2026 18:29:16","20-JUL-2026 18:29:20","00:00:04"
"AYM Syntex Limited","65.73","34.27","0","-","30-JUN-2026","20-JUL-2026",,"https://nsearchives.nseindia.com/corporate/xbrl/SHP_1697322_20072026062841_WEB.xml","20-JUL-2026 18:28:49","20-JUL-2026 18:28:53","00:00:04"
"Pioneer Embroideries Limited","32.71","67.29","0","-","30-JUN-2026","20-JUL-2026",,"https://nsearchives.nseindia.com/corporate/xbrl/SHP_1697320_20072026062831_WEB.xml","20-JUL-2026 18:28:36","20-JUL-2026 18:28:41","00:00:05"
"Venus Pipes & Tubes Limited","48.41","51.59","0","-","30-JUN-2026","20-JUL-2026",,"https://nsearchives.nseindia.com/corporate/xbrl/SHP_1697314_20072026062631_WEB.xml","20-JUL-2026 18:26:35","20-JUL-2026 18:26:39","00:00:04"
"Just Dial Limited","74.14","25.86","0","-","30-JUN-2026","20-JUL-2026",,"https://nsearchives.nseindia.com/corporate/xbrl/SHP_1697310_20072026062546_WEB.xml","20-JUL-2026 18:25:51","20-JUL-2026 18:25:56","00:00:05"
"Roto Pumps Limited","66.8","33.2","0","-","30-JUN-2026","20-JUL-2026",,"https://nsearchives.nseindia.com/corporate/xbrl/SHP_1697309_20072026062541_WEB.xml","20-JUL-2026 18:25:46","20-JUL-2026 18:25:51","00:00:05"
"Archean Chemical Industries Limited","53.43","46.57","0","-","30-JUN-2026","20-JUL-2026",,"https://nsearchives.nseindia.com/corporate/xbrl/SHP_1697306_20072026062511_WEB.xml","20-JUL-2026 18:25:15","20-JUL-2026 18:25:19","00:00:04"
"Pidilite Industries Limited","69.24","30.76","0","-","30-JUN-2026","20-JUL-2026",,"https://nsearchives.nseindia.com/corporate/xbrl/SHP_1697305_20072026062509_WEB.xml","20-JUL-2026 18:25:18","20-JUL-2026 18:25:25","00:00:07"
"Amber Enterprises India Limited","38.09","61.91","0","Revised","30-JUN-2026","20-JUL-2026","09-SEP-2026","https://nsearchives.nseindia.com/corporate/xbrl/SHP_1723013_09092026054014_WEB.xml","10-SEP-2026 18:55:56","10-SEP-2026 18:56:01","00:00:05"
"Ahlada Engineers Limited","49.3","50.7","0","-","30-JUN-2026","20-JUL-2026",,"https://nsearchives.nseindia.com/corporate/xbrl/SHP_1697288_20072026062120_WEB.xml","20-JUL-2026 18:21:24","20-JUL-2026 18:21:28","00:00:04"
"NLC India Limited","69.47","30.53","0","-","30-JUN-2026","20-JUL-2026",,"https://nsearchives.nseindia.com/corporate/xbrl/SHP_1697285_20072026062053_WEB.xml","20-JUL-2026 18:20:58","20-JUL-2026 18:21:02","00:00:04"
"Viyash Scientific Limited","61.31","38.6","0.09","-","30-JUN-2026","20-JUL-2026",,"https://nsearchives.nseindia.com/corporate/xbrl/SHP_1697280_20072026061916_WEB.xml","20-JUL-2026 18:19:21","20-JUL-2026 18:19:25","00:00:04"
"Allcargo Logistics Limited","40.28","59.72","0","-","30-JUN-2026","20-JUL-2026",,"https://nsearchives.nseindia.com/corporate/xbrl/SHP_1697274_20072026061555_WEB.xml","20-JUL-2026 18:16:03","20-JUL-2026 18:16:07","00:00:04"
"Anlon Healthcare Limited","52.68","47.32","0","Revised","30-JUN-2026","20-JUL-2026","07-AUG-2026","https://nsearchives.nseindia.com/corporate/xbrl/SHP_1709572_07082026010901_WEB.xml","07-AUG-2026 15:40:10","07-AUG-2026 15:40:14","00:00:04"
"Balkrishna Industries Limited","58.29","41.71","0","-","30-JUN-2026","20-JUL-2026",,"https://nsearchives.nseindia.com/corporate/xbrl/SHP_1697264_20072026061328_WEB.xml","20-JUL-2026 18:13:32","20-JUL-2026 18:13:37","00:00:05"
"Donear Industries Limited","74.56","25.44","0","-","30-JUN-2026","20-JUL-2026",,"https://nsearchives.nseindia.com/corporate/xbrl/SHP_1697263_20072026061259_WEB.xml","20-JUL-2026 18:13:14","20-JUL-2026 18:13:18","00:00:04"
"KCP Sugar and Industries Corporation Limited","42.16","57.84","0","Revised","30-JUN-2026","20-JUL-2026","09-SEP-2026","https://nsearchives.nseindia.com/corporate/xbrl/SHP_1722852_09092026125224_WEB.xml","09-SEP-2026 15:33:14","09-SEP-2026 15:33:19","00:00:05"
"Lumax Auto Technologies Limited","55.98","44.02","0","-","30-JUN-2026","20-JUL-2026",,"https://nsearchives.nseindia.com/corporate/xbrl/SHP_1697261_20072026061234_WEB.xml","20-JUL-2026 18:12:38","20-JUL-2026 18:12:42","00:00:04"
"Bharti Hexacom Limited","70","30","0","-","30-JUN-2026","20-JUL-2026",,"https://nsearchives.nseindia.com/corporate/xbrl/SHP_1697257_20072026061204_WEB.xml","20-JUL-2026 18:12:09","20-JUL-2026 18:12:14","00:00:05"
"Ind-Swift Laboratories Limited","42.93","57.07","0","-","30-JUN-2026","20-JUL-2026",,"https://nsearchives.nseindia.com/corporate/xbrl/SHP_1697253_20072026061042_WEB.xml","20-JUL-2026 18:10:47","20-JUL-2026 18:10:52","00:00:05"
"HMT Limited","93.69","6.31","0","-","30-JUN-2026","20-JUL-2026",,"https://nsearchives.nseindia.com/corporate/xbrl/SHP_1697250_20072026060818_WEB.xml","20-JUL-2026 18:08:20","20-JUL-2026 18:08:25","00:00:05"
"Nakoda Group of Industries Limited","57.29","42.71","0","-","30-JUN-2026","20-JUL-2026",,"https://nsearchives.nseindia.com/corporate/xbrl/SHP_1697247_20072026060745_WEB.xml","20-JUL-2026 18:07:47","20-JUL-2026 18:07:51","00:00:04"
"Veranda Learning Solutions Limited","33.75","66.25","0","-","30-JUN-2026","20-JUL-2026",,"https://nsearchives.nseindia.com/corporate/xbrl/SHP_1697245_20072026060709_WEB.xml","20-JUL-2026 18:07:12","20-JUL-2026 18:07:16","00:00:04"
"Torrent Pharmaceuticals Limited","68.31","31.69","0","-","30-JUN-2026","20-JUL-2026",,"https://nsearchives.nseindia.com/corporate/xbrl/SHP_1697244_20072026060641_WEB.xml","20-JUL-2026 18:06:46","20-JUL-2026 18:06:49","00:00:03"
"Fine Organic Industries Limited","75","25","0","-","30-JUN-2026","20-JUL-2026",,"https://nsearchives.nseindia.com/corporate/xbrl/SHP_1697241_20072026060621_WEB.xml","20-JUL-2026 18:06:29","20-JUL-2026 18:06:33","00:00:04"
"Piramal Pharma Limited","34.8","64.72","0.48","-","30-JUN-2026","20-JUL-2026",,"https://nsearchives.nseindia.com/corporate/xbrl/SHP_1697240_20072026060616_WEB.xml","20-JUL-2026 18:06:24","20-JUL-2026 18:06:28","00:00:04"
"Indian Energy Exchange Limited","0","99.73","0.27","-","30-JUN-2026","20-JUL-2026",,"https://nsearchives.nseindia.com/corporate/xbrl/SHP_1697238_20072026060542_WEB.xml","20-JUL-2026 18:05:45","20-JUL-2026 18:05:50","00:00:05"
"AXISCADES Technologies Limited","58.03","41.97","0","-","30-JUN-2026","20-JUL-2026",,"https://nsearchives.nseindia.com/corporate/xbrl/SHP_1697237_20072026060506_WEB.xml","20-JUL-2026 18:05:10","20-JUL-2026 18:05:14","00:00:04"
"Tarsons Products Limited","47.3","52.7","0","-","30-JUN-2026","20-JUL-2026",,"https://nsearchives.nseindia.com/corporate/xbrl/SHP_1697229_20072026060341_WEB.xml","20-JUL-2026 18:03:44","20-JUL-2026 18:03:48","00:00:04"
"Arcotech Limited","38.91","61.09","0","-","30-JUN-2026","20-JUL-2026",,"https://nsearchives.nseindia.com/corporate/xbrl/SHP_1697226_20072026060200_WEB.xml","20-JUL-2026 18:02:05","20-JUL-2026 18:02:09","00:00:04"
"Vedanta Aluminium Metal Limited","56.38","43.46","0.16","-","30-JUN-2026","20-JUL-2026",,"https://nsearchives.nseindia.com/corporate/xbrl/SHP_1697225_20072026060149_WEB.xml","20-JUL-2026 18:01:54","20-JUL-2026 18:02:00","00:00:06"
"Solara Active Pharma Sciences Limited","41.93","58.07","0","-","30-JUN-2026","20-JUL-2026",,"https://nsearchives.nseindia.com/corporate/xbrl/SHP_1697214_20072026055857_WEB.xml","20-JUL-2026 17:59:05","20-JUL-2026 17:59:09","00:00:04"
"Keystone Realtors Limited","74.59","25.41","0","-","30-JUN-2026","20-JUL-2026",,"https://nsearchives.nseindia.com/corporate/xbrl/SHP_1697207_20072026055553_WEB.xml","20-JUL-2026 17:56:00","20-JUL-2026 17:56:06","00:00:06"
"Union Bank of India","74.76","25.24","0","-","30-JUN-2026","20-JUL-2026",,"https://nsearchives.nseindia.com/corporate/xbrl/SHP_1697202_20072026055434_WEB.xml","20-JUL-2026 17:54:37","20-JUL-2026 17:54:41","00:00:04"
"Aban Offshore Limited","46","54","0","-","30-JUN-2026","20-JUL-2026",,"https://nsearchives.nseindia.com/corporate/xbrl/SHP_1697201_20072026055417_WEB.xml","20-JUL-2026 17:54:24","20-JUL-2026 17:54:28","00:00:04"
"Hilton Metal Forging Limited","18.56","81.44","0","-","30-JUN-2026","20-JUL-2026",,"https://nsearchives.nseindia.com/corporate/xbrl/SHP_1697198_20072026055405_WEB.xml","20-JUL-2026 17:54:08","20-JUL-2026 17:54:13","00:00:05"
"Bafna Pharmaceuticals Limited","75","25","0","-","30-JUN-2026","20-JUL-2026",,"https://nsearchives.nseindia.com/corporate/xbrl/SHP_1697196_20072026055342_WEB.xml","20-JUL-2026 17:53:46","20-JUL-2026 17:53:50","00:00:04"
"Gland Pharma Limited","51.77","48.23","0","-","30-JUN-2026","20-JUL-2026",,"https://nsearchives.nseindia.com/corporate/xbrl/SHP_1697195_20072026055314_WEB.xml","20-JUL-2026 17:53:19","20-JUL-2026 17:53:24","00:00:05"
"Mercury Ev-Tech Limited","59.18","40.82","0","-","30-JUN-2026","20-JUL-2026",,"https://nsearchives.nseindia.com/corporate/xbrl/SHP_1697191_20072026055223_WEB.xml","20-JUL-2026 17:52:26","20-JUL-2026 17:52:31","00:00:05"
"TAKE Limited","0","100","0","-","30-JUN-2026","20-JUL-2026",,"https://nsearchives.nseindia.com/corporate/xbrl/SHP_1697188_20072026055158_WEB.xml","20-JUL-2026 17:52:05","20-JUL-2026 17:52:10","00:00:05"
"AstraZeneca Pharma India Limited","75","25","0","-","30-JUN-2026","20-JUL-2026",,"https://nsearchives.nseindia.com/corporate/xbrl/SHP_1697186_20072026055135_WEB.xml","20-JUL-2026 17:51:40","20-JUL-2026 17:51:44","00:00:04"
"PNB Housing Finance Limited","28.03","71.97","0","-","30-JUN-2026","20-JUL-2026",,"https://nsearchives.nseindia.com/corporate/xbrl/SHP_1697182_20072026055035_WEB.xml","20-JUL-2026 17:50:42","20-JUL-2026 17:50:47","00:00:05"
"Apollo Tyres Limited","36.93","62.67","0.4","-","30-JUN-2026","20-JUL-2026",,"https://nsearchives.nseindia.com/corporate/xbrl/SHP_1697178_20072026054905_WEB.xml","20-JUL-2026 17:49:12","20-JUL-2026 17:49:16","00:00:04"
"Saatvik Green Energy Limited","75.99","24.01","0","-","30-JUN-2026","20-JUL-2026",,"https://nsearchives.nseindia.com/corporate/xbrl/SHP_1697177_20072026054851_WEB.xml","20-JUL-2026 17:48:57","20-JUL-2026 17:49:01","00:00:04"
"Prestige Estates Projects Limited","60.94","39.06","0","-","30-JUN-2026","20-JUL-2026",,"https://nsearchives.nseindia.com/corporate/xbrl/SHP_1697174_20072026054826_WEB.xml","20-JUL-2026 17:48:33","20-JUL-2026 17:48:37","00:00:04"
"Crest Ventures Limited","69.84","29.53","0.64","-","30-JUN-2026","20-JUL-2026",,"https://nsearchives.nseindia.com/corporate/xbrl/SHP_1697173_20072026054752_WEB.xml","20-JUL-2026 17:47:58","20-JUL-2026 17:48:03","00:00:05"
"Syncom Formulations (India) Limited","50.57","49.43","0","-","30-JUN-2026","20-JUL-2026",,"https://nsearchives.nseindia.com/corporate/xbrl/SHP_1697167_20072026054651_WEB.xml","20-JUL-2026 17:46:57","20-JUL-2026 17:47:05","00:00:08"
"A2Z Infra Engineering Limited","27.92","72.08","0","-","30-JUN-2026","20-JUL-2026",,"https://nsearchives.nseindia.com/corporate/xbrl/SHP_1697166_20072026054651_WEB.xml","20-JUL-2026 17:46:55","20-JUL-2026 17:46:59","00:00:04"
"Gokaldas Exports Limited","9.15","90.85","0","-","30-JUN-2026","20-JUL-2026",,"https://nsearchives.nseindia.com/corporate/xbrl/SHP_1697165_20072026054623_WEB.xml","20-JUL-2026 17:46:28","20-JUL-2026 17:46:32","00:00:04"
"Emmvee Photovoltaic Power Limited","80.03","19.97","0","-","30-JUN-2026","20-JUL-2026",,"https://nsearchives.nseindia.com/corporate/xbrl/SHP_1697164_20072026054540_WEB.xml","20-JUL-2026 17:45:44","20-JUL-2026 17:45:48","00:00:04"
"Exide Industries Limited","45.99","54.01","0","-","30-JUN-2026","20-JUL-2026",,"https://nsearchives.nseindia.com/corporate/xbrl/SHP_1697163_20072026054456_WEB.xml","20-JUL-2026 17:45:02","20-JUL-2026 17:45:08","00:00:06"
"GTPL Hathway Limited","75","25","0","-","30-JUN-2026","20-JUL-2026",,"https://nsearchives.nseindia.com/corporate/xbrl/SHP_1697157_20072026054255_WEB.xml","20-JUL-2026 17:43:00","20-JUL-2026 17:43:04","00:00:04"
"IZMO Limited","34.79","65.21","0","-","30-JUN-2026","20-JUL-2026",,"https://nsearchives.nseindia.com/corporate/xbrl/SHP_1697153_20072026054156_WEB.xml","20-JUL-2026 17:41:59","20-JUL-2026 17:42:08","00:00:09"
"Aeroflex Enterprises Limited","52.3","47.7","0","-","30-JUN-2026","20-JUL-2026",,"https://nsearchives.nseindia.com/corporate/xbrl/SHP_1697152_20072026054152_WEB.xml","20-JUL-2026 17:41:58","20-JUL-2026 17:42:04","00:00:06"
"Valecha Engineering Limited","18.09","81.91","0","-","30-JUN-2026","20-JUL-2026",,"https://nsearchives.nseindia.com/corporate/xbrl/SHP_1697151_20072026054145_WEB.xml","20-JUL-2026 17:41:51","20-JUL-2026 17:41:58","00:00:07"
"Star Cement Limited","58.1","41.9","0","-","30-JUN-2026","20-JUL-2026",,"https://nsearchives.nseindia.com/corporate/xbrl/SHP_1697150_20072026054142_WEB.xml","20-JUL-2026 17:41:48","20-JUL-2026 17:41:53","00:00:05"
"Sahyadri Industries Limited","71.12","28.88","0","-","30-JUN-2026","20-JUL-2026",,"https://nsearchives.nseindia.com/corporate/xbrl/SHP_1697145_20072026053858_WEB.xml","20-JUL-2026 17:39:03","20-JUL-2026 17:39:07","00:00:04"
"Genus Paper & Boards Limited","50.84","49.16","0","-","30-JUN-2026","20-JUL-2026",,"https://nsearchives.nseindia.com/corporate/xbrl/SHP_1697141_20072026053807_WEB.xml","20-JUL-2026 17:38:11","20-JUL-2026 17:38:15","00:00:04"
"Bharati Defence and Infrastructure Limited","40.58","59.42","0","-","30-JUN-2026","20-JUL-2026",,"https://nsearchives.nseindia.com/corporate/xbrl/SHP_1697140_20072026053807_WEB.xml","20-JUL-2026 17:38:13","20-JUL-2026 17:38:20","00:00:07"
"Matrimony.Com Limited","58.43","41.57","0","-","30-JUN-2026","20-JUL-2026",,"https://nsearchives.nseindia.com/corporate/xbrl/SHP_1697139_20072026053750_WEB.xml","20-JUL-2026 17:37:54","20-JUL-2026 17:37:59","00:00:05"
"Signet Industries Limited","73.41","26.59","0","Revised","30-JUN-2026","20-JUL-2026","22-SEP-2026","https://nsearchives.nseindia.com/corporate/xbrl/SHP_1726209_22092026103937_WEB.xml","24-SEP-2026 11:32:21","24-SEP-2026 11:32:28","00:00:07"
"Shivalik Bimetal Controls Limited","33.61","66.39","0","-","30-JUN-2026","20-JUL-2026",,"https://nsearchives.nseindia.com/corporate/xbrl/SHP_1697124_20072026053339_WEB.xml","20-JUL-2026 17:33:43","20-JUL-2026 17:33:48","00:00:05"
"Ellenbarrie Industrial Gases Limited","77.15","22.85","0","-","30-JUN-2026","20-JUL-2026",,"https://nsearchives.nseindia.com/corporate/xbrl/SHP_1697123_20072026053324_WEB.xml","20-JUL-2026 17:33:30","20-JUL-2026 17:33:34","00:00:04"
"Arihant Capital Markets Limited","67.67","32.33","0","-","30-JUN-2026","20-JUL-2026",,"https://nsearchives.nseindia.com/corporate/xbrl/SHP_1697121_20072026053224_WEB.xml","20-JUL-2026 17:32:29","20-JUL-2026 17:32:32","00:00:03"
"Sheela Foam Limited","65.39","34.61","0","-","30-JUN-2026","20-JUL-2026",,"https://nsearchives.nseindia.com/corporate/xbrl/SHP_1697116_20072026053101_WEB.xml","20-JUL-2026 17:31:05","20-JUL-2026 17:31:09","00:00:04"
"Paramount Communications Limited","49.18","50.82","0","-","30-JUN-2026","20-JUL-2026",,"https://nsearchives.nseindia.com/corporate/xbrl/SHP_1697115_20072026053047_WEB.xml","20-JUL-2026 17:30:51","20-JUL-2026 17:30:56","00:00:05"
"DOMS Industries Limited","63.39","36.61","0","-","30-JUN-2026","20-JUL-2026",,"https://nsearchives.nseindia.com/corporate/xbrl/SHP_1697113_20072026052917_WEB.xml","20-JUL-2026 17:29:26","20-JUL-2026 17:29:31","00:00:05"
"Bharti Airtel Limited","50.07","49.89","0.04","Revised","30-JUN-2026","20-JUL-2026","27-JUL-2026","https://nsearchives.nseindia.com/corporate/xbrl/SHP_1702388_27072026070346_WEB.xml","27-JUL-2026 19:20:22","27-JUL-2026 19:20:27","00:00:05"
"Shyam Century Ferrous Limited","49.65","50.35","0","-","30-JUN-2026","20-JUL-2026",,"https://nsearchives.nseindia.com/corporate/xbrl/SHP_1697107_20072026052740_WEB.xml","20-JUL-2026 17:27:47","20-JUL-2026 17:27:51","00:00:04"
"Atam Valves Limited","52.29","47.71","0","-","30-JUN-2026","20-JUL-2026",,"https://nsearchives.nseindia.com/corporate/xbrl/SHP_1697105_20072026052649_WEB.xml","20-JUL-2026 17:26:53","20-JUL-2026 17:26:58","00:00:05"
"Nureca Limited","68.09","31.91","0","Revised","30-JUN-2026","20-JUL-2026","23-JUL-2026","https://nsearchives.nseindia.com/corporate/xbrl/SHP_1700045_23072026044607_WEB.xml","23-JUL-2026 17:05:13","23-JUL-2026 17:05:17","00:00:04"
"LT Foods Limited","51.01","48.99","0","-","30-JUN-2026","20-JUL-2026",,"https://nsearchives.nseindia.com/corporate/xbrl/SHP_1697099_20072026052519_WEB.xml","20-JUL-2026 17:25:27","20-JUL-2026 17:25:31","00:00:04"
"Tijaria Polypipes Limited","36.14","63.86","0","-","30-JUN-2026","20-JUL-2026",,"https://nsearchives.nseindia.com/corporate/xbrl/SHP_1697092_20072026052423_WEB.xml","20-JUL-2026 17:24:27","20-JUL-2026 17:24:30","00:00:03"
"Tamilnadu PetroProducts Limited","34.54","65.46","0","-","30-JUN-2026","20-JUL-2026",,"https://nsearchives.nseindia.com/corporate/xbrl/SHP_1697091_20072026052354_WEB.xml","20-JUL-2026 17:23:58","20-JUL-2026 17:24:02","00:00:04"
"V-Mart Retail Limited","44.15","55.85","0","-","30-JUN-2026","20-JUL-2026",,"https://nsearchives.nseindia.com/corporate/xbrl/SHP_1697090_20072026052336_WEB.xml","20-JUL-2026 17:23:40","20-JUL-2026 17:23:49","00:00:09"
"Hindustan Oil Exploration Company Limited","0","100","0","-","30-JUN-2026","20-JUL-2026",,"https://nsearchives.nseindia.com/corporate/xbrl/SHP_1697089_20072026052333_WEB.xml","20-JUL-2026 17:23:37","20-JUL-2026 17:23:42","00:00:05"
"Prabha Energy Limited","74.94","25.06","0","-","30-JUN-2026","20-JUL-2026",,"https://nsearchives.nseindia.com/corporate/xbrl/SHP_1697086_20072026052257_WEB.xml","20-JUL-2026 17:23:03","20-JUL-2026 17:23:07","00:00:04"
"Indus Fila Limited","97.88","2.12","0","-","30-JUN-2026","20-JUL-2026",,"https://nsearchives.nseindia.com/corporate/xbrl/SHP_1697084_20072026052241_WEB.xml","20-JUL-2026 17:22:45","20-JUL-2026 17:22:50","00:00:05"
"Rajshree Polypack Limited","44.22","55.78","0","-","30-JUN-2026","20-JUL-2026",,"https://nsearchives.nseindia.com/corporate/xbrl/SHP_1697081_20072026052230_WEB.xml","20-JUL-2026 17:22:36","20-JUL-2026 17:22:40","00:00:04"
"Lumax Industries Limited","75","25","0","-","30-JUN-2026","20-JUL-2026",,"https://nsearchives.nseindia.com/corporate/xbrl/SHP_1697077_20072026052152_WEB.xml","20-JUL-2026 17:21:57","20-JUL-2026 17:22:02","00:00:05"
"Focus Lighting and Fixtures Limited","55.42","44.44","0.13","-","30-JUN-2026","20-JUL-2026",,"https://nsearchives.nseindia.com/corporate/xbrl/SHP_1697074_20072026052056_WEB.xml","20-JUL-2026 17:21:02","20-JUL-2026 17:21:06","00:00:04"
"Ingersoll Rand (India) Limited","75","25","0","-","30-JUN-2026","20-JUL-2026",,"https://nsearchives.nseindia.com/corporate/xbrl/SHP_1697064_20072026051739_WEB.xml","20-JUL-2026 17:17:44","20-JUL-2026 17:17:49","00:00:05"
"DIC India Limited","71.75","28.25","0","-","30-JUN-2026","20-JUL-2026",,"https://nsearchives.nseindia.com/corporate/xbrl/SHP_1697058_20072026051656_WEB.xml","20-JUL-2026 17:17:03","20-JUL-2026 17:17:08","00:00:05"
"R M Drip and Sprinklers Systems Limited","21.06","78.94","0","-","30-JUN-2026","20-JUL-2026",,"https://nsearchives.nseindia.com/corporate/xbrl/SHP_1697056_20072026051654_WEB.xml","20-JUL-2026 17:16:58","20-JUL-2026 17:17:02","00:00:04"
"Zee Media Corporation Limited","9.04","90.96","0","-","30-JUN-2026","20-JUL-2026",,"https://nsearchives.nseindia.com/corporate/xbrl/SHP_1697051_20072026051527_WEB.xml","20-JUL-2026 17:15:33","20-JUL-2026 17:15:37","00:00:04"
"The India Cements Limited","75","25","0","-","30-JUN-2026","20-JUL-2026",,"https://nsearchives.nseindia.com/corporate/xbrl/SHP_1697048_20072026051425_WEB.xml","20-JUL-2026 17:14:33","20-JUL-2026 17:14:37","00:00:04"
"Awfis Space Solutions Limited","17","83","0","-","30-JUN-2026","20-JUL-2026",,"https://nsearchives.nseindia.com/corporate/xbrl/SHP_1697043_20072026051338_WEB.xml","20-JUL-2026 17:13:44","20-JUL-2026 17:13:49","00:00:05"
"Prudential Sugar Corporation Limited","56.24","43.76","0","-","30-JUN-2026","20-JUL-2026",,"https://nsearchives.nseindia.com/corporate/xbrl/SHP_1697042_20072026051225_WEB.xml","20-JUL-2026 17:12:27","20-JUL-2026 17:12:32","00:00:05"
"Amagi Media Labs Limited","14.92","85.08","0","-","30-JUN-2026","20-JUL-2026",,"https://nsearchives.nseindia.com/corporate/xbrl/SHP_1697039_20072026051134_WEB.xml","20-JUL-2026 17:11:38","20-JUL-2026 17:11:42","00:00:04"
"Sudarshan Chemical Industries Limited","8.19","91.81","0","-","30-JUN-2026","20-JUL-2026",,"https://nsearchives.nseindia.com/corporate/xbrl/SHP_1697035_20072026050814_WEB.xml","20-JUL-2026 17:08:22","20-JUL-2026 17:08:26","00:00:04"
"MSP Steel & Power Limited","45.12","54.88","0","-","30-JUN-2026","20-JUL-2026",,"https://nsearchives.nseindia.com/corporate/xbrl/SHP_1697030_20072026050721_WEB.xml","20-JUL-2026 17:07:24","20-JUL-2026 17:07:29","00:00:05"
"Coffee Day Enterprises Limited","7.74","92.26","0","-","30-JUN-2026","20-JUL-2026",,"https://nsearchives.nseindia.com/corporate/xbrl/SHP_1697029_20072026050613_WEB.xml","20-JUL-2026 17:06:18","20-JUL-2026 17:06:22","00:00:04"
"Udayshivakumar Infra Limited","67.35","32.65","0","-","30-JUN-2026","20-JUL-2026",,"https://nsearchives.nseindia.com/corporate/xbrl/SHP_1697027_20072026050519_WEB.xml","20-JUL-2026 17:05:21","20-JUL-2026 17:05:26","00:00:05"
"Sai Life Sciences Limited","34.53","65.47","0","-","30-JUN-2026","20-JUL-2026",,"https://nsearchives.nseindia.com/corporate/xbrl/SHP_1697026_20072026050427_WEB.xml","20-JUL-2026 17:04:35","20-JUL-2026 17:04:39","00:00:04"
"Vraj Iron and Steel Limited","74.95","25.05","0","-","30-JUN-2026","20-JUL-2026",,"https://nsearchives.nseindia.com/corporate/xbrl/SHP_1697024_20072026050417_WEB.xml","20-JUL-2026 17:04:21","20-JUL-2026 17:04:25","00:00:04"
"FCS Software Solutions Limited","19.65","80.35","0","-","30-JUN-2026","20-JUL-2026",,"https://nsearchives.nseindia.com/corporate/xbrl/SHP_1697021_20072026050340_WEB.xml","20-JUL-2026 17:03:45","20-JUL-2026 17:03:49","00:00:04"
"Tembo Global Industries Limited","37.74","62.26","0","-","30-JUN-2026","20-JUL-2026",,"https://nsearchives.nseindia.com/corporate/xbrl/SHP_1697018_20072026050335_WEB.xml","20-JUL-2026 17:03:39","20-JUL-2026 17:03:43","00:00:04"
"Mcnally Bharat Engineering Company Limited","90","10","0","-","30-JUN-2026","20-JUL-2026",,"https://nsearchives.nseindia.com/corporate/xbrl/SHP_1697015_20072026050244_WEB.xml","20-JUL-2026 17:02:48","20-JUL-2026 17:02:53","00:00:05"
"Redtape Limited","71.83","28.17","0","-","30-JUN-2026","20-JUL-2026",,"https://nsearchives.nseindia.com/corporate/xbrl/SHP_1697014_20072026050240_WEB.xml","20-JUL-2026 17:02:44","20-JUL-2026 17:02:48","00:00:04"
"UPL Limited","33.51","66.49","0","-","30-JUN-2026","20-JUL-2026",,"https://nsearchives.nseindia.com/corporate/xbrl/SHP_1697013_20072026050209_WEB.xml","20-JUL-2026 17:02:18","20-JUL-2026 17:02:22","00:00:04"
"Aditya Birla Real Estate Limited","50.21","49.04","0.75","-","30-JUN-2026","20-JUL-2026",,"https://nsearchives.nseindia.com/corporate/xbrl/SHP_1697008_20072026050127_WEB.xml","20-JUL-2026 17:01:34","20-JUL-2026 17:01:38","00:00:04"
"Zee Entertainment Enterprises Limited","3.99","96.01","0","-","30-JUN-2026","20-JUL-2026",,"https://nsearchives.nseindia.com/corporate/xbrl/SHP_1697002_20072026045753_WEB.xml","20-JUL-2026 16:58:00","20-JUL-2026 16:58:06","00:00:06"
"Antony Waste Handling Cell Limited","46.09","53.89","0.02","-","30-JUN-2026","20-JUL-2026",,"https://nsearchives.nseindia.com/corporate/xbrl/SHP_1696999_20072026045710_WEB.xml","20-JUL-2026 16:57:17","20-JUL-2026 16:57:21","00:00:04"
"Uniphos Enterprises Limited","73.79","26.21","0","-","30-JUN-2026","20-JUL-2026",,"https://nsearchives.nseindia.com/corporate/xbrl/SHP_1696998_20072026045701_WEB.xml","20-JUL-2026 16:57:12","20-JUL-2026 16:57:16","00:00:04"
"Rail Vikas Nigam Limited","72.84","27.16","0","-","30-JUN-2026","20-JUL-2026",,"https://nsearchives.nseindia.com/corporate/xbrl/SHP_1696996_20072026045622_WEB.xml","20-JUL-2026 16:56:30","20-JUL-2026 16:56:34","00:00:04"
"Khandwala Securities Limited","48.78","51.22","0","-","30-JUN-2026","20-JUL-2026",,"https://nsearchives.nseindia.com/corporate/xbrl/SHP_1696994_20072026045538_WEB.xml","20-JUL-2026 16:55:41","20-JUL-2026 16:55:45","00:00:04"
"Usha Martin Limited","40.28","59.6","0.11","-","30-JUN-2026","20-JUL-2026",,"https://nsearchives.nseindia.com/corporate/xbrl/SHP_1696991_20072026045339_WEB.xml","20-JUL-2026 16:53:46","20-JUL-2026 16:53:51","00:00:05"
"Oil India Limited","56.66","43.34","0","-","30-JUN-2026","20-JUL-2026",,"https://nsearchives.nseindia.com/corporate/xbrl/SHP_1696989_20072026045300_WEB.xml","20-JUL-2026 16:53:04","20-JUL-2026 16:53:08","00:00:04"
"Vimta Labs Limited","35.67","64.33","0","-","30-JUN-2026","20-JUL-2026",,"https://nsearchives.nseindia.com/corporate/xbrl/SHP_1696986_20072026045212_WEB.xml","20-JUL-2026 16:52:18","20-JUL-2026 16:52:22","00:00:04"
"Canara HSBC Life Insurance Company Limited","62","37.57","0.43","-","30-JUN-2026","20-JUL-2026",,"https://nsearchives.nseindia.com/corporate/xbrl/SHP_1696979_20072026045114_WEB.xml","20-JUL-2026 16:51:18","20-JUL-2026 16:51:22","00:00:04"
"L&T Technology Services Limited","73.52","26.48","0","-","30-JUN-2026","20-JUL-2026",,"https://nsearchives.nseindia.com/corporate/xbrl/SHP_1696975_20072026044959_WEB.xml","20-JUL-2026 16:50:04","20-JUL-2026 16:50:09","00:00:05"
"Arrow Greentech Limited","65.65","34.35","0","-","30-JUN-2026","20-JUL-2026",,"https://nsearchives.nseindia.com/corporate/xbrl/SHP_1696971_20072026044911_WEB.xml","20-JUL-2026 16:49:15","20-JUL-2026 16:49:20","00:00:05"
"Advani Hotels & Resorts (India) Limited","50.25","49.75","0","-","30-JUN-2026","20-JUL-2026",,"https://nsearchives.nseindia.com/corporate/xbrl/SHP_1696969_20072026044853_WEB.xml","20-JUL-2026 16:48:58","20-JUL-2026 16:49:02","00:00:04"
"Archidply Industries Limited","69.89","30.11","0","-","30-JUN-2026","20-JUL-2026",,"https://nsearchives.nseindia.com/corporate/xbrl/SHP_1696966_20072026044749_WEB.xml","20-JUL-2026 16:47:51","20-JUL-2026 16:47:56","00:00:05"
"Gradiente Infotainment Limited","20.99","79.01","0","-","30-JUN-2026","20-JUL-2026",,"https://nsearchives.nseindia.com/corporate/xbrl/SHP_1696965_20072026044709_WEB.xml","20-JUL-2026 16:47:14","20-JUL-2026 16:47:18","00:00:04"
"Navin Fluorine International Limited","27.08","72.92","0","-","30-JUN-2026","20-JUL-2026",,"https://nsearchives.nseindia.com/corporate/xbrl/SHP_1696963_20072026044651_WEB.xml","20-JUL-2026 16:46:56","20-JUL-2026 16:47:01","00:00:05"
"Univastu India Limited","67.46","32.54","0","-","30-JUN-2026","20-JUL-2026",,"https://nsearchives.nseindia.com/corporate/xbrl/SHP_1696961_20072026044542_WEB.xml","20-JUL-2026 16:45:45","20-JUL-2026 16:45:50","00:00:05"
"Dangee Dums Limited","55.68","44.32","0","-","30-JUN-2026","20-JUL-2026",,"https://nsearchives.nseindia.com/corporate/xbrl/SHP_1696957_20072026044504_WEB.xml","20-JUL-2026 16:45:08","20-JUL-2026 16:45:12","00:00:04"
"Edelweiss Financial Services Limited","32.26","67.74","0","-","30-JUN-2026","20-JUL-2026",,"https://nsearchives.nseindia.com/corporate/xbrl/SHP_1696956_20072026044439_WEB.xml","20-JUL-2026 16:44:44","20-JUL-2026 16:44:49","00:00:05"
"Almondz Global Securities Limited","50.82","49.18","0","Revised","30-JUN-2026","20-JUL-2026","30-JUL-2026","https://nsearchives.nseindia.com/corporate/xbrl/SHP_1704905_30072026013323_WEB.xml","07-AUG-2026 17:01:15","07-AUG-2026 17:01:20","00:00:05"
"Delta Corp Limited","34.47","65.53","0","-","30-JUN-2026","20-JUL-2026",,"https://nsearchives.nseindia.com/corporate/xbrl/SHP_1696951_20072026044334_WEB.xml","20-JUL-2026 16:43:39","20-JUL-2026 16:43:43","00:00:04"
"Nilkamal Limited","64.54","35.46","0","-","30-JUN-2026","20-JUL-2026",,"https://nsearchives.nseindia.com/corporate/xbrl/SHP_1696950_20072026044312_WEB.xml","20-JUL-2026 16:43:16","20-JUL-2026 16:43:20","00:00:04"
"Vertoz Limited","64.8","35.2","0","-","30-JUN-2026","20-JUL-2026",,"https://nsearchives.nseindia.com/corporate/xbrl/SHP_1696941_20072026043912_WEB.xml","20-JUL-2026 16:39:16","20-JUL-2026 16:39:20","00:00:04"
"Kundan Minerals and Metals Limited","95","5","0","-","30-JUN-2026","20-JUL-2026",,"https://nsearchives.nseindia.com/corporate/xbrl/SHP_1696934_20072026043718_WEB.xml","20-JUL-2026 16:37:22","20-JUL-2026 16:37:27","00:00:05"
"SecMark Consultancy Limited","75","25","0","-","30-JUN-2026","20-JUL-2026",,"https://nsearchives.nseindia.com/corporate/xbrl/SHP_1696931_20072026043625_WEB.xml","20-JUL-2026 16:36:29","20-JUL-2026 16:36:33","00:00:04"
"Muthoot Capital Services Limited","63.33","36.67","0","-","30-JUN-2026","20-JUL-2026",,"https://nsearchives.nseindia.com/corporate/xbrl/SHP_1696930_20072026043615_WEB.xml","20-JUL-2026 16:36:19","20-JUL-2026 16:36:22","00:00:03"
"OBCL Limited","72.19","27.81","0","-","30-JUN-2026","20-JUL-2026",,"https://nsearchives.nseindia.com/corporate/xbrl/SHP_1696928_20072026043430_WEB.xml","20-JUL-2026 16:34:36","20-JUL-2026 16:34:42","00:00:06"
"Kritika Wires Limited","63.32","36.68","0","-","30-JUN-2026","20-JUL-2026",,"https://nsearchives.nseindia.com/corporate/xbrl/SHP_1696927_20072026043429_WEB.xml","20-JUL-2026 16:34:33","20-JUL-2026 16:34:37","00:00:04"
"Standard Engineering Technology Limited","60.47","39.53","0","-","30-JUN-2026","20-JUL-2026",,"https://nsearchives.nseindia.com/corporate/xbrl/SHP_1696920_20072026043258_WEB.xml","20-JUL-2026 16:33:03","20-JUL-2026 16:33:07","00:00:04"
"Revathi Equipment India Limited","63.91","36.09","0","-","30-JUN-2026","20-JUL-2026",,"https://nsearchives.nseindia.com/corporate/xbrl/SHP_1696915_20072026043053_WEB.xml","20-JUL-2026 16:31:00","20-JUL-2026 16:31:07","00:00:07"
"Cambridge Technology Enterprises Limited","57.13","40.93","1.94","-","30-JUN-2026","20-JUL-2026",,"https://nsearchives.nseindia.com/corporate/xbrl/SHP_1696912_20072026042851_WEB.xml","20-JUL-2026 16:28:54","20-JUL-2026 16:28:58","00:00:04"
"Kaynes Technology India Limited","53.46","46.54","0","Revised","30-JUN-2026","20-JUL-2026","26-AUG-2026","https://nsearchives.nseindia.com/corporate/xbrl/SHP_1717996_26082026025347_WEB.xml","26-AUG-2026 15:04:15","26-AUG-2026 15:04:19","00:00:04"
"Kotyark Industries Limited","57.34","42.66","0","Revised","30-JUN-2026","20-JUL-2026","03-AUG-2026","https://nsearchives.nseindia.com/corporate/xbrl/SHP_1706904_03082026034204_WEB.xml","06-AUG-2026 16:39:16","06-AUG-2026 16:39:19","00:00:03"
"HP Adhesives Limited","71.35","28.65","0","-","30-JUN-2026","20-JUL-2026",,"https://nsearchives.nseindia.com/corporate/xbrl/SHP_1696901_20072026042607_WEB.xml","20-JUL-2026 16:26:09","20-JUL-2026 16:26:18","00:00:09"
"Transport Corporation of India Limited","68.66","31.34","0","-","30-JUN-2026","20-JUL-2026",,"https://nsearchives.nseindia.com/corporate/xbrl/SHP_1696900_20072026042602_WEB.xml","20-JUL-2026 16:26:07","20-JUL-2026 16:26:12","00:00:05"
"Zee Learn Limited","14.98","85.02","0","-","30-JUN-2026","20-JUL-2026",,"https://nsearchives.nseindia.com/corporate/xbrl/SHP_1696892_20072026042354_WEB.xml","20-JUL-2026 16:24:01","20-JUL-2026 16:24:07","00:00:06"
"Hexaware Technologies Limited","74.3","25.5","0.2","-","30-JUN-2026","20-JUL-2026",,"https://nsearchives.nseindia.com/corporate/xbrl/SHP_1696890_20072026042305_WEB.xml","20-JUL-2026 16:23:10","20-JUL-2026 16:23:14","00:00:04"
"V.S.T Tillers Tractors Limited","55.55","44.45","0","-","30-JUN-2026","20-JUL-2026",,"https://nsearchives.nseindia.com/corporate/xbrl/SHP_1696889_20072026042247_WEB.xml","20-JUL-2026 16:22:53","20-JUL-2026 16:22:57","00:00:04"
"Marine Electricals (India) Limited","68.2","31.8","0","-","30-JUN-2026","20-JUL-2026",,"https://nsearchives.nseindia.com/corporate/xbrl/SHP_1696881_20072026041721_WEB.xml","20-JUL-2026 16:17:25","20-JUL-2026 16:17:29","00:00:04"
"Godrej Industries Limited","74.64","25.36","0","-","30-JUN-2026","20-JUL-2026",,"https://nsearchives.nseindia.com/corporate/xbrl/SHP_1696878_20072026041613_WEB.xml","20-JUL-2026 16:16:21","20-JUL-2026 16:16:25","00:00:04"
"Silgo Retail Limited","40.54","59.46","0","-","30-JUN-2026","20-JUL-2026",,"https://nsearchives.nseindia.com/corporate/xbrl/SHP_1696876_20072026041532_WEB.xml","20-JUL-2026 16:15:36","20-JUL-2026 16:15:41","00:00:05"
"Univa Foods Limited","0","100","0","-","30-JUN-2026","20-JUL-2026",,"https://nsearchives.nseindia.com/corporate/xbrl/SHP_1696871_20072026041238_WEB.xml","20-JUL-2026 16:12:42","20-JUL-2026 16:12:52","00:00:10"
"Deepak Fertilizers And Petrochemicals Corporation Limited","45.63","54.37","0","-","30-JUN-2026","20-JUL-2026",,"https://nsearchives.nseindia.com/corporate/xbrl/SHP_1696870_20072026041237_WEB.xml","20-JUL-2026 16:12:41","20-JUL-2026 16:12:46","00:00:05"
"Kaushalya Infrastructure Development Corporation Limited","51.42","48.58","0","-","30-JUN-2026","20-JUL-2026",,"https://nsearchives.nseindia.com/corporate/xbrl/SHP_1696866_20072026041000_WEB.xml","20-JUL-2026 16:10:05","20-JUL-2026 16:10:09","00:00:04"
"PB Fintech Limited","0","99.86","0.14","-","30-JUN-2026","20-JUL-2026",,"https://nsearchives.nseindia.com/corporate/xbrl/SHP_1696865_20072026040936_WEB.xml","20-JUL-2026 16:09:40","20-JUL-2026 16:09:45","00:00:05"
"Rama Phosphates Limited","75","25","0","-","30-JUN-2026","20-JUL-2026",,"https://nsearchives.nseindia.com/corporate/xbrl/SHP_1696862_20072026040834_WEB.xml","20-JUL-2026 16:08:40","20-JUL-2026 16:08:47","00:00:07"
"Ashima Limited","73.49","26.51","0","-","30-JUN-2026","20-JUL-2026",,"https://nsearchives.nseindia.com/corporate/xbrl/SHP_1696860_20072026040726_WEB.xml","20-JUL-2026 16:07:31","20-JUL-2026 16:07:34","00:00:03"
"TCI Express Limited","69.46","30.54","0","-","30-JUN-2026","20-JUL-2026",,"https://nsearchives.nseindia.com/corporate/xbrl/SHP_1696852_20072026040449_WEB.xml","20-JUL-2026 16:04:54","20-JUL-2026 16:04:59","00:00:05"
"Orient Paper & Industries Limited","38.74","61.26","0","-","30-JUN-2026","20-JUL-2026",,"https://nsearchives.nseindia.com/corporate/xbrl/SHP_1696850_20072026040338_WEB.xml","20-JUL-2026 16:03:43","20-JUL-2026 16:03:47","00:00:04"
"Sab Events & Governance Now Media Limited","26.43","73.57","0","-","30-JUN-2026","20-JUL-2026",,"https://nsearchives.nseindia.com/corporate/xbrl/SHP_1696849_20072026040327_WEB.xml","20-JUL-2026 16:03:32","20-JUL-2026 16:03:35","00:00:03"
"Niva Bupa Health Insurance Company Limited","55.3","44.7","0","-","30-JUN-2026","20-JUL-2026",,"https://nsearchives.nseindia.com/corporate/xbrl/SHP_1696842_20072026040110_WEB.xml","20-JUL-2026 16:01:14","20-JUL-2026 16:01:19","00:00:05"
"The Andhra Sugars Limited","50.49","49.51","0","-","30-JUN-2026","20-JUL-2026",,"https://nsearchives.nseindia.com/corporate/xbrl/SHP_1696841_20072026040041_WEB.xml","20-JUL-2026 16:00:44","20-JUL-2026 16:00:50","00:00:06"
"DCM Shriram Industries Limited","50.11","49.89","0","-","30-JUN-2026","20-JUL-2026",,"https://nsearchives.nseindia.com/corporate/xbrl/SHP_1696840_20072026040035_WEB.xml","20-JUL-2026 16:00:39","20-JUL-2026 16:00:44","00:00:05"
"CEAT Limited","47.29","52.44","0.27","-","30-JUN-2026","20-JUL-2026",,"https://nsearchives.nseindia.com/corporate/xbrl/SHP_1696839_20072026040025_WEB.xml","20-JUL-2026 16:00:33","20-JUL-2026 16:00:39","00:00:06"
"Mcleod Russel India Limited","6.25","93.75","0","-","30-JUN-2026","20-JUL-2026",,"https://nsearchives.nseindia.com/corporate/xbrl/SHP_1696838_20072026040023_WEB.xml","20-JUL-2026 16:00:29","20-JUL-2026 16:00:33","00:00:04"
"Amara Raja Energy & Mobility Limited","32.86","67.14","0","-","30-JUN-2026","20-JUL-2026",,"https://nsearchives.nseindia.com/corporate/xbrl/SHP_1696837_20072026035914_WEB.xml","20-JUL-2026 15:59:21","20-JUL-2026 15:59:26","00:00:05"
"Norben Tea & Exports Limited","38.89","61.11","0","-","30-JUN-2026","20-JUL-2026",,"https://nsearchives.nseindia.com/corporate/xbrl/SHP_1696831_20072026035758_WEB.xml","20-JUL-2026 15:58:02","20-JUL-2026 15:58:06","00:00:04"
"Alembic Limited","70.88","29.12","0","-","30-JUN-2026","20-JUL-2026",,"https://nsearchives.nseindia.com/corporate/xbrl/SHP_1696829_20072026035641_WEB.xml","20-JUL-2026 15:56:48","20-JUL-2026 15:56:52","00:00:04"
"Network18 Media & Investments Limited","56.89","43.11","0","-","30-JUN-2026","20-JUL-2026",,"https://nsearchives.nseindia.com/corporate/xbrl/SHP_1696828_20072026035631_WEB.xml","20-JUL-2026 15:56:37","20-JUL-2026 15:56:41","00:00:04"
"Alkyl Amines Chemicals Limited","72.04","27.96","0","-","30-JUN-2026","20-JUL-2026",,"https://nsearchives.nseindia.com/corporate/xbrl/SHP_1696827_20072026035613_WEB.xml","20-JUL-2026 15:56:18","20-JUL-2026 15:56:21","00:00:03"
"GRM Overseas Limited","63.06","36.94","0","-","30-JUN-2026","20-JUL-2026",,"https://nsearchives.nseindia.com/corporate/xbrl/SHP_1696821_20072026035449_WEB.xml","20-JUL-2026 15:54:52","20-JUL-2026 15:54:58","00:00:06"
"IRM Energy Limited","50.74","49.26","0","-","30-JUN-2026","20-JUL-2026",,"https://nsearchives.nseindia.com/corporate/xbrl/SHP_1696819_20072026035354_WEB.xml","20-JUL-2026 15:53:59","20-JUL-2026 15:54:03","00:00:04"
"Gujarat Ambuja Exports Limited","63.84","36.16","0","-","30-JUN-2026","20-JUL-2026",,"https://nsearchives.nseindia.com/corporate/xbrl/SHP_1696818_20072026035330_WEB.xml","20-JUL-2026 15:53:35","20-JUL-2026 15:53:40","00:00:05"
"Zodiac Energy Limited","69.97","30.03","0","-","30-JUN-2026","20-JUL-2026",,"https://nsearchives.nseindia.com/corporate/xbrl/SHP_1696814_20072026035205_WEB.xml","20-JUL-2026 15:52:12","20-JUL-2026 15:52:16","00:00:04"
"Automotive Stampings and Assemblies Limited","75","25","0","-","30-JUN-2026","20-JUL-2026",,"https://nsearchives.nseindia.com/corporate/xbrl/SHP_1696812_20072026035127_WEB.xml","20-JUL-2026 15:51:32","20-JUL-2026 15:51:36","00:00:04"
"Balaji Amines Limited","54.56","45.44","0","-","30-JUN-2026","20-JUL-2026",,"https://nsearchives.nseindia.com/corporate/xbrl/SHP_1696811_20072026035106_WEB.xml","20-JUL-2026 15:51:12","20-JUL-2026 15:51:16","00:00:04"
"TVS Electronics Limited","59.77","40.23","0","-","30-JUN-2026","20-JUL-2026",,"https://nsearchives.nseindia.com/corporate/xbrl/SHP_1696810_20072026035040_WEB.xml","20-JUL-2026 15:50:45","20-JUL-2026 15:50:50","00:00:05"
"Jupiter Life Line Hospitals Limited","40.91","59.09","0","-","30-JUN-2026","20-JUL-2026",,"https://nsearchives.nseindia.com/corporate/xbrl/SHP_1696807_20072026034928_WEB.xml","20-JUL-2026 15:49:31","20-JUL-2026 15:49:36","00:00:05"
"Share India Securities Limited","48.62","51.38","0","-","30-JUN-2026","20-JUL-2026",,"https://nsearchives.nseindia.com/corporate/xbrl/SHP_1696794_20072026034652_WEB.xml","20-JUL-2026 15:46:58","20-JUL-2026 15:47:03","00:00:05"
"Akg Exim Limited","50.69","49.31","0","-","30-JUN-2026","20-JUL-2026",,"https://nsearchives.nseindia.com/corporate/xbrl/SHP_1696792_20072026034535_WEB.xml","20-JUL-2026 15:45:38","20-JUL-2026 15:45:42","00:00:04"
"Le Merite Exports Limited","59.65","40.35","0","-","30-JUN-2026","20-JUL-2026",,"https://nsearchives.nseindia.com/corporate/xbrl/SHP_1696786_20072026034004_WEB.xml","20-JUL-2026 15:40:07","20-JUL-2026 15:40:12","00:00:05"
"IG Petrochemicals Limited","68.74","31.26","0","-","30-JUN-2026","20-JUL-2026",,"https://nsearchives.nseindia.com/corporate/xbrl/SHP_1696773_20072026033244_WEB.xml","20-JUL-2026 15:32:50","20-JUL-2026 15:32:54","00:00:04"
"Gufic Biosciences Limited","72.5","27.5","0","-","30-JUN-2026","20-JUL-2026",,"https://nsearchives.nseindia.com/corporate/xbrl/SHP_1696772_20072026033203_WEB.xml","20-JUL-2026 15:32:07","20-JUL-2026 15:32:12","00:00:05"
"Xelpmoc Design And Tech Limited","49.39","50.61","0","-","30-JUN-2026","20-JUL-2026",,"https://nsearchives.nseindia.com/corporate/xbrl/SHP_1696770_20072026033100_WEB.xml","20-JUL-2026 15:31:02","20-JUL-2026 15:31:07","00:00:05"
"Infomedia Press Limited","50.69","49.31","0","-","30-JUN-2026","20-JUL-2026",,"https://nsearchives.nseindia.com/corporate/xbrl/SHP_1696769_20072026033006_WEB.xml","20-JUL-2026 15:30:13","20-JUL-2026 15:30:18","00:00:05"
"Hyundai Motor India Limited","82.5","17.5","0","-","30-JUN-2026","20-JUL-2026",,"https://nsearchives.nseindia.com/corporate/xbrl/SHP_1696768_20072026033003_WEB.xml","20-JUL-2026 15:30:08","20-JUL-2026 15:30:12","00:00:04"
"Ivalue Infosolutions Limited","32.1","67.9","0","-","30-JUN-2026","20-JUL-2026",,"https://nsearchives.nseindia.com/corporate/xbrl/SHP_1696753_20072026032308_WEB.xml","20-JUL-2026 15:23:11","20-JUL-2026 15:23:16","00:00:05"
"Tata Elxsi Limited","43.9","56.1","0","-","30-JUN-2026","20-JUL-2026",,"https://nsearchives.nseindia.com/corporate/xbrl/SHP_1696752_20072026032257_WEB.xml","20-JUL-2026 15:23:06","20-JUL-2026 15:23:11","00:00:05"
"DCM Shriram Limited","66.52","32.8","0.68","-","30-JUN-2026","20-JUL-2026",,"https://nsearchives.nseindia.com/corporate/xbrl/SHP_1696751_20072026032255_WEB.xml","20-JUL-2026 15:23:01","20-JUL-2026 15:23:06","00:00:05"
"Laxmi Dental Limited","41.8","58.2","0","-","30-JUN-2026","20-JUL-2026",,"https://nsearchives.nseindia.com/corporate/xbrl/SHP_1696749_20072026032244_WEB.xml","20-JUL-2026 15:22:49","20-JUL-2026 15:22:58","00:00:09"
"Zota Health Care LImited","49.38","50.62","0","-","30-JUN-2026","20-JUL-2026",,"https://nsearchives.nseindia.com/corporate/xbrl/SHP_1696748_20072026032244_WEB.xml","20-JUL-2026 15:22:49","20-JUL-2026 15:22:52","00:00:03"
"The Investment Trust Of India Limited","72.12","27.88","0","-","30-JUN-2026","20-JUL-2026",,"https://nsearchives.nseindia.com/corporate/xbrl/SHP_1696747_20072026032216_WEB.xml","20-JUL-2026 15:22:20","20-JUL-2026 15:22:25","00:00:05"
"Polyplex Corporation Limited","26.73","73.27","0","-","30-JUN-2026","20-JUL-2026",,"https://nsearchives.nseindia.com/corporate/xbrl/SHP_1696746_20072026032142_WEB.xml","20-JUL-2026 15:21:47","20-JUL-2026 15:21:52","00:00:05"
"Linde India Limited","75","25","0","-","30-JUN-2026","20-JUL-2026",,"https://nsearchives.nseindia.com/corporate/xbrl/SHP_1696744_20072026031918_WEB.xml","20-JUL-2026 15:19:23","20-JUL-2026 15:19:27","00:00:04"
"KEI Industries Limited","35","65","0","-","30-JUN-2026","20-JUL-2026",,"https://nsearchives.nseindia.com/corporate/xbrl/SHP_1696739_20072026031837_WEB.xml","20-JUL-2026 15:18:41","20-JUL-2026 15:18:45","00:00:04"
"Raymond Realty Limited","50.93","49.04","0.03","-","30-JUN-2026","20-JUL-2026",,"https://nsearchives.nseindia.com/corporate/xbrl/SHP_1696737_20072026031600_WEB.xml","20-JUL-2026 15:16:07","20-JUL-2026 15:16:12","00:00:05"
"Seshaasai Technologies Limited","81.8","18.2","0","-","30-JUN-2026","20-JUL-2026",,"https://nsearchives.nseindia.com/corporate/xbrl/SHP_1696735_20072026031454_WEB.xml","20-JUL-2026 15:14:59","20-JUL-2026 15:15:04","00:00:05"
"Vinyl Chemicals (India) Limited","50.41","49.59","0","-","30-JUN-2026","20-JUL-2026",,"https://nsearchives.nseindia.com/corporate/xbrl/SHP_1696729_20072026031330_WEB.xml","20-JUL-2026 15:13:37","20-JUL-2026 15:13:41","00:00:04"
"DCX Systems Limited","52.16","47.84","0","-","30-JUN-2026","20-JUL-2026",,"https://nsearchives.nseindia.com/corporate/xbrl/SHP_1696728_20072026031250_WEB.xml","20-JUL-2026 15:12:55","20-JUL-2026 15:12:59","00:00:04"
"Cello World Limited","75","25","0","-","30-JUN-2026","20-JUL-2026",,"https://nsearchives.nseindia.com/corporate/xbrl/SHP_1696727_20072026031241_WEB.xml","20-JUL-2026 15:12:45","20-JUL-2026 15:12:50","00:00:05"
"Primo Chemicals Limited","32.4","67.6","0","-","30-JUN-2026","20-JUL-2026",,"https://nsearchives.nseindia.com/corporate/xbrl/SHP_1696726_20072026031147_WEB.xml","20-JUL-2026 15:11:53","20-JUL-2026 15:11:58","00:00:05"
"SPL Industries Limited","74.85","25.15","0","-","30-JUN-2026","20-JUL-2026",,"https://nsearchives.nseindia.com/corporate/xbrl/SHP_1696725_20072026031109_WEB.xml","20-JUL-2026 15:11:12","20-JUL-2026 15:11:17","00:00:05"
"Godrej Agrovet Limited","67.74","32.26","0","-","30-JUN-2026","20-JUL-2026",,"https://nsearchives.nseindia.com/corporate/xbrl/SHP_1696723_20072026030800_WEB.xml","20-JUL-2026 15:08:06","20-JUL-2026 15:08:11","00:00:05"
"Man Industries (India) Limited","43.21","56.79","0","-","30-JUN-2026","20-JUL-2026",,"https://nsearchives.nseindia.com/corporate/xbrl/SHP_1696722_20072026030652_WEB.xml","20-JUL-2026 15:06:58","20-JUL-2026 15:07:03","00:00:05"
"JK Paper Limited","52.94","47.06","0","-","30-JUN-2026","20-JUL-2026",,"https://nsearchives.nseindia.com/corporate/xbrl/SHP_1696718_20072026030453_WEB.xml","20-JUL-2026 15:04:59","20-JUL-2026 15:05:04","00:00:05"
"Jubilant Foodworks Limited","40.27","59.4","0.33","-","30-JUN-2026","20-JUL-2026",,"https://nsearchives.nseindia.com/corporate/xbrl/SHP_1696717_20072026030416_WEB.xml","20-JUL-2026 15:04:23","20-JUL-2026 15:04:27","00:00:04"
"Jio Financial Services Limited","49.13","50.87","0","-","30-JUN-2026","20-JUL-2026",,"https://nsearchives.nseindia.com/corporate/xbrl/SHP_1696716_20072026030349_WEB.xml","20-JUL-2026 15:03:59","20-JUL-2026 15:04:05","00:00:06"
"GTL Limited","14.29","85.71","0","-","30-JUN-2026","20-JUL-2026",,"https://nsearchives.nseindia.com/corporate/xbrl/SHP_1696710_20072026030208_WEB.xml","20-JUL-2026 15:02:15","20-JUL-2026 15:02:19","00:00:04"
"Future Market Networks Limited","69.95","30.05","0","-","30-JUN-2026","20-JUL-2026",,"https://nsearchives.nseindia.com/corporate/xbrl/SHP_1696708_20072026025928_WEB.xml","20-JUL-2026 14:59:34","20-JUL-2026 14:59:39","00:00:05"
"MBL Infrastructure Limited","74.57","25.43","0","-","30-JUN-2026","20-JUL-2026",,"https://nsearchives.nseindia.com/corporate/xbrl/SHP_1696707_20072026025841_WEB.xml","20-JUL-2026 14:58:46","20-JUL-2026 14:58:51","00:00:05"
"Asian Hotels (West) Limited","72.12","27.88","0","-","30-JUN-2026","20-JUL-2026",,"https://nsearchives.nseindia.com/corporate/xbrl/SHP_1696703_20072026025649_WEB.xml","20-JUL-2026 14:56:54","20-JUL-2026 14:56:58","00:00:04"
"SPML Infra Limited","40.85","59.15","0","-","30-JUN-2026","20-JUL-2026",,"https://nsearchives.nseindia.com/corporate/xbrl/SHP_1696702_20072026025556_WEB.xml","20-JUL-2026 14:56:03","20-JUL-2026 14:56:07","00:00:04"
"Sanofi India Limited","60.4","39.6","0","-","30-JUN-2026","20-JUL-2026",,"https://nsearchives.nseindia.com/corporate/xbrl/SHP_1696700_20072026025447_WEB.xml","20-JUL-2026 14:54:54","20-JUL-2026 14:54:59","00:00:05"
"ITI Limited","90.02","9.98","0","-","30-JUN-2026","20-JUL-2026",,"https://nsearchives.nseindia.com/corporate/xbrl/SHP_1696699_20072026025445_WEB.xml","20-JUL-2026 14:54:49","20-JUL-2026 14:54:54","00:00:05"
"EPack Prefab Technologies Limited","64.95","35.05","0","-","30-JUN-2026","20-JUL-2026",,"https://nsearchives.nseindia.com/corporate/xbrl/SHP_1696687_20072026024959_WEB.xml","20-JUL-2026 14:50:08","20-JUL-2026 14:50:13","00:00:05"
"Capital Trust Limited","54.13","45.45","0.42","-","30-JUN-2026","20-JUL-2026",,"https://nsearchives.nseindia.com/corporate/xbrl/SHP_1696680_20072026024444_WEB.xml","20-JUL-2026 14:44:47","20-JUL-2026 14:44:52","00:00:05"
"Eurotex Industries and Exports Limited","70.99","29.01","0","-","30-JUN-2026","20-JUL-2026",,"https://nsearchives.nseindia.com/corporate/xbrl/SHP_1696671_20072026024128_WEB.xml","20-JUL-2026 14:41:31","20-JUL-2026 14:41:35","00:00:04"
"NMDC Steel Limited","60.79","39.21","0","-","30-JUN-2026","20-JUL-2026",,"https://nsearchives.nseindia.com/corporate/xbrl/SHP_1696666_20072026023855_WEB.xml","20-JUL-2026 14:38:59","20-JUL-2026 14:39:04","00:00:05"
"N R Agarwal Industries Limited","74.29","25.71","0","-","30-JUN-2026","20-JUL-2026",,"https://nsearchives.nseindia.com/corporate/xbrl/SHP_1696660_20072026023320_WEB.xml","20-JUL-2026 14:33:23","20-JUL-2026 14:33:27","00:00:04"
"Manugraph India Limited","57.67","42.33","0","-","30-JUN-2026","20-JUL-2026",,"https://nsearchives.nseindia.com/corporate/xbrl/SHP_1696658_20072026022957_WEB.xml","20-JUL-2026 14:30:02","20-JUL-2026 14:30:09","00:00:07"
"Coral India Finance & Housing Limited","74.96","25.04","0","-","30-JUN-2026","20-JUL-2026",,"https://nsearchives.nseindia.com/corporate/xbrl/SHP_1696653_20072026022521_WEB.xml","20-JUL-2026 14:25:25","20-JUL-2026 14:25:29","00:00:04"
"Reliance Industrial Infrastructure Limited","45.43","54.57","0","-","30-JUN-2026","20-JUL-2026",,"https://nsearchives.nseindia.com/corporate/xbrl/SHP_1696652_20072026022449_WEB.xml","20-JUL-2026 14:24:53","20-JUL-2026 14:24:58","00:00:05"
"Steel Strips Wheels Limited","61.14","38.86","0","-","30-JUN-2026","20-JUL-2026",,"https://nsearchives.nseindia.com/corporate/xbrl/SHP_1696648_20072026022245_WEB.xml","20-JUL-2026 14:22:51","20-JUL-2026 14:22:59","00:00:08"
"Bajaj Holdings & Investment Limited","51.46","48.54","0","Revised","30-JUN-2026","20-JUL-2026","23-JUL-2026","https://nsearchives.nseindia.com/corporate/xbrl/SHP_1700036_23072026043850_WEB.xml","24-JUL-2026 15:53:49","24-JUL-2026 15:53:54","00:00:05"
"Oriental Trimex Limited","25.85","74.15","0","-","30-JUN-2026","20-JUL-2026",,"https://nsearchives.nseindia.com/corporate/xbrl/SHP_1696646_20072026022155_WEB.xml","20-JUL-2026 14:21:59","20-JUL-2026 14:22:03","00:00:04"
"Hikal Limited","68.85","31.15","0","-","30-JUN-2026","20-JUL-2026",,"https://nsearchives.nseindia.com/corporate/xbrl/SHP_1696643_20072026021951_WEB.xml","20-JUL-2026 14:19:56","20-JUL-2026 14:20:01","00:00:05"
"Sun Pharma Advanced Research Company Limited","65.67","34.33","0","Revised","30-JUN-2026","20-JUL-2026","20-AUG-2026","https://nsearchives.nseindia.com/corporate/xbrl/SHP_1716265_20082026123725_WEB.xml","20-AUG-2026 13:04:38","20-AUG-2026 13:04:42","00:00:04"
"Eicher Motors Limited","49.02","50.98","0","-","30-JUN-2026","20-JUL-2026",,"https://nsearchives.nseindia.com/corporate/xbrl/SHP_1696639_20072026020840_WEB.xml","20-JUL-2026 14:08:47","20-JUL-2026 14:08:51","00:00:04"
"Shadowfax Technologies Limited","16.51","83.49","0","-","30-JUN-2026","20-JUL-2026",,"https://nsearchives.nseindia.com/corporate/xbrl/SHP_1696637_20072026020744_WEB.xml","20-JUL-2026 14:07:50","20-JUL-2026 14:07:54","00:00:04"
"EID Parry India Limited","41.28","58.72","0","Revised","30-JUN-2026","20-JUL-2026","11-SEP-2026","https://nsearchives.nseindia.com/corporate/xbrl/SHP_1723581_11092026031058_WEB.xml","11-SEP-2026 15:15:53","11-SEP-2026 15:15:57","00:00:04"
"Williamson Magor & Company Limited","62.01","37.99","0","-","30-JUN-2026","20-JUL-2026",,"https://nsearchives.nseindia.com/corporate/xbrl/SHP_1696628_20072026020104_WEB.xml","20-JUL-2026 14:01:08","20-JUL-2026 14:01:14","00:00:06"
"Onelife Capital Advisors Limited","26.03","73.97","0","-","30-JUN-2026","20-JUL-2026",,"https://nsearchives.nseindia.com/corporate/xbrl/SHP_1696627_20072026020058_WEB.xml","20-JUL-2026 14:01:01","20-JUL-2026 14:01:06","00:00:05"
"Honeywell Automation India Limited","75","25","0","-","30-JUN-2026","20-JUL-2026",,"https://nsearchives.nseindia.com/corporate/xbrl/SHP_1696624_20072026015542_WEB.xml","20-JUL-2026 13:55:47","20-JUL-2026 13:55:51","00:00:04"
"Kwality Wall's (India) Limited","61.91","38.09","0","-","30-JUN-2026","20-JUL-2026",,"https://nsearchives.nseindia.com/corporate/xbrl/SHP_1696618_20072026014728_WEB.xml","20-JUL-2026 13:47:33","20-JUL-2026 13:47:38","00:00:05"
"Digicontent Limited","66.81","32.9","0.28","-","30-JUN-2026","20-JUL-2026",,"https://nsearchives.nseindia.com/corporate/xbrl/SHP_1696617_20072026014535_WEB.xml","20-JUL-2026 13:45:38","20-JUL-2026 13:45:47","00:00:09"
"Delhivery Limited","0","100","0","-","30-JUN-2026","20-JUL-2026",,"https://nsearchives.nseindia.com/corporate/xbrl/SHP_1696616_20072026014531_WEB.xml","20-JUL-2026 13:45:37","20-JUL-2026 13:45:41","00:00:04"
"Arshiya Limited","14.37","85.63","0","-","30-JUN-2026","20-JUL-2026",,"https://nsearchives.nseindia.com/corporate/xbrl/SHP_1696615_20072026014423_WEB.xml","20-JUL-2026 13:44:26","20-JUL-2026 13:44:30","00:00:04"
"Next Mediaworks Limited","74.99","25.01","0","-","30-JUN-2026","20-JUL-2026",,"https://nsearchives.nseindia.com/corporate/xbrl/SHP_1696614_20072026014412_WEB.xml","20-JUL-2026 13:44:16","20-JUL-2026 13:44:21","00:00:05"
"Shiv Aum Steels Limited","73.53","26.47","0","-","30-JUN-2026","20-JUL-2026",,"https://nsearchives.nseindia.com/corporate/xbrl/SHP_1696610_20072026014059_WEB.xml","20-JUL-2026 13:41:02","20-JUL-2026 13:41:07","00:00:05"
"HT Media Limited","69.5","29.88","0.62","Revised","30-JUN-2026","20-JUL-2026","04-AUG-2026","https://nsearchives.nseindia.com/corporate/xbrl/SHP_1707547_04082026041155_WEB.xml","07-AUG-2026 16:05:14","07-AUG-2026 16:05:18","00:00:04"
"Som Distilleries & Breweries Limited","39.44","60.56","0","-","30-JUN-2026","20-JUL-2026",,"https://nsearchives.nseindia.com/corporate/xbrl/SHP_1696604_20072026013639_WEB.xml","20-JUL-2026 13:36:42","20-JUL-2026 13:36:47","00:00:05"
"Burnpur Cement Limited","1.98","98.02","0","-","30-JUN-2026","20-JUL-2026",,"https://nsearchives.nseindia.com/corporate/xbrl/SHP_1696603_20072026013600_WEB.xml","20-JUL-2026 13:36:03","20-JUL-2026 13:36:08","00:00:05"
"Shankar Lal Rampal Dye-Chem Limited","73.61","26.39","0","-","30-JUN-2026","20-JUL-2026",,"https://nsearchives.nseindia.com/corporate/xbrl/SHP_1696597_20072026013218_WEB.xml","20-JUL-2026 13:32:21","20-JUL-2026 13:32:26","00:00:05"
"Tega Industries Limited","67.5","32.5","0","-","30-JUN-2026","20-JUL-2026",,"https://nsearchives.nseindia.com/corporate/xbrl/SHP_1696596_20072026013003_WEB.xml","20-JUL-2026 13:30:09","20-JUL-2026 13:30:13","00:00:04"
"Arvind Fashions Limited","35.1","64.9","0","-","30-JUN-2026","20-JUL-2026",,"https://nsearchives.nseindia.com/corporate/xbrl/SHP_1696595_20072026012813_WEB.xml","20-JUL-2026 13:28:20","20-JUL-2026 13:28:24","00:00:04"
"Gujarat Kidney And Super Speciality Limited","71.45","28.55","0","-","30-JUN-2026","20-JUL-2026",,"https://nsearchives.nseindia.com/corporate/xbrl/SHP_1696591_20072026012612_WEB.xml","20-JUL-2026 13:26:15","20-JUL-2026 13:26:20","00:00:05"
"Mahanagar Gas Limited","32.5","67.5","0","-","30-JUN-2026","20-JUL-2026",,"https://nsearchives.nseindia.com/corporate/xbrl/SHP_1696586_20072026012118_WEB.xml","20-JUL-2026 13:21:23","20-JUL-2026 13:21:27","00:00:04"
"Hinduja Global Solutions Limited","67.99","32.01","0","-","30-JUN-2026","20-JUL-2026",,"https://nsearchives.nseindia.com/corporate/xbrl/SHP_1696580_20072026011625_WEB.xml","20-JUL-2026 13:16:29","20-JUL-2026 13:16:34","00:00:05"
"Maharashtra Scooters Limited","51","49","0","-","30-JUN-2026","20-JUL-2026",,"https://nsearchives.nseindia.com/corporate/xbrl/SHP_1696579_20072026011528_WEB.xml","20-JUL-2026 13:15:33","20-JUL-2026 13:15:39","00:00:06"
"Supreme Petrochem Limited","64.24","35.76","0","-","30-JUN-2026","20-JUL-2026",,"https://nsearchives.nseindia.com/corporate/xbrl/SHP_1696572_20072026011006_WEB.xml","20-JUL-2026 13:10:11","20-JUL-2026 13:10:15","00:00:04"
"NOCIL Limited","33.76","66.24","0","Revised","30-JUN-2026","20-JUL-2026","23-JUL-2026","https://nsearchives.nseindia.com/corporate/xbrl/SHP_1699742_23072026115101_WEB.xml","23-JUL-2026 12:03:24","23-JUL-2026 12:03:28","00:00:04"
"Huhtamaki India Limited","67.73","32.27","0","-","30-JUN-2026","20-JUL-2026",,"https://nsearchives.nseindia.com/corporate/xbrl/SHP_1696570_20072026010744_WEB.xml","20-JUL-2026 13:07:50","20-JUL-2026 13:07:54","00:00:04"
"Radha Madhav Corporation Limited","24.95","75.05","0","-","30-JUN-2026","20-JUL-2026",,"https://nsearchives.nseindia.com/corporate/xbrl/SHP_1696568_20072026010312_WEB.xml","20-JUL-2026 13:03:15","20-JUL-2026 13:03:19","00:00:04"
"Sangam (India) Limited","70.52","27.63","1.85","-","30-JUN-2026","20-JUL-2026",,"https://nsearchives.nseindia.com/corporate/xbrl/SHP_1696557_20072026125334_WEB.xml","20-JUL-2026 12:53:39","20-JUL-2026 12:53:43","00:00:04"
"Fractal Analytics Limited","16.97","83.03","0","-","30-JUN-2026","20-JUL-2026",,"https://nsearchives.nseindia.com/corporate/xbrl/SHP_1696554_20072026125303_WEB.xml","20-JUL-2026 12:53:12","20-JUL-2026 12:53:16","00:00:04"
"NK Industries Limited","73.27","26.73","0","-","30-JUN-2026","20-JUL-2026",,"https://nsearchives.nseindia.com/corporate/xbrl/SHP_1696551_20072026125058_WEB.xml","20-JUL-2026 12:51:03","20-JUL-2026 12:51:07","00:00:04"
"Nucleus Software Exports Limited","73.6","26.4","0","-","30-JUN-2026","20-JUL-2026",,"https://nsearchives.nseindia.com/corporate/xbrl/SHP_1696548_20072026124844_WEB.xml","20-JUL-2026 12:48:50","20-JUL-2026 12:48:55","00:00:05"
"ZF Commercial Vehicle Control Systems India Limited","60","40","0","-","30-JUN-2026","20-JUL-2026",,"https://nsearchives.nseindia.com/corporate/xbrl/SHP_1696547_20072026124750_WEB.xml","20-JUL-2026 12:47:56","20-JUL-2026 12:48:00","00:00:04"
"Garware Technical Fibres Limited","54.25","45.75","0","-","30-JUN-2026","20-JUL-2026",,"https://nsearchives.nseindia.com/corporate/xbrl/SHP_1696545_20072026124552_WEB.xml","20-JUL-2026 12:45:58","20-JUL-2026 12:46:03","00:00:05"
"Styrenix Performance Materials Limited","46.24","53.76","0","-","30-JUN-2026","20-JUL-2026",,"https://nsearchives.nseindia.com/corporate/xbrl/SHP_1696544_20072026124548_WEB.xml","20-JUL-2026 12:45:53","20-JUL-2026 12:45:57","00:00:04"
"KSR Footwear Limited","60.94","39.06","0","-","30-JUN-2026","20-JUL-2026",,"https://nsearchives.nseindia.com/corporate/xbrl/SHP_1696543_20072026124526_WEB.xml","20-JUL-2026 12:45:32","20-JUL-2026 12:45:43","00:00:11"
"Jinkushal Industries Limited","74.99","25.01","0","-","30-JUN-2026","20-JUL-2026",,"https://nsearchives.nseindia.com/corporate/xbrl/SHP_1696542_20072026124525_WEB.xml","20-JUL-2026 12:45:27","20-JUL-2026 12:45:33","00:00:06"
"Poddar Housing and Development Limited","53.03","46.97","0","-","30-JUN-2026","20-JUL-2026",,"https://nsearchives.nseindia.com/corporate/xbrl/SHP_1696541_20072026124434_WEB.xml","20-JUL-2026 12:44:39","20-JUL-2026 12:44:43","00:00:04"
"TVS Supply Chain Solutions Limited","43.03","56.97","0","-","30-JUN-2026","20-JUL-2026",,"https://nsearchives.nseindia.com/corporate/xbrl/SHP_1696540_20072026124426_WEB.xml","20-JUL-2026 12:44:31","20-JUL-2026 12:44:35","00:00:04"
"Vedant Fashions Limited","74.94","25.06","0","-","30-JUN-2026","20-JUL-2026",,"https://nsearchives.nseindia.com/corporate/xbrl/SHP_1696536_20072026124022_WEB.xml","20-JUL-2026 12:40:27","20-JUL-2026 12:40:31","00:00:04"
"Transrail Lighting Limited","71.12","28.88","0","-","30-JUN-2026","20-JUL-2026",,"https://nsearchives.nseindia.com/corporate/xbrl/SHP_1696531_20072026123817_WEB.xml","20-JUL-2026 12:38:23","20-JUL-2026 12:38:27","00:00:04"
"Mazagon Dock Shipbuilders Limited","81.22","18.78","0","-","30-JUN-2026","20-JUL-2026",,"https://nsearchives.nseindia.com/corporate/xbrl/SHP_1696530_20072026123811_WEB.xml","20-JUL-2026 12:38:17","20-JUL-2026 12:38:21","00:00:04"
"Bannari Amman Spinning Mills Limited","49.55","50.45","0","-","30-JUN-2026","20-JUL-2026",,"https://nsearchives.nseindia.com/corporate/xbrl/SHP_1696527_20072026123605_WEB.xml","20-JUL-2026 12:36:10","20-JUL-2026 12:36:15","00:00:05"
"Punj Lloyd Limited","95","5","0","-","30-JUN-2026","20-JUL-2026",,"https://nsearchives.nseindia.com/corporate/xbrl/SHP_1696525_20072026123524_WEB.xml","20-JUL-2026 12:35:26","20-JUL-2026 12:35:30","00:00:04"
"Indian Terrain Fashions Limited","31.55","68.45","0","-","30-JUN-2026","20-JUL-2026",,"https://nsearchives.nseindia.com/corporate/xbrl/SHP_1696524_20072026123418_WEB.xml","20-JUL-2026 12:34:22","20-JUL-2026 12:34:27","00:00:05"
"WESTLIFE FOODWORLD LIMITED","56.4","43.08","0.52","-","30-JUN-2026","20-JUL-2026",,"https://nsearchives.nseindia.com/corporate/xbrl/SHP_1696523_20072026123412_WEB.xml","20-JUL-2026 12:34:17","20-JUL-2026 12:34:21","00:00:04"
"Ujaas Energy Limited","74.96","25.04","0","-","30-JUN-2026","20-JUL-2026",,"https://nsearchives.nseindia.com/corporate/xbrl/SHP_1696519_20072026123257_WEB.xml","20-JUL-2026 12:33:02","20-JUL-2026 12:33:07","00:00:05"
"Bosch Limited","70.54","29.46","0","-","30-JUN-2026","20-JUL-2026",,"https://nsearchives.nseindia.com/corporate/xbrl/SHP_1696511_20072026122702_WEB.xml","20-JUL-2026 12:27:08","20-JUL-2026 12:27:14","00:00:06"
"Pondy Oxides & Chemicals Limited","36.39","63.61","0","-","30-JUN-2026","20-JUL-2026",,"https://nsearchives.nseindia.com/corporate/xbrl/SHP_1696510_20072026122616_WEB.xml","20-JUL-2026 12:26:21","20-JUL-2026 12:26:28","00:00:07"
"Anant Raj Limited","57.42","42.58","0","-","30-JUN-2026","20-JUL-2026",,"https://nsearchives.nseindia.com/corporate/xbrl/SHP_1696509_20072026122613_WEB.xml","20-JUL-2026 12:26:17","20-JUL-2026 12:26:21","00:00:04"
"3P Land Holdings Limited","73.3","26.7","0","-","30-JUN-2026","20-JUL-2026",,"https://nsearchives.nseindia.com/corporate/xbrl/SHP_1696498_20072026121815_WEB.xml","20-JUL-2026 12:18:20","20-JUL-2026 12:18:24","00:00:04"
"Oil & Natural Gas Corporation Limited","58.89","41.11","0","-","30-JUN-2026","20-JUL-2026",,"https://nsearchives.nseindia.com/corporate/xbrl/SHP_1696493_20072026120945_WEB.xml","20-JUL-2026 12:09:51","20-JUL-2026 12:09:56","00:00:05"
"Viji Finance Limited","39.31","60.69","0","-","30-JUN-2026","20-JUL-2026",,"https://nsearchives.nseindia.com/corporate/xbrl/SHP_1696488_20072026120640_WEB.xml","20-JUL-2026 12:06:44","20-JUL-2026 12:06:48","00:00:04"
"Alok Industries Limited","75","25","0","-","30-JUN-2026","20-JUL-2026",,"https://nsearchives.nseindia.com/corporate/xbrl/SHP_1696480_20072026120207_WEB.xml","20-JUL-2026 12:02:13","20-JUL-2026 12:02:18","00:00:05"
"Vedanta Limited","54.72","45.12","0.16","-","30-JUN-2026","20-JUL-2026",,"https://nsearchives.nseindia.com/corporate/xbrl/SHP_1696479_20072026120029_WEB.xml","20-JUL-2026 12:00:34","20-JUL-2026 12:00:38","00:00:04"
"Graphite India Limited","65.34","34.66","0","-","30-JUN-2026","20-JUL-2026",,"https://nsearchives.nseindia.com/corporate/xbrl/SHP_1696478_20072026115941_WEB.xml","20-JUL-2026 11:59:46","20-JUL-2026 11:59:52","00:00:06"
"NIBE Limited","52.27","47.73","0","-","30-JUN-2026","20-JUL-2026",,"https://nsearchives.nseindia.com/corporate/xbrl/SHP_1696477_20072026115924_WEB.xml","20-JUL-2026 11:59:28","20-JUL-2026 11:59:33","00:00:05"
"CESC Limited","52.11","47.89","0","-","30-JUN-2026","20-JUL-2026",,"https://nsearchives.nseindia.com/corporate/xbrl/SHP_1696476_20072026115854_WEB.xml","20-JUL-2026 11:59:02","20-JUL-2026 11:59:06","00:00:04"
"JK Lakshmi Cement Limited","45.12","54.88","0","-","30-JUN-2026","20-JUL-2026",,"https://nsearchives.nseindia.com/corporate/xbrl/SHP_1696474_20072026115715_WEB.xml","20-JUL-2026 11:57:21","20-JUL-2026 11:57:27","00:00:06"
"Crompton Greaves Consumer Electricals Limited","0","100","0","-","30-JUN-2026","20-JUL-2026",,"https://nsearchives.nseindia.com/corporate/xbrl/SHP_1696472_20072026115649_WEB.xml","20-JUL-2026 11:56:53","20-JUL-2026 11:56:58","00:00:05"
"ADF Foods Limited","36.13","63.87","0","-","30-JUN-2026","20-JUL-2026",,"https://nsearchives.nseindia.com/corporate/xbrl/SHP_1696471_20072026115449_WEB.xml","20-JUL-2026 11:54:55","20-JUL-2026 11:55:00","00:00:05"
"Gulshan Polyols Limited","66.8","32.9","0.3","-","30-JUN-2026","20-JUL-2026",,"https://nsearchives.nseindia.com/corporate/xbrl/SHP_1696466_20072026115027_WEB.xml","20-JUL-2026 11:50:33","20-JUL-2026 11:50:38","00:00:05"
"Fusion Finance Limited","53.96","45.81","0.23","-","30-JUN-2026","20-JUL-2026",,"https://nsearchives.nseindia.com/corporate/xbrl/SHP_1696464_20072026115011_WEB.xml","20-JUL-2026 11:50:16","20-JUL-2026 11:50:21","00:00:05"
"Supreme Holdings & Hospitality (India) Limited","58.17","41.83","0","-","30-JUN-2026","20-JUL-2026",,"https://nsearchives.nseindia.com/corporate/xbrl/SHP_1696463_20072026114956_WEB.xml","20-JUL-2026 11:50:02","20-JUL-2026 11:50:07","00:00:05"
"Rategain Travel Technologies Limited","48.78","51.17","0.06","-","30-JUN-2026","20-JUL-2026",,"https://nsearchives.nseindia.com/corporate/xbrl/SHP_1696442_20072026113923_WEB.xml","20-JUL-2026 11:39:27","20-JUL-2026 11:39:32","00:00:05"
"SKF India Limited","52.58","47.42","0","-","30-JUN-2026","20-JUL-2026",,"https://nsearchives.nseindia.com/corporate/xbrl/SHP_1696438_20072026113642_WEB.xml","20-JUL-2026 11:36:48","20-JUL-2026 11:36:52","00:00:04"
"Cura Technologies Limited","74.95","25.05","0","-","30-JUN-2026","20-JUL-2026",,"https://nsearchives.nseindia.com/corporate/xbrl/SHP_1696434_20072026113138_WEB.xml","20-JUL-2026 11:31:42","20-JUL-2026 11:31:46","00:00:04"
"Carraro India Limited","68.77","31.23","0","-","30-JUN-2026","20-JUL-2026",,"https://nsearchives.nseindia.com/corporate/xbrl/SHP_1696426_20072026112407_WEB.xml","20-JUL-2026 11:24:12","20-JUL-2026 11:24:18","00:00:06"
"Aeroflex Neu Limited","60.46","39.54","0","-","30-JUN-2026","20-JUL-2026",,"https://nsearchives.nseindia.com/corporate/xbrl/SHP_1696425_20072026112359_WEB.xml","20-JUL-2026 11:24:03","20-JUL-2026 11:24:08","00:00:05"
"EPL Limited","26.38","73.62","0","-","30-JUN-2026","20-JUL-2026",,"https://nsearchives.nseindia.com/corporate/xbrl/SHP_1696420_20072026111914_WEB.xml","20-JUL-2026 11:19:23","20-JUL-2026 11:19:27","00:00:04"
"IKIO Technologies Limited","72.55","27.45","0","Revised","30-JUN-2026","20-JUL-2026","29-JUL-2026","https://nsearchives.nseindia.com/corporate/xbrl/SHP_1704260_29072026060629_WEB.xml","07-AUG-2026 17:17:38","07-AUG-2026 17:17:42","00:00:04"
"Tainwala Chemical and Plastic (I) Limited","68.12","31.88","0","-","30-JUN-2026","20-JUL-2026",,"https://nsearchives.nseindia.com/corporate/xbrl/SHP_1696417_20072026111603_WEB.xml","20-JUL-2026 11:16:08","20-JUL-2026 11:16:13","00:00:05"
"Glottis Limited","74.23","25.77","0","-","30-JUN-2026","20-JUL-2026",,"https://nsearchives.nseindia.com/corporate/xbrl/SHP_1696409_20072026110017_WEB.xml","20-JUL-2026 11:00:21","20-JUL-2026 11:00:25","00:00:04"
"Creative Newtech Limited","56.62","43.38","0","-","30-JUN-2026","20-JUL-2026",,"https://nsearchives.nseindia.com/corporate/xbrl/SHP_1696407_20072026105834_WEB.xml","20-JUL-2026 10:58:38","20-JUL-2026 10:58:42","00:00:04"
"MT Educare Limited","59.12","40.88","0","-","30-JUN-2026","20-JUL-2026",,"https://nsearchives.nseindia.com/corporate/xbrl/SHP_1696405_20072026105552_WEB.xml","20-JUL-2026 10:55:57","20-JUL-2026 10:56:02","00:00:05"
"KRBL Limited","60.17","39.83","0","-","30-JUN-2026","20-JUL-2026",,"https://nsearchives.nseindia.com/corporate/xbrl/SHP_1696403_20072026105021_WEB.xml","20-JUL-2026 10:50:27","20-JUL-2026 10:50:32","00:00:05"
"SBI Cards and Payment Services Limited","68.86","31.14","0","-","30-JUN-2026","20-JUL-2026",,"https://nsearchives.nseindia.com/corporate/xbrl/SHP_1696400_20072026104456_WEB.xml","20-JUL-2026 10:45:04","20-JUL-2026 10:45:08","00:00:04"
"Marksans Pharma Limited","43.87","56.13","0","-","30-JUN-2026","20-JUL-2026",,"https://nsearchives.nseindia.com/corporate/xbrl/SHP_1696395_20072026103809_WEB.xml","20-JUL-2026 10:38:16","20-JUL-2026 10:38:20","00:00:04"
"Advait Energy Transitions Limited","66.52","33.48","0","-","30-JUN-2026","20-JUL-2026",,"https://nsearchives.nseindia.com/corporate/xbrl/SHP_1696392_20072026103302_WEB.xml","20-JUL-2026 10:33:09","20-JUL-2026 10:33:13","00:00:04"
"Shankara Buildpro Limited","40.18","59.82","0","-","30-JUN-2026","20-JUL-2026",,"https://nsearchives.nseindia.com/corporate/xbrl/SHP_1696391_20072026103221_WEB.xml","20-JUL-2026 10:32:26","20-JUL-2026 10:32:31","00:00:05"
"Consolidated Finvest & Holdings Limited","74.89","25.11","0","-","30-JUN-2026","20-JUL-2026",,"https://nsearchives.nseindia.com/corporate/xbrl/SHP_1696385_20072026101003_WEB.xml","20-JUL-2026 10:10:09","20-JUL-2026 10:10:15","00:00:06"
"TTK Healthcare Limited","74.56","25.44","0","-","30-JUN-2026","20-JUL-2026",,"https://nsearchives.nseindia.com/corporate/xbrl/SHP_1696382_20072026100035_WEB.xml","20-JUL-2026 10:00:40","20-JUL-2026 10:00:45","00:00:05"
"Bajaj Auto Limited","55.01","44.99","0","-","30-JUN-2026","20-JUL-2026",,"https://nsearchives.nseindia.com/corporate/xbrl/SHP_1696379_20072026090038_WEB.xml","20-JUL-2026 09:00:46","20-JUL-2026 09:00:51","00:00:05"
"Shree Digvijay Cement Co.Ltd","63.71","36.29","0","-","30-JUN-2026","20-JUL-2026",,"https://nsearchives.nseindia.com/corporate/xbrl/SHP_1696378_20072026085822_WEB.xml","20-JUL-2026 08:58:28","20-JUL-2026 08:58:32","00:00:04"
"Orient Green Power Company Limited","24.38","75.62","0","-","30-JUN-2026","19-JUL-2026",,"https://nsearchives.nseindia.com/corporate/xbrl/SHP_1696343_19072026120902_WEB.xml","19-JUL-2026 00:09:07","19-JUL-2026 00:09:11","00:00:04"
"DELPHI WORLD MONEY LIMITED","61.32","38.68","0","-","30-JUN-2026","19-JUL-2026",,"https://nsearchives.nseindia.com/corporate/xbrl/SHP_1696373_19072026110448_WEB.xml","19-JUL-2026 23:04:54","19-JUL-2026 23:05:00","00:00:06"
"DCM Nouvelle Limited","50.11","49.89","0","-","30-JUN-2026","19-JUL-2026",,"https://nsearchives.nseindia.com/corporate/xbrl/SHP_1696372_19072026105000_WEB.xml","19-JUL-2026 22:50:05","19-JUL-2026 22:50:10","00:00:05"
"R R Kabel Limited","61.38","38.62","0","-","30-JUN-2026","19-JUL-2026",,"https://nsearchives.nseindia.com/corporate/xbrl/SHP_1696368_19072026094407_WEB.xml","19-JUL-2026 21:44:14","19-JUL-2026 21:44:18","00:00:04"
"Home First Finance Company India Limited","6.97","93.03","0","-","30-JUN-2026","19-JUL-2026",,"https://nsearchives.nseindia.com/corporate/xbrl/SHP_1696367_19072026090147_WEB.xml","19-JUL-2026 21:01:52","19-JUL-2026 21:01:58","00:00:06"
"InfoBeans Technologies Limited","72.82","27.18","0","-","30-JUN-2026","19-JUL-2026",,"https://nsearchives.nseindia.com/corporate/xbrl/SHP_1696366_19072026084953_WEB.xml","19-JUL-2026 20:49:58","19-JUL-2026 20:50:02","00:00:04"
"Bajaj Electricals Limited","62.69","37.31","0","-","30-JUN-2026","19-JUL-2026",,"https://nsearchives.nseindia.com/corporate/xbrl/SHP_1696365_19072026080137_WEB.xml","19-JUL-2026 20:01:48","19-JUL-2026 20:01:54","00:00:06"
"Country Club Hospitality & Holidays Limited","73.8","26.2","0","-","30-JUN-2026","19-JUL-2026",,"https://nsearchives.nseindia.com/corporate/xbrl/SHP_1696359_19072026041446_WEB.xml","19-JUL-2026 16:14:49","19-JUL-2026 16:14:53","00:00:04"
"Country Condo's Limited","53.86","46.14","0","-","30-JUN-2026","19-JUL-2026",,"https://nsearchives.nseindia.com/corporate/xbrl/SHP_1696358_19072026040612_WEB.xml","19-JUL-2026 16:06:14","19-JUL-2026 16:06:18","00:00:04"
"Mangalam Cement Limited","40","60","0","-","30-JUN-2026","19-JUL-2026",,"https://nsearchives.nseindia.com/corporate/xbrl/SHP_1696356_19072026030257_WEB.xml","19-JUL-2026 15:03:00","19-JUL-2026 15:03:04","00:00:04"
"Kirloskar Pneumatic Company Limited","38.81","61.19","0","-","30-JUN-2026","19-JUL-2026",,"https://nsearchives.nseindia.com/corporate/xbrl/SHP_1696353_19072026024804_WEB.xml","19-JUL-2026 14:48:15","19-JUL-2026 14:48:20","00:00:05"
"South West Pinnacle Exploration Limited","64.81","35.19","0","-","30-JUN-2026","19-JUL-2026",,"https://nsearchives.nseindia.com/corporate/xbrl/SHP_1696349_19072026105045_WEB.xml","19-JUL-2026 10:50:48","19-JUL-2026 10:50:54","00:00:06"
"Texmaco Rail & Engineering Limited","48.34","51.66","0","-","30-JUN-2026","19-JUL-2026",,"https://nsearchives.nseindia.com/corporate/xbrl/SHP_1696347_19072026101840_WEB.xml","19-JUL-2026 10:18:45","19-JUL-2026 10:18:50","00:00:05"
"Praxis Home Retail Limited","7.23","92.77","0","-","30-JUN-2026","18-JUL-2026",,"https://nsearchives.nseindia.com/corporate/xbrl/SHP_1695844_18072026073307_WEB.xml","18-JUL-2026 07:33:18","18-JUL-2026 07:33:23","00:00:05"
"Universus Photo Imagings Limited","74.55","25.45","0","-","30-JUN-2026","18-JUL-2026",,"https://nsearchives.nseindia.com/corporate/xbrl/SHP_1696341_18072026114141_WEB.xml","18-JUL-2026 23:41:44","18-JUL-2026 23:41:48","00:00:04"
"Century Enka Limited","24.86","75.14","0","-","30-JUN-2026","18-JUL-2026",,"https://nsearchives.nseindia.com/corporate/xbrl/SHP_1696340_18072026113746_WEB.xml","18-JUL-2026 23:37:53","18-JUL-2026 23:37:57","00:00:04"
"Foseco India Limited","63.54","36.46","0","-","30-JUN-2026","18-JUL-2026",,"https://nsearchives.nseindia.com/corporate/xbrl/SHP_1696336_18072026102838_WEB.xml","18-JUL-2026 22:28:42","18-JUL-2026 22:28:47","00:00:05"
"Fedbank Financial Services Limited","60.67","39.33","0","-","30-JUN-2026","18-JUL-2026",,"https://nsearchives.nseindia.com/corporate/xbrl/SHP_1696327_18072026091846_WEB.xml","18-JUL-2026 21:18:51","18-JUL-2026 21:18:55","00:00:04"
"VIP Industries Limited","42.35","57.65","0","-","30-JUN-2026","18-JUL-2026",,"https://nsearchives.nseindia.com/corporate/xbrl/SHP_1696326_18072026091319_WEB.xml","18-JUL-2026 21:13:25","18-JUL-2026 21:13:30","00:00:05"
"LG Electronics India Limited","85","15","0","-","30-JUN-2026","18-JUL-2026",,"https://nsearchives.nseindia.com/corporate/xbrl/SHP_1696319_18072026081807_WEB.xml","18-JUL-2026 20:18:12","18-JUL-2026 20:18:16","00:00:04"
"Jaykay Enterprises Limited","65.19","34.81","0","-","30-JUN-2026","18-JUL-2026",,"https://nsearchives.nseindia.com/corporate/xbrl/SHP_1696316_18072026075223_WEB.xml","18-JUL-2026 19:52:29","18-JUL-2026 19:52:32","00:00:03"
"Diamond Power Infrastructure Limited","84.02","15.98","0","-","30-JUN-2026","18-JUL-2026",,"https://nsearchives.nseindia.com/corporate/xbrl/SHP_1696308_18072026072244_WEB.xml","18-JUL-2026 19:22:48","18-JUL-2026 19:22:52","00:00:04"
"Laxmi Goldorna House Limited","74.97","25.03","0","-","30-JUN-2026","18-JUL-2026",,"https://nsearchives.nseindia.com/corporate/xbrl/SHP_1696307_18072026072223_WEB.xml","18-JUL-2026 19:22:26","18-JUL-2026 19:22:31","00:00:05"
"PNGS Reva Diamond Jewellery Limited","64.77","35.23","0","-","30-JUN-2026","18-JUL-2026",,"https://nsearchives.nseindia.com/corporate/xbrl/SHP_1696305_18072026071645_WEB.xml","18-JUL-2026 19:16:50","18-JUL-2026 19:16:54","00:00:04"
"Supriya Lifescience Limited","68.3","31.7","0","-","30-JUN-2026","18-JUL-2026",,"https://nsearchives.nseindia.com/corporate/xbrl/SHP_1696304_18072026071157_WEB.xml","18-JUL-2026 19:12:01","18-JUL-2026 19:12:05","00:00:04"
"Nupur Recyclers Limited","73.6","26.4","0","-","30-JUN-2026","18-JUL-2026",,"https://nsearchives.nseindia.com/corporate/xbrl/SHP_1696292_18072026064748_WEB.xml","18-JUL-2026 18:47:51","18-JUL-2026 18:47:56","00:00:05"
"The Karnataka Bank Limited","0","100","0","-","30-JUN-2026","18-JUL-2026",,"https://nsearchives.nseindia.com/corporate/xbrl/SHP_1696286_18072026063504_WEB.xml","18-JUL-2026 18:35:08","18-JUL-2026 18:35:12","00:00:04"
"Lovable Lingerie Limited","63.95","36.05","0","-","30-JUN-2026","18-JUL-2026",,"https://nsearchives.nseindia.com/corporate/xbrl/SHP_1696284_18072026062812_WEB.xml","18-JUL-2026 18:28:15","18-JUL-2026 18:28:20","00:00:05"
"Punjab National Bank","70.08","29.92","0","-","30-JUN-2026","18-JUL-2026",,"https://nsearchives.nseindia.com/corporate/xbrl/SHP_1696280_18072026062246_WEB.xml","18-JUL-2026 18:22:52","18-JUL-2026 18:22:56","00:00:04"
"Saraswati Saree Depot Limited","74.98","25.02","0","-","30-JUN-2026","18-JUL-2026",,"https://nsearchives.nseindia.com/corporate/xbrl/SHP_1696276_18072026061941_WEB.xml","18-JUL-2026 18:19:44","18-JUL-2026 18:19:49","00:00:05"
"Muthoot Finance Limited","73.35","26.65","0","-","30-JUN-2026","18-JUL-2026",,"https://nsearchives.nseindia.com/corporate/xbrl/SHP_1696264_18072026060746_WEB.xml","18-JUL-2026 18:07:51","18-JUL-2026 18:07:55","00:00:04"
"Eris Lifesciences Limited","54.14","45.86","0","-","30-JUN-2026","18-JUL-2026",,"https://nsearchives.nseindia.com/corporate/xbrl/SHP_1696259_18072026055934_WEB.xml","18-JUL-2026 17:59:38","18-JUL-2026 17:59:42","00:00:04"
"Bajaj Finance Limited","54.67","45.24","0.08","-","30-JUN-2026","18-JUL-2026",,"https://nsearchives.nseindia.com/corporate/xbrl/SHP_1696255_18072026055655_WEB.xml","18-JUL-2026 17:57:02","18-JUL-2026 17:57:06","00:00:04"
"Megastar Foods Limited","61.47","38.53","0","-","30-JUN-2026","18-JUL-2026",,"https://nsearchives.nseindia.com/corporate/xbrl/SHP_1696241_18072026054335_WEB.xml","18-JUL-2026 17:43:37","18-JUL-2026 17:43:42","00:00:05"
"Sunflag Iron And Steel Company Limited","51.16","48.84","0","-","30-JUN-2026","18-JUL-2026",,"https://nsearchives.nseindia.com/corporate/xbrl/SHP_1696239_18072026053910_WEB.xml","18-JUL-2026 17:39:16","18-JUL-2026 17:39:20","00:00:04"
"S. P. Apparels Limited","61.81","38.19","0","-","30-JUN-2026","18-JUL-2026",,"https://nsearchives.nseindia.com/corporate/xbrl/SHP_1696238_18072026053901_WEB.xml","18-JUL-2026 17:39:05","18-JUL-2026 17:39:11","00:00:06"
"Kaveri Seed Company Limited","60.5","38.72","0.77","-","30-JUN-2026","18-JUL-2026",,"https://nsearchives.nseindia.com/corporate/xbrl/SHP_1696237_18072026053857_WEB.xml","18-JUL-2026 17:39:01","18-JUL-2026 17:39:06","00:00:05"
"Albert David Limited","62.24","37.76","0","-","30-JUN-2026","18-JUL-2026",,"https://nsearchives.nseindia.com/corporate/xbrl/SHP_1696233_18072026053652_WEB.xml","18-JUL-2026 17:36:56","18-JUL-2026 17:37:00","00:00:04"
"Shradha Realty Limited","74.98","25.02","0","-","30-JUN-2026","18-JUL-2026",,"https://nsearchives.nseindia.com/corporate/xbrl/SHP_1696232_18072026053622_WEB.xml","18-JUL-2026 17:36:26","18-JUL-2026 17:36:31","00:00:05"
"Amanta Healthcare Limited","63.8","36.2","0","-","30-JUN-2026","18-JUL-2026",,"https://nsearchives.nseindia.com/corporate/xbrl/SHP_1696223_18072026052950_WEB.xml","18-JUL-2026 17:29:54","18-JUL-2026 17:29:59","00:00:05"
"GNA Axles Limited","65.78","34.22","0","-","30-JUN-2026","18-JUL-2026",,"https://nsearchives.nseindia.com/corporate/xbrl/SHP_1696210_18072026052041_WEB.xml","18-JUL-2026 17:20:45","18-JUL-2026 17:20:50","00:00:05"
"Indo Borax & Chemicals Limited","38.41","61.59","0","-","30-JUN-2026","18-JUL-2026",,"https://nsearchives.nseindia.com/corporate/xbrl/SHP_1696209_18072026051959_WEB.xml","18-JUL-2026 17:20:03","18-JUL-2026 17:20:12","00:00:09"
"Mangalam Global Enterprise Limited","72.38","27.62","0","-","30-JUN-2026","18-JUL-2026",,"https://nsearchives.nseindia.com/corporate/xbrl/SHP_1696208_18072026051957_WEB.xml","18-JUL-2026 17:20:00","18-JUL-2026 17:20:06","00:00:06"
"Mukka Proteins Limited","73.33","26.67","0","-","30-JUN-2026","18-JUL-2026",,"https://nsearchives.nseindia.com/corporate/xbrl/SHP_1696204_18072026051744_WEB.xml","18-JUL-2026 17:17:50","18-JUL-2026 17:17:54","00:00:04"
"Advanced Enzyme Technologies Limited","43.24","56.76","0","-","30-JUN-2026","18-JUL-2026",,"https://nsearchives.nseindia.com/corporate/xbrl/SHP_1696201_18072026051111_WEB.xml","18-JUL-2026 17:11:17","18-JUL-2026 17:11:21","00:00:04"
"Kitex Garments Limited","56.66","43.34","0","-","30-JUN-2026","18-JUL-2026",,"https://nsearchives.nseindia.com/corporate/xbrl/SHP_1696200_18072026051048_WEB.xml","18-JUL-2026 17:10:53","18-JUL-2026 17:10:58","00:00:05"
"Premier Energies Limited","58.49","40.96","0.55","-","30-JUN-2026","18-JUL-2026",,"https://nsearchives.nseindia.com/corporate/xbrl/SHP_1696199_18072026050750_WEB.xml","18-JUL-2026 17:07:56","18-JUL-2026 17:08:00","00:00:04"
"ANDHRA PAPER LIMITED","72.45","27.55","0","-","30-JUN-2026","18-JUL-2026",,"https://nsearchives.nseindia.com/corporate/xbrl/SHP_1696186_18072026050302_WEB.xml","18-JUL-2026 17:03:07","18-JUL-2026 17:03:12","00:00:05"
"IMP Powers Limited","16.76","83.24","0","-","30-JUN-2026","18-JUL-2026",,"https://nsearchives.nseindia.com/corporate/xbrl/SHP_1696181_18072026045600_WEB.xml","18-JUL-2026 16:56:04","18-JUL-2026 16:56:09","00:00:05"
"Transwarranty Finance Limited","53.99","46.01","0","-","30-JUN-2026","18-JUL-2026",,"https://nsearchives.nseindia.com/corporate/xbrl/SHP_1696172_18072026044307_WEB.xml","18-JUL-2026 16:43:09","18-JUL-2026 16:43:14","00:00:05"
"Clean Science and Technology Limited","51.29","48.71","0","-","30-JUN-2026","18-JUL-2026",,"https://nsearchives.nseindia.com/corporate/xbrl/SHP_1696171_18072026044234_WEB.xml","18-JUL-2026 16:42:40","18-JUL-2026 16:42:45","00:00:05"
"Bajaj Finserv Limited","58.71","41.24","0.06","-","30-JUN-2026","18-JUL-2026",,"https://nsearchives.nseindia.com/corporate/xbrl/SHP_1696170_18072026044042_WEB.xml","18-JUL-2026 16:40:50","18-JUL-2026 16:40:57","00:00:07"
"TPL Plastech Limited","74.86","25.14","0","-","30-JUN-2026","18-JUL-2026",,"https://nsearchives.nseindia.com/corporate/xbrl/SHP_1696169_18072026044024_WEB.xml","18-JUL-2026 16:40:28","18-JUL-2026 16:40:33","00:00:05"
"Vedanta Power Limited","56.38","43.46","0.16","-","30-JUN-2026","18-JUL-2026",,"https://nsearchives.nseindia.com/corporate/xbrl/SHP_1696163_18072026043611_WEB.xml","18-JUL-2026 16:36:16","18-JUL-2026 16:36:20","00:00:04"
"Waterways Leisure Tourism Limited","89.35","10.65","0","-","30-JUN-2026","18-JUL-2026",,"https://nsearchives.nseindia.com/corporate/xbrl/SHP_1696159_18072026043047_WEB.xml","18-JUL-2026 16:30:51","18-JUL-2026 16:30:56","00:00:05"
"Bang Overseas Limited","67.89","32.11","0","-","30-JUN-2026","18-JUL-2026",,"https://nsearchives.nseindia.com/corporate/xbrl/SHP_1696157_18072026043008_WEB.xml","18-JUL-2026 16:30:10","18-JUL-2026 16:30:17","00:00:07"
"Agastya Energy and Infrastructure Limited","68","32","0","-","30-JUN-2026","18-JUL-2026",,"https://nsearchives.nseindia.com/corporate/xbrl/SHP_1696156_18072026043003_WEB.xml","18-JUL-2026 16:30:07","18-JUL-2026 16:30:11","00:00:04"
"Euro India Fresh Foods Limited","73.5","26.5","0","-","30-JUN-2026","18-JUL-2026",,"https://nsearchives.nseindia.com/corporate/xbrl/SHP_1696154_18072026042855_WEB.xml","18-JUL-2026 16:28:56","18-JUL-2026 16:29:00","00:00:04"
"Thomas Scott (India) Limited","52.32","47.68","0","-","30-JUN-2026","18-JUL-2026",,"https://nsearchives.nseindia.com/corporate/xbrl/SHP_1696153_18072026042649_WEB.xml","18-JUL-2026 16:26:51","18-JUL-2026 16:26:56","00:00:05"
"Concord Biotech Limited","44.08","55.92","0","-","30-JUN-2026","18-JUL-2026",,"https://nsearchives.nseindia.com/corporate/xbrl/SHP_1696145_18072026042302_WEB.xml","18-JUL-2026 16:23:08","18-JUL-2026 16:23:12","00:00:04"
"Cochin Shipyard Limited","67.91","32.09","0","-","30-JUN-2026","18-JUL-2026",,"https://nsearchives.nseindia.com/corporate/xbrl/SHP_1696144_18072026042209_WEB.xml","18-JUL-2026 16:22:13","18-JUL-2026 16:22:17","00:00:04"
"Akums Drugs and Pharmaceuticals Limited","75.26","22.01","2.73","-","30-JUN-2026","18-JUL-2026",,"https://nsearchives.nseindia.com/corporate/xbrl/SHP_1696143_18072026042104_WEB.xml","18-JUL-2026 16:21:09","18-JUL-2026 16:21:14","00:00:05"
"IDFC First Bank Limited","0","100","0","-","30-JUN-2026","18-JUL-2026",,"https://nsearchives.nseindia.com/corporate/xbrl/SHP_1696139_18072026041535_WEB.xml","18-JUL-2026 16:15:39","18-JUL-2026 16:15:44","00:00:05"
"Atal Realtech Limited","30.15","69.85","0","-","30-JUN-2026","18-JUL-2026",,"https://nsearchives.nseindia.com/corporate/xbrl/SHP_1696137_18072026041229_WEB.xml","18-JUL-2026 16:12:33","18-JUL-2026 16:12:37","00:00:04"
"Rajputana Stainless Limited","57.09","42.91","0","-","30-JUN-2026","18-JUL-2026",,"https://nsearchives.nseindia.com/corporate/xbrl/SHP_1696126_18072026040241_WEB.xml","18-JUL-2026 16:02:44","18-JUL-2026 16:02:48","00:00:04"
"Nila Spaces Limited","61.9","38.1","0","-","30-JUN-2026","18-JUL-2026",,"https://nsearchives.nseindia.com/corporate/xbrl/SHP_1696121_18072026035950_WEB.xml","18-JUL-2026 15:59:53","18-JUL-2026 15:59:58","00:00:05"
"Borana Weaves Limited","65.24","34.76","0","-","30-JUN-2026","18-JUL-2026",,"https://nsearchives.nseindia.com/corporate/xbrl/SHP_1696108_18072026035228_WEB.xml","18-JUL-2026 15:52:30","18-JUL-2026 15:52:35","00:00:05"
"Stylam Industries Limited","56.86","43.14","0","-","30-JUN-2026","18-JUL-2026",,"https://nsearchives.nseindia.com/corporate/xbrl/SHP_1696106_18072026035158_WEB.xml","18-JUL-2026 15:52:03","18-JUL-2026 15:52:07","00:00:04"
"Atul Auto Limited","42.7","57.3","0","-","30-JUN-2026","18-JUL-2026",,"https://nsearchives.nseindia.com/corporate/xbrl/SHP_1696100_18072026034757_WEB.xml","18-JUL-2026 15:48:01","18-JUL-2026 15:48:06","00:00:05"
"Hexagon Nutrition Limited","64.29","35.71","0","-","30-JUN-2026","18-JUL-2026",,"https://nsearchives.nseindia.com/corporate/xbrl/SHP_1696096_18072026034330_WEB.xml","18-JUL-2026 15:43:31","18-JUL-2026 15:43:35","00:00:04"
"Lloyds Enterprises Limited","62.72","37.28","0","-","30-JUN-2026","18-JUL-2026",,"https://nsearchives.nseindia.com/corporate/xbrl/SHP_1696094_18072026034030_WEB.xml","18-JUL-2026 15:40:36","18-JUL-2026 15:40:42","00:00:06"
"Navkar Urbanstructure Limited","35","65","0","-","30-JUN-2026","18-JUL-2026",,"https://nsearchives.nseindia.com/corporate/xbrl/SHP_1696093_18072026034028_WEB.xml","18-JUL-2026 15:40:31","18-JUL-2026 15:40:36","00:00:05"
"SKY GOLD AND DIAMONDS LIMITED","51.74","48.26","0","-","30-JUN-2026","18-JUL-2026",,"https://nsearchives.nseindia.com/corporate/xbrl/SHP_1696092_18072026033942_WEB.xml","18-JUL-2026 15:39:46","18-JUL-2026 15:39:51","00:00:05"
"PDS Limited","61.37","38.47","0.16","-","30-JUN-2026","18-JUL-2026",,"https://nsearchives.nseindia.com/corporate/xbrl/SHP_1696091_18072026033758_WEB.xml","18-JUL-2026 15:38:03","18-JUL-2026 15:38:07","00:00:04"
"NMDC Limited","60.79","39.21","0","-","30-JUN-2026","18-JUL-2026",,"https://nsearchives.nseindia.com/corporate/xbrl/SHP_1696090_18072026033717_WEB.xml","18-JUL-2026 15:37:21","18-JUL-2026 15:37:25","00:00:04"
"Responsive Industries Limited","59.14","40.86","0","-","30-JUN-2026","18-JUL-2026",,"https://nsearchives.nseindia.com/corporate/xbrl/SHP_1696089_18072026033708_WEB.xml","18-JUL-2026 15:37:12","18-JUL-2026 15:37:16","00:00:04"
"The Byke Hospitality Ltd","42.25","57.75","0","Revised","30-JUN-2026","18-JUL-2026","09-SEP-2026","https://nsearchives.nseindia.com/corporate/xbrl/SHP_1723105_09092026080327_WEB.xml","11-SEP-2026 12:45:21","11-SEP-2026 12:45:24","00:00:03"
"TVS Holdings Limited","74.45","25.55","0","-","30-JUN-2026","18-JUL-2026",,"https://nsearchives.nseindia.com/corporate/xbrl/SHP_1696083_18072026033048_WEB.xml","18-JUL-2026 15:31:04","18-JUL-2026 15:31:09","00:00:05"
"Sampann Utpadan India Limited","40.66","59.34","0","-","30-JUN-2026","18-JUL-2026",,"https://nsearchives.nseindia.com/corporate/xbrl/SHP_1696082_18072026032436_WEB.xml","18-JUL-2026 15:24:40","18-JUL-2026 15:24:44","00:00:04"
"Asian Paints Limited","52.63","47.29","0.09","-","30-JUN-2026","18-JUL-2026",,"https://nsearchives.nseindia.com/corporate/xbrl/SHP_1696081_18072026032420_WEB.xml","18-JUL-2026 15:24:29","18-JUL-2026 15:24:33","00:00:04"
"Compucom Software Limited","71.6","28.4","0","-","30-JUN-2026","18-JUL-2026",,"https://nsearchives.nseindia.com/corporate/xbrl/SHP_1696080_18072026032415_WEB.xml","18-JUL-2026 15:24:19","18-JUL-2026 15:24:23","00:00:04"
"Chaman Lal Setia Exports Limited","74.05","25.95","0","-","30-JUN-2026","18-JUL-2026",,"https://nsearchives.nseindia.com/corporate/xbrl/SHP_1696063_18072026031825_WEB.xml","18-JUL-2026 15:18:30","18-JUL-2026 15:18:34","00:00:04"
"Zenith Steel Pipes & Industries Limited","15.64","84.36","0","-","30-JUN-2026","18-JUL-2026",,"https://nsearchives.nseindia.com/corporate/xbrl/SHP_1696061_18072026031649_WEB.xml","18-JUL-2026 15:16:53","18-JUL-2026 15:16:57","00:00:04"
"Nila Infrastructures Limited","61.9","38.1","0","-","30-JUN-2026","18-JUL-2026",,"https://nsearchives.nseindia.com/corporate/xbrl/SHP_1696058_18072026031427_WEB.xml","18-JUL-2026 15:14:30","18-JUL-2026 15:14:35","00:00:05"
"Shakti Pumps (India) Limited","50.36","49.64","0","-","30-JUN-2026","18-JUL-2026",,"https://nsearchives.nseindia.com/corporate/xbrl/SHP_1696055_18072026031326_WEB.xml","18-JUL-2026 15:13:32","18-JUL-2026 15:13:37","00:00:05"
"D P Wires Limited","74.78","25.22","0","-","30-JUN-2026","18-JUL-2026",,"https://nsearchives.nseindia.com/corporate/xbrl/SHP_1696054_18072026031248_WEB.xml","18-JUL-2026 15:12:52","18-JUL-2026 15:12:56","00:00:04"
"R Systems International Limited","51.85","48.15","0","-","30-JUN-2026","18-JUL-2026",,"https://nsearchives.nseindia.com/corporate/xbrl/SHP_1696053_18072026031146_WEB.xml","18-JUL-2026 15:11:51","18-JUL-2026 15:11:54","00:00:03"
"Ruchira Papers Limited","68.67","31.33","0","-","30-JUN-2026","18-JUL-2026",,"https://nsearchives.nseindia.com/corporate/xbrl/SHP_1696046_18072026025624_WEB.xml","18-JUL-2026 14:56:28","18-JUL-2026 14:56:32","00:00:04"
"Utkarsh Small Finance Bank Limited","42.67","57.33","0","-","30-JUN-2026","18-JUL-2026",,"https://nsearchives.nseindia.com/corporate/xbrl/SHP_1696045_18072026025504_WEB.xml","18-JUL-2026 14:55:08","18-JUL-2026 14:55:12","00:00:04"
"Vintage Coffee And Beverages Limited","34.65","65.35","0","-","30-JUN-2026","18-JUL-2026",,"https://nsearchives.nseindia.com/corporate/xbrl/SHP_1696041_18072026025104_WEB.xml","18-JUL-2026 14:51:09","18-JUL-2026 14:51:13","00:00:04"
"Central Bank of India","81.19","18.81","0","-","30-JUN-2026","18-JUL-2026",,"https://nsearchives.nseindia.com/corporate/xbrl/SHP_1696040_18072026024332_WEB.xml","18-JUL-2026 14:43:37","18-JUL-2026 14:43:41","00:00:04"
"The United Nilgiri Tea Estates Company Limited","49.86","50.14","0","-","30-JUN-2026","18-JUL-2026",,"https://nsearchives.nseindia.com/corporate/xbrl/SHP_1696038_18072026024203_WEB.xml","18-JUL-2026 14:42:07","18-JUL-2026 14:42:11","00:00:04"
"Career Point Edutech Limited","63.7","36.3","0","-","30-JUN-2026","18-JUL-2026",,"https://nsearchives.nseindia.com/corporate/xbrl/SHP_1696036_18072026023903_WEB.xml","18-JUL-2026 14:39:08","18-JUL-2026 14:39:13","00:00:05"
"Indiabulls Limited","32.91","63.18","3.91","-","30-JUN-2026","18-JUL-2026",,"https://nsearchives.nseindia.com/corporate/xbrl/SHP_1696035_18072026023133_WEB.xml","18-JUL-2026 14:31:38","18-JUL-2026 14:31:43","00:00:05"
"Autoline Industries Limited","32.6","67.4","0","-","30-JUN-2026","18-JUL-2026",,"https://nsearchives.nseindia.com/corporate/xbrl/SHP_1696033_18072026022837_WEB.xml","18-JUL-2026 14:28:40","18-JUL-2026 14:28:44","00:00:04"
"Kirloskar Electric Company Limited","49.74","50.26","0","-","30-JUN-2026","18-JUL-2026",,"https://nsearchives.nseindia.com/corporate/xbrl/SHP_1696032_18072026022729_WEB.xml","18-JUL-2026 14:27:34","18-JUL-2026 14:27:38","00:00:04"
"Gandhar Oil Refinery (India) Limited","66.6","33.4","0","Revised","30-JUN-2026","18-JUL-2026","08-SEP-2026","https://nsearchives.nseindia.com/corporate/xbrl/SHP_1722566_08092026050824_WEB.xml","08-SEP-2026 17:18:44","08-SEP-2026 17:18:48","00:00:04"
"Airan Limited","72.21","27.79","0","-","30-JUN-2026","18-JUL-2026",,"https://nsearchives.nseindia.com/corporate/xbrl/SHP_1696026_18072026021928_WEB.xml","18-JUL-2026 14:19:31","18-JUL-2026 14:19:34","00:00:03"
"Rossell India Limited","74.8","25.2","0","-","30-JUN-2026","18-JUL-2026",,"https://nsearchives.nseindia.com/corporate/xbrl/SHP_1696025_18072026021346_WEB.xml","18-JUL-2026 14:13:52","18-JUL-2026 14:13:56","00:00:04"
"Rubicon Research Limited","59.76","40.24","0","-","30-JUN-2026","18-JUL-2026",,"https://nsearchives.nseindia.com/corporate/xbrl/SHP_1696024_18072026021120_WEB.xml","18-JUL-2026 14:11:26","18-JUL-2026 14:11:29","00:00:03"
"Sadbhav Engineering Limited","25.52","74.48","0","-","30-JUN-2026","18-JUL-2026",,"https://nsearchives.nseindia.com/corporate/xbrl/SHP_1696022_18072026020842_WEB.xml","18-JUL-2026 14:08:47","18-JUL-2026 14:08:54","00:00:07"
"Shankara Building Products Limited","45.39","54.61","0","-","30-JUN-2026","18-JUL-2026",,"https://nsearchives.nseindia.com/corporate/xbrl/SHP_1696021_18072026020808_WEB.xml","18-JUL-2026 14:08:12","18-JUL-2026 14:08:16","00:00:04"
"Medi Assist Healthcare Services Limited","4.61","95.39","0","-","30-JUN-2026","18-JUL-2026",,"https://nsearchives.nseindia.com/corporate/xbrl/SHP_1696013_18072026015353_WEB.xml","18-JUL-2026 13:53:58","18-JUL-2026 13:54:02","00:00:04"
"Bodhi Tree Multimedia Limited","24.27","75.73","0","-","30-JUN-2026","18-JUL-2026",,"https://nsearchives.nseindia.com/corporate/xbrl/SHP_1696011_18072026014932_WEB.xml","18-JUL-2026 13:49:35","18-JUL-2026 13:49:39","00:00:04"
"HCL Technologies Limited","60.88","38.83","0.29","-","30-JUN-2026","18-JUL-2026",,"https://nsearchives.nseindia.com/corporate/xbrl/SHP_1696003_18072026013727_WEB.xml","18-JUL-2026 13:37:35","18-JUL-2026 13:37:39","00:00:04"
"NINtec Systems Limited","47.61","52.39","0","-","30-JUN-2026","18-JUL-2026",,"https://nsearchives.nseindia.com/corporate/xbrl/SHP_1695999_18072026013312_WEB.xml","18-JUL-2026 13:33:16","18-JUL-2026 13:33:22","00:00:06"
"Yatharth Hospital & Trauma Care Services Limited","55.8","44.2","0","-","30-JUN-2026","18-JUL-2026",,"https://nsearchives.nseindia.com/corporate/xbrl/SHP_1695998_18072026013309_WEB.xml","18-JUL-2026 13:33:12","18-JUL-2026 13:33:17","00:00:05"
"IFB Agro Industries Limited","65","35","0","-","30-JUN-2026","18-JUL-2026",,"https://nsearchives.nseindia.com/corporate/xbrl/SHP_1695990_18072026012957_WEB.xml","18-JUL-2026 13:30:02","18-JUL-2026 13:30:08","00:00:06"
"Shreyans Industries Limited","50.28","49.72","0","-","30-JUN-2026","18-JUL-2026",,"https://nsearchives.nseindia.com/corporate/xbrl/SHP_1695988_18072026012648_WEB.xml","18-JUL-2026 13:26:52","18-JUL-2026 13:26:56","00:00:04"
"DPSC Limited","59.15","40.85","0","-","30-JUN-2026","18-JUL-2026",,"https://nsearchives.nseindia.com/corporate/xbrl/SHP_1695980_18072026010956_WEB.xml","18-JUL-2026 13:09:58","18-JUL-2026 13:10:01","00:00:03"
"Sukhjit Starch & Chemicals Limited","66.15","33.85","0","-","30-JUN-2026","18-JUL-2026",,"https://nsearchives.nseindia.com/corporate/xbrl/SHP_1695977_18072026010608_WEB.xml","18-JUL-2026 13:06:13","18-JUL-2026 13:06:16","00:00:03"
"Mahindra Holidays & Resorts India Limited","66.73","33.09","0.18","-","30-JUN-2026","18-JUL-2026",,"https://nsearchives.nseindia.com/corporate/xbrl/SHP_1695975_18072026010428_WEB.xml","18-JUL-2026 13:04:33","18-JUL-2026 13:04:37","00:00:04"
"Tarapur Transformers Limited","21.95","78.05","0","-","30-JUN-2026","18-JUL-2026",,"https://nsearchives.nseindia.com/corporate/xbrl/SHP_1695972_18072026010106_WEB.xml","18-JUL-2026 13:01:09","18-JUL-2026 13:01:14","00:00:05"
"Hi-Tech Pipes Limited","43.43","56.37","0.2","-","30-JUN-2026","18-JUL-2026",,"https://nsearchives.nseindia.com/corporate/xbrl/SHP_1695970_18072026125431_WEB.xml","18-JUL-2026 12:54:36","18-JUL-2026 12:54:41","00:00:05"
"Moksh Ornaments Limited","40.09","59.91","0","-","30-JUN-2026","18-JUL-2026",,"https://nsearchives.nseindia.com/corporate/xbrl/SHP_1695969_18072026125355_WEB.xml","18-JUL-2026 12:53:58","18-JUL-2026 12:54:02","00:00:04"
"Pavna Industries Limited","61.5","38.5","0","-","30-JUN-2026","18-JUL-2026",,"https://nsearchives.nseindia.com/corporate/xbrl/SHP_1695962_18072026124723_WEB.xml","18-JUL-2026 12:47:28","18-JUL-2026 12:47:31","00:00:03"
"VISA Chrome Limited","62.4","37.6","0","-","30-JUN-2026","18-JUL-2026",,"https://nsearchives.nseindia.com/corporate/xbrl/SHP_1695956_18072026123513_WEB.xml","18-JUL-2026 12:35:16","18-JUL-2026 12:35:20","00:00:04"
"Dhunseri Investments Limited","74.95","25.05","0","-","30-JUN-2026","18-JUL-2026",,"https://nsearchives.nseindia.com/corporate/xbrl/SHP_1695952_18072026123300_WEB.xml","18-JUL-2026 12:33:06","18-JUL-2026 12:33:10","00:00:04"
"Fiem Industries Limited","54.52","45.48","0","-","30-JUN-2026","18-JUL-2026",,"https://nsearchives.nseindia.com/corporate/xbrl/SHP_1695951_18072026122623_WEB.xml","18-JUL-2026 12:26:27","18-JUL-2026 12:26:31","00:00:04"
"Emami Realty Limited","73.42","26.58","0","-","30-JUN-2026","18-JUL-2026",,"https://nsearchives.nseindia.com/corporate/xbrl/SHP_1695950_18072026122255_WEB.xml","18-JUL-2026 12:22:59","18-JUL-2026 12:23:04","00:00:05"
"Sindhu Trade Links Limited","74.97","25.03","0","-","30-JUN-2026","18-JUL-2026",,"https://nsearchives.nseindia.com/corporate/xbrl/SHP_1695948_18072026122158_WEB.xml","18-JUL-2026 12:22:00","18-JUL-2026 12:22:04","00:00:04"
"Sheetal Cool Products Limited","70.08","29.92","0","-","30-JUN-2026","18-JUL-2026",,"https://nsearchives.nseindia.com/corporate/xbrl/SHP_1695944_18072026121800_WEB.xml","18-JUL-2026 12:18:02","18-JUL-2026 12:18:06","00:00:04"
"Medplus Health Services Limited","40.19","59.77","0.04","-","30-JUN-2026","18-JUL-2026",,"https://nsearchives.nseindia.com/corporate/xbrl/SHP_1695942_18072026121553_WEB.xml","18-JUL-2026 12:15:57","18-JUL-2026 12:16:01","00:00:04"
"Ashiana Housing Limited","61.11","38.89","0","-","30-JUN-2026","18-JUL-2026",,"https://nsearchives.nseindia.com/corporate/xbrl/SHP_1695939_18072026121016_WEB.xml","18-JUL-2026 12:10:21","18-JUL-2026 12:10:26","00:00:05"
"Vishnu Prakash R Punglia Limited","38.03","61.97","0","Revised","30-JUN-2026","18-JUL-2026","21-SEP-2026","https://nsearchives.nseindia.com/corporate/xbrl/SHP_1726099_21092026064713_WEB.xml","22-SEP-2026 10:35:48","22-SEP-2026 10:35:52","00:00:04"
"Tokyo Plast International Limited","68.89","31.11","0","-","30-JUN-2026","18-JUL-2026",,"https://nsearchives.nseindia.com/corporate/xbrl/SHP_1695936_18072026120346_WEB.xml","18-JUL-2026 12:03:49","18-JUL-2026 12:03:53","00:00:04"
"Ajmera Realty & Infra India Limited","68.56","31.44","0","-","30-JUN-2026","18-JUL-2026",,"https://nsearchives.nseindia.com/corporate/xbrl/SHP_1695932_18072026120310_WEB.xml","18-JUL-2026 12:03:15","18-JUL-2026 12:03:20","00:00:05"
"Smartlink Holdings Limited","72.85","27.15","0","-","30-JUN-2026","18-JUL-2026",,"https://nsearchives.nseindia.com/corporate/xbrl/SHP_1695918_18072026115544_WEB.xml","18-JUL-2026 11:55:47","18-JUL-2026 11:55:52","00:00:05"
"Navneet Education Limited","63.29","36.71","0","-","30-JUN-2026","18-JUL-2026",,"https://nsearchives.nseindia.com/corporate/xbrl/SHP_1695916_18072026115007_WEB.xml","18-JUL-2026 11:50:13","18-JUL-2026 11:50:17","00:00:04"
"Bella Casa Fashion & Retail Limited","58.34","41.66","0","-","30-JUN-2026","18-JUL-2026",,"https://nsearchives.nseindia.com/corporate/xbrl/SHP_1695914_18072026114707_WEB.xml","18-JUL-2026 11:47:09","18-JUL-2026 11:47:14","00:00:05"
"Avanti Feeds Limited","43.23","56.77","0","-","30-JUN-2026","18-JUL-2026",,"https://nsearchives.nseindia.com/corporate/xbrl/SHP_1695911_18072026114203_WEB.xml","18-JUL-2026 11:42:07","18-JUL-2026 11:42:10","00:00:03"
"Swiggy Limited","0","94.92","5.08","-","30-JUN-2026","18-JUL-2026",,"https://nsearchives.nseindia.com/corporate/xbrl/SHP_1695908_18072026113751_WEB.xml","18-JUL-2026 11:37:54","18-JUL-2026 11:37:58","00:00:04"
"STL Global Limited","65.76","34.24","0","-","30-JUN-2026","18-JUL-2026",,"https://nsearchives.nseindia.com/corporate/xbrl/SHP_1695907_18072026113704_WEB.xml","18-JUL-2026 11:37:08","18-JUL-2026 11:37:13","00:00:05"
"Eldeco Housing And Industries Limited","54.83","45.17","0","-","30-JUN-2026","18-JUL-2026",,"https://nsearchives.nseindia.com/corporate/xbrl/SHP_1695902_18072026113314_WEB.xml","18-JUL-2026 11:33:17","18-JUL-2026 11:33:22","00:00:05"
"Madhav Marbles and Granites Limited","45.77","54.23","0","-","30-JUN-2026","18-JUL-2026",,"https://nsearchives.nseindia.com/corporate/xbrl/SHP_1695901_18072026113213_WEB.xml","18-JUL-2026 11:32:15","18-JUL-2026 11:32:21","00:00:06"
"MAS Financial Services Limited","66.65","33.35","0","-","30-JUN-2026","18-JUL-2026",,"https://nsearchives.nseindia.com/corporate/xbrl/SHP_1695900_18072026113200_WEB.xml","18-JUL-2026 11:32:04","18-JUL-2026 11:32:09","00:00:05"
"One Mobikwik Systems Limited","25.08","74.92","0","-","30-JUN-2026","18-JUL-2026",,"https://nsearchives.nseindia.com/corporate/xbrl/SHP_1695898_18072026113046_WEB.xml","18-JUL-2026 11:30:51","18-JUL-2026 11:30:55","00:00:04"
"Synergy Green Industries Limited","69.5","30.45","0.05","-","30-JUN-2026","18-JUL-2026",,"https://nsearchives.nseindia.com/corporate/xbrl/SHP_1695896_18072026112825_WEB.xml","18-JUL-2026 11:28:30","18-JUL-2026 11:28:34","00:00:04"
"Valiant Organics Limited","37.87","62.13","0","-","30-JUN-2026","18-JUL-2026",,"https://nsearchives.nseindia.com/corporate/xbrl/SHP_1695893_18072026112535_WEB.xml","18-JUL-2026 11:25:39","18-JUL-2026 11:25:44","00:00:05"
"Motisons Jewellers Limited","57.12","42.88","0","-","30-JUN-2026","18-JUL-2026",,"https://nsearchives.nseindia.com/corporate/xbrl/SHP_1695891_18072026112406_WEB.xml","18-JUL-2026 11:24:10","18-JUL-2026 11:24:15","00:00:05"
"Dixon Technologies (India) Limited","28.55","71.45","0","-","30-JUN-2026","18-JUL-2026",,"https://nsearchives.nseindia.com/corporate/xbrl/SHP_1695887_18072026112055_WEB.xml","18-JUL-2026 11:21:01","18-JUL-2026 11:21:06","00:00:05"
"UNO Minda Limited","68.36","31.64","0","-","30-JUN-2026","18-JUL-2026",,"https://nsearchives.nseindia.com/corporate/xbrl/SHP_1695885_18072026111418_WEB.xml","18-JUL-2026 11:14:25","18-JUL-2026 11:14:29","00:00:04"
"Aaron Industries Limited","73.07","26.93","0","-","30-JUN-2026","18-JUL-2026",,"https://nsearchives.nseindia.com/corporate/xbrl/SHP_1695882_18072026111015_WEB.xml","18-JUL-2026 11:10:19","18-JUL-2026 11:10:25","00:00:06"
"Unimech Aerospace and Manufacturing Limited","79.82","20.18","0","-","30-JUN-2026","18-JUL-2026",,"https://nsearchives.nseindia.com/corporate/xbrl/SHP_1695881_18072026110808_WEB.xml","18-JUL-2026 11:08:11","18-JUL-2026 11:08:16","00:00:05"
"Fischer Medical Ventures Limited","62.15","37.85","0","-","30-JUN-2026","18-JUL-2026",,"https://nsearchives.nseindia.com/corporate/xbrl/SHP_1695879_18072026110045_WEB.xml","18-JUL-2026 11:00:50","18-JUL-2026 11:00:55","00:00:05"
"Music Broadcast Limited","74.05","25.95","0","-","30-JUN-2026","18-JUL-2026",,"https://nsearchives.nseindia.com/corporate/xbrl/SHP_1695865_18072026104159_WEB.xml","18-JUL-2026 10:42:02","18-JUL-2026 10:42:06","00:00:04"
"Hindustan Media Ventures Limited","74.4","25.39","0.21","-","30-JUN-2026","18-JUL-2026",,"https://nsearchives.nseindia.com/corporate/xbrl/SHP_1695863_18072026104120_WEB.xml","18-JUL-2026 10:41:23","18-JUL-2026 10:41:27","00:00:04"
"Epigral Limited","68.83","31.17","0","-","30-JUN-2026","18-JUL-2026",,"https://nsearchives.nseindia.com/corporate/xbrl/SHP_1695860_18072026103803_WEB.xml","18-JUL-2026 10:38:06","18-JUL-2026 10:38:11","00:00:05"
"Sigachi Industries Limited","36.69","63.31","0","-","30-JUN-2026","18-JUL-2026",,"https://nsearchives.nseindia.com/corporate/xbrl/SHP_1695859_18072026103754_WEB.xml","18-JUL-2026 10:37:59","18-JUL-2026 10:38:03","00:00:04"
"Mukand Limited","74.7","25.3","0","-","30-JUN-2026","18-JUL-2026",,"https://nsearchives.nseindia.com/corporate/xbrl/SHP_1695858_18072026103320_WEB.xml","18-JUL-2026 10:33:27","18-JUL-2026 10:33:31","00:00:04"
"Akme Fintrade (India) Limited","39.02","60.98","0","-","30-JUN-2026","18-JUL-2026",,"https://nsearchives.nseindia.com/corporate/xbrl/SHP_1695856_18072026103033_WEB.xml","18-JUL-2026 10:30:37","18-JUL-2026 10:30:42","00:00:05"
"M & B Engineering Limited","70.61","29.39","0","-","30-JUN-2026","18-JUL-2026",,"https://nsearchives.nseindia.com/corporate/xbrl/SHP_1695855_18072026102652_WEB.xml","18-JUL-2026 10:27:01","18-JUL-2026 10:27:06","00:00:05"
"Hatsun Agro Product Limited","73.17","26.83","0","-","30-JUN-2026","18-JUL-2026",,"https://nsearchives.nseindia.com/corporate/xbrl/SHP_1695847_18072026090901_WEB.xml","18-JUL-2026 09:09:06","18-JUL-2026 09:09:11","00:00:05"
"Chembond Material Technologies Limited","68.11","31.89","0","-","30-JUN-2026","17-JUL-2026",,"https://nsearchives.nseindia.com/corporate/xbrl/SHP_1694719_17072026124956_WEB.xml","17-JUL-2026 00:50:20","17-JUL-2026 00:50:25","00:00:05"
"Digjam Limited","75","25","0","Revised","30-JUN-2026","17-JUL-2026","27-AUG-2026","https://nsearchives.nseindia.com/corporate/xbrl/SHP_1718408_27082026033513_WEB.xml","27-AUG-2026 16:56:11","27-AUG-2026 16:56:17","00:00:06"
"Total Transport Systems Limited","49.74","50.26","0","-","30-JUN-2026","17-JUL-2026",,"https://nsearchives.nseindia.com/corporate/xbrl/SHP_1695833_17072026114047_WEB.xml","17-JUL-2026 23:40:51","17-JUL-2026 23:40:55","00:00:04"
"SBI Life Insurance Company Limited","55.32","44.68","0","-","30-JUN-2026","17-JUL-2026",,"https://nsearchives.nseindia.com/corporate/xbrl/SHP_1695831_17072026113756_WEB.xml","17-JUL-2026 23:38:01","17-JUL-2026 23:38:04","00:00:03"
"PAKKA LIMITED","39.27","60.73","0","-","30-JUN-2026","17-JUL-2026",,"https://nsearchives.nseindia.com/corporate/xbrl/SHP_1695825_17072026110907_WEB.xml","17-JUL-2026 23:09:15","17-JUL-2026 23:09:19","00:00:04"
"Max Healthcare Institute Limited","23.71","76.29","0","-","30-JUN-2026","17-JUL-2026",,"https://nsearchives.nseindia.com/corporate/xbrl/SHP_1695815_17072026102318_WEB.xml","17-JUL-2026 22:23:33","17-JUL-2026 22:23:38","00:00:05"
"Jindal Poly Investment and Finance Company Limited","74.63","25.37","0","-","30-JUN-2026","17-JUL-2026",,"https://nsearchives.nseindia.com/corporate/xbrl/SHP_1695801_17072026085857_WEB.xml","17-JUL-2026 20:59:03","17-JUL-2026 20:59:07","00:00:04"
"Anthem Biosciences Limited","71.42","28.58","0","-","30-JUN-2026","17-JUL-2026",,"https://nsearchives.nseindia.com/corporate/xbrl/SHP_1695787_17072026084356_WEB.xml","17-JUL-2026 20:44:02","17-JUL-2026 20:44:06","00:00:04"
"Sasken Technologies Limited","42.95","57.05","0","-","30-JUN-2026","17-JUL-2026",,"https://nsearchives.nseindia.com/corporate/xbrl/SHP_1695786_17072026084344_WEB.xml","17-JUL-2026 20:43:49","17-JUL-2026 20:43:53","00:00:04"
"Jindal Poly Films Limited","74.55","25.45","0","-","30-JUN-2026","17-JUL-2026",,"https://nsearchives.nseindia.com/corporate/xbrl/SHP_1695784_17072026083706_WEB.xml","17-JUL-2026 20:37:11","17-JUL-2026 20:37:15","00:00:04"
"TruAlt Bioenergy Limited","70.55","29.45","0","-","30-JUN-2026","17-JUL-2026",,"https://nsearchives.nseindia.com/corporate/xbrl/SHP_1695781_17072026083123_WEB.xml","17-JUL-2026 20:31:30","17-JUL-2026 20:31:34","00:00:04"
"Cohance Lifesciences Limited","57.49","42.51","0","-","30-JUN-2026","17-JUL-2026",,"https://nsearchives.nseindia.com/corporate/xbrl/SHP_1695778_17072026082832_WEB.xml","17-JUL-2026 20:28:37","17-JUL-2026 20:28:42","00:00:05"
"JSW Energy Limited","66.53","33.41","0.06","Revised","30-JUN-2026","17-JUL-2026","05-AUG-2026","https://nsearchives.nseindia.com/corporate/xbrl/SHP_1708681_05082026084803_WEB.xml","07-AUG-2026 15:56:29","07-AUG-2026 15:56:35","00:00:06"
"Essar Shipping Limited","73.75","26.25","0","-","30-JUN-2026","17-JUL-2026",,"https://nsearchives.nseindia.com/corporate/xbrl/SHP_1695769_17072026081434_WEB.xml","17-JUL-2026 20:14:38","17-JUL-2026 20:14:42","00:00:04"
"Powerica Limited","77.18","22.82","0","-","30-JUN-2026","17-JUL-2026",,"https://nsearchives.nseindia.com/corporate/xbrl/SHP_1695759_17072026080223_WEB.xml","17-JUL-2026 20:02:28","17-JUL-2026 20:02:32","00:00:04"
"Punjab & Sind Bank","93.85","6.15","0","-","30-JUN-2026","17-JUL-2026",,"https://nsearchives.nseindia.com/corporate/xbrl/SHP_1695758_17072026080203_WEB.xml","17-JUL-2026 20:02:08","17-JUL-2026 20:02:13","00:00:05"
"Equitas Small Finance Bank Limited","0","100","0","-","30-JUN-2026","17-JUL-2026",,"https://nsearchives.nseindia.com/corporate/xbrl/SHP_1695755_17072026080109_WEB.xml","17-JUL-2026 20:01:15","17-JUL-2026 20:01:18","00:00:03"
"Regaal Resources Limited","71.32","28.68","0","-","30-JUN-2026","17-JUL-2026",,"https://nsearchives.nseindia.com/corporate/xbrl/SHP_1695753_17072026075813_WEB.xml","17-JUL-2026 19:58:18","17-JUL-2026 19:58:25","00:00:07"
"Indiqube Spaces Limited","60.11","39.89","0","Revised","30-JUN-2026","17-JUL-2026","30-JUL-2026","https://nsearchives.nseindia.com/corporate/xbrl/SHP_1704788_30072026120233_WEB.xml","25-AUG-2026 13:04:02","25-AUG-2026 13:04:07","00:00:05"
"Aster DM Quality Care Limited","40.39","59.61","0","-","30-JUN-2026","17-JUL-2026",,"https://nsearchives.nseindia.com/corporate/xbrl/SHP_1695732_17072026074455_WEB.xml","17-JUL-2026 19:45:01","17-JUL-2026 19:45:09","00:00:08"
"KPIT Technologies Limited","38.6","60.78","0.62","Revised","30-JUN-2026","17-JUL-2026","17-SEP-2026","https://nsearchives.nseindia.com/corporate/xbrl/SHP_1724959_17092026033128_WEB.xml","21-SEP-2026 16:33:12","21-SEP-2026 16:33:17","00:00:05"
"Sundaram Finance Limited","37.21","62.01","0.78","-","30-JUN-2026","17-JUL-2026",,"https://nsearchives.nseindia.com/corporate/xbrl/SHP_1695722_17072026073731_WEB.xml","17-JUL-2026 19:37:36","17-JUL-2026 19:37:40","00:00:04"
"Sula Vineyards Limited","24.62","75.38","0","-","30-JUN-2026","17-JUL-2026",,"https://nsearchives.nseindia.com/corporate/xbrl/SHP_1695716_17072026073430_WEB.xml","17-JUL-2026 19:34:33","17-JUL-2026 19:34:38","00:00:05"
"Mahindra EPC Irrigation Limited","54.18","45.82","0","Revised","30-JUN-2026","17-JUL-2026","20-JUL-2026","https://nsearchives.nseindia.com/corporate/xbrl/SHP_1697052_20072026051559_WEB.xml","25-AUG-2026 15:22:19","25-AUG-2026 15:22:24","00:00:05"
"Gloster Limited","72.68","27.32","0","-","30-JUN-2026","17-JUL-2026",,"https://nsearchives.nseindia.com/corporate/xbrl/SHP_1695706_17072026072617_WEB.xml","17-JUL-2026 19:26:23","17-JUL-2026 19:26:27","00:00:04"
"Clean Max Enviro Energy Solutions Limited","49.42","50.58","0","-","30-JUN-2026","17-JUL-2026",,"https://nsearchives.nseindia.com/corporate/xbrl/SHP_1695700_17072026072335_WEB.xml","17-JUL-2026 19:23:41","17-JUL-2026 19:23:45","00:00:04"
"Astral Limited","54.22","45.78","0","-","30-JUN-2026","17-JUL-2026",,"https://nsearchives.nseindia.com/corporate/xbrl/SHP_1695699_17072026072319_WEB.xml","17-JUL-2026 19:23:26","17-JUL-2026 19:23:30","00:00:04"
"Ramco Systems Limited","55.51","44.49","0","-","30-JUN-2026","17-JUL-2026",,"https://nsearchives.nseindia.com/corporate/xbrl/SHP_1695698_17072026072224_WEB.xml","17-JUL-2026 19:22:27","17-JUL-2026 19:22:32","00:00:05"
"D.B.Corp Limited","74.5","25.5","0","-","30-JUN-2026","17-JUL-2026",,"https://nsearchives.nseindia.com/corporate/xbrl/SHP_1695690_17072026071817_WEB.xml","17-JUL-2026 19:18:24","17-JUL-2026 19:18:29","00:00:05"
"Camlin Fine Sciences Limited","48.03","51.97","0","-","30-JUN-2026","17-JUL-2026",,"https://nsearchives.nseindia.com/corporate/xbrl/SHP_1695689_17072026071750_WEB.xml","17-JUL-2026 19:17:57","17-JUL-2026 19:18:02","00:00:05"
"Allied Digital Services Limited","51.02","48.98","0","-","30-JUN-2026","17-JUL-2026",,"https://nsearchives.nseindia.com/corporate/xbrl/SHP_1695688_17072026071719_WEB.xml","17-JUL-2026 19:17:24","17-JUL-2026 19:17:28","00:00:04"
"United Breweries Limited","70.83","29.17","0","-","30-JUN-2026","17-JUL-2026",,"https://nsearchives.nseindia.com/corporate/xbrl/SHP_1695686_17072026071639_WEB.xml","17-JUL-2026 19:16:45","17-JUL-2026 19:16:49","00:00:04"
"Reliance Power Limited","24.98","75.02","0","-","30-JUN-2026","17-JUL-2026",,"https://nsearchives.nseindia.com/corporate/xbrl/SHP_1695680_17072026071430_WEB.xml","17-JUL-2026 19:14:35","17-JUL-2026 19:14:39","00:00:04"
"United Drilling Tools Limited","74.65","25.35","0","-","30-JUN-2026","17-JUL-2026",,"https://nsearchives.nseindia.com/corporate/xbrl/SHP_1695673_17072026070641_WEB.xml","17-JUL-2026 19:06:47","17-JUL-2026 19:06:53","00:00:06"
"Crown Lifters Limited","67.82","32.18","0","-","30-JUN-2026","17-JUL-2026",,"https://nsearchives.nseindia.com/corporate/xbrl/SHP_1695672_17072026070641_WEB.xml","17-JUL-2026 19:06:43","17-JUL-2026 19:06:48","00:00:05"
"DCM Financial Services Limited","39.5","60.5","0","-","30-JUN-2026","17-JUL-2026",,"https://nsearchives.nseindia.com/corporate/xbrl/SHP_1695669_17072026070436_WEB.xml","17-JUL-2026 19:04:40","17-JUL-2026 19:04:44","00:00:04"
"SML Mahindra Limited","58.97","41.03","0","-","30-JUN-2026","17-JUL-2026",,"https://nsearchives.nseindia.com/corporate/xbrl/SHP_1695667_17072026070358_WEB.xml","17-JUL-2026 19:04:03","17-JUL-2026 19:04:07","00:00:04"
"Le Travenues Technology Limited","0","100","0","-","30-JUN-2026","17-JUL-2026",,"https://nsearchives.nseindia.com/corporate/xbrl/SHP_1695664_17072026070239_WEB.xml","17-JUL-2026 19:02:43","17-JUL-2026 19:02:47","00:00:04"
"Syngene International Limited","52.59","46.98","0.43","-","30-JUN-2026","17-JUL-2026",,"https://nsearchives.nseindia.com/corporate/xbrl/SHP_1695662_17072026070132_WEB.xml","17-JUL-2026 19:01:36","17-JUL-2026 19:01:41","00:00:05"
"Indoco Remedies Limited","58.86","41","0.14","-","30-JUN-2026","17-JUL-2026",,"https://nsearchives.nseindia.com/corporate/xbrl/SHP_1695661_17072026065905_WEB.xml","17-JUL-2026 18:59:10","17-JUL-2026 18:59:15","00:00:05"
"Jubilant Agri and Consumer Products Limited","74.36","25.64","0","-","30-JUN-2026","17-JUL-2026",,"https://nsearchives.nseindia.com/corporate/xbrl/SHP_1695660_17072026065850_WEB.xml","17-JUL-2026 18:58:56","17-JUL-2026 18:59:00","00:00:04"
"Magadh Sugar & Energy Limited","61.02","38.98","0","-","30-JUN-2026","17-JUL-2026",,"https://nsearchives.nseindia.com/corporate/xbrl/SHP_1695658_17072026065423_WEB.xml","17-JUL-2026 18:54:29","17-JUL-2026 18:54:33","00:00:04"
"Life Insurance Corporation Of India","96.5","3.5","0","-","30-JUN-2026","17-JUL-2026",,"https://nsearchives.nseindia.com/corporate/xbrl/SHP_1695657_17072026065406_WEB.xml","17-JUL-2026 18:54:09","17-JUL-2026 18:54:16","00:00:07"
"Libas Designs Limited","31.93","68.07","0","-","30-JUN-2026","17-JUL-2026",,"https://nsearchives.nseindia.com/corporate/xbrl/SHP_1695656_17072026065403_WEB.xml","17-JUL-2026 18:54:06","17-JUL-2026 18:54:10","00:00:04"
"Foods & Inns Limited","25.39","74.61","0","-","30-JUN-2026","17-JUL-2026",,"https://nsearchives.nseindia.com/corporate/xbrl/SHP_1695655_17072026065356_WEB.xml","17-JUL-2026 18:54:00","17-JUL-2026 18:54:05","00:00:05"
"Reliance Infrastructure Limited","19.05","80.84","0.11","-","30-JUN-2026","17-JUL-2026",,"https://nsearchives.nseindia.com/corporate/xbrl/SHP_1695653_17072026065055_WEB.xml","17-JUL-2026 18:51:03","17-JUL-2026 18:51:08","00:00:05"
"Dhunseri Tea & Industries Limited","69","31","0","-","30-JUN-2026","17-JUL-2026",,"https://nsearchives.nseindia.com/corporate/xbrl/SHP_1695652_17072026065024_WEB.xml","17-JUL-2026 18:50:30","17-JUL-2026 18:50:35","00:00:05"
"Metro Brands Limited","71.8","28.2","0","-","30-JUN-2026","17-JUL-2026",,"https://nsearchives.nseindia.com/corporate/xbrl/SHP_1695650_17072026064949_WEB.xml","17-JUL-2026 18:50:04","17-JUL-2026 18:50:09","00:00:05"
"S Chand And Company Limited","46.99","53.01","0","-","30-JUN-2026","17-JUL-2026",,"https://nsearchives.nseindia.com/corporate/xbrl/SHP_1695649_17072026064931_WEB.xml","17-JUL-2026 18:49:38","17-JUL-2026 18:49:42","00:00:04"
"Dhunseri Ventures Limited","75","25","0","Revised","30-JUN-2026","17-JUL-2026","25-JUL-2026","https://nsearchives.nseindia.com/corporate/xbrl/SHP_1701598_25072026054315_WEB.xml","25-AUG-2026 13:22:35","25-AUG-2026 13:22:39","00:00:04"
"Digidrive Distributors Limited","61.75","38.01","0.24","-","30-JUN-2026","17-JUL-2026",,"https://nsearchives.nseindia.com/corporate/xbrl/SHP_1695637_17072026064253_WEB.xml","17-JUL-2026 18:42:58","17-JUL-2026 18:43:02","00:00:04"
"Blue Blends (I) Limited","53.16","46.84","0","-","30-JUN-2026","17-JUL-2026",,"https://nsearchives.nseindia.com/corporate/xbrl/SHP_1695636_17072026064159_WEB.xml","17-JUL-2026 18:42:03","17-JUL-2026 18:42:08","00:00:05"
"Sreeleathers Limited","75","25","0","-","30-JUN-2026","17-JUL-2026",,"https://nsearchives.nseindia.com/corporate/xbrl/SHP_1695635_17072026064123_WEB.xml","17-JUL-2026 18:41:26","17-JUL-2026 18:41:29","00:00:03"
"United Spirits Limited","56.67","43.33","0","-","30-JUN-2026","17-JUL-2026",,"https://nsearchives.nseindia.com/corporate/xbrl/SHP_1695632_17072026063910_WEB.xml","17-JUL-2026 18:39:16","17-JUL-2026 18:39:19","00:00:03"
"Swaraj Suiting Limited","64.69","35.31","0","-","30-JUN-2026","17-JUL-2026",,"https://nsearchives.nseindia.com/corporate/xbrl/SHP_1695630_17072026063814_WEB.xml","17-JUL-2026 18:38:20","17-JUL-2026 18:38:24","00:00:04"
"CP Capital Limited","63.8","36.2","0","-","30-JUN-2026","17-JUL-2026",,"https://nsearchives.nseindia.com/corporate/xbrl/SHP_1695627_17072026063713_WEB.xml","17-JUL-2026 18:37:18","17-JUL-2026 18:37:22","00:00:04"
"Tirupati Forge Limited","49.75","50.25","0","-","30-JUN-2026","17-JUL-2026",,"https://nsearchives.nseindia.com/corporate/xbrl/SHP_1695625_17072026063633_WEB.xml","17-JUL-2026 18:36:38","17-JUL-2026 18:36:43","00:00:05"
"Intrasoft Technologies Limited","43.06","56.94","0","-","30-JUN-2026","17-JUL-2026",,"https://nsearchives.nseindia.com/corporate/xbrl/SHP_1695623_17072026063617_WEB.xml","17-JUL-2026 18:36:21","17-JUL-2026 18:36:27","00:00:06"
"3M India Limited","75","25","0","-","30-JUN-2026","17-JUL-2026",,"https://nsearchives.nseindia.com/corporate/xbrl/SHP_1695617_17072026063501_WEB.xml","17-JUL-2026 18:35:05","17-JUL-2026 18:35:10","00:00:05"
"Cartrade Tech Limited","0","100","0","-","30-JUN-2026","17-JUL-2026",,"https://nsearchives.nseindia.com/corporate/xbrl/SHP_1695609_17072026063133_WEB.xml","17-JUL-2026 18:31:37","17-JUL-2026 18:31:41","00:00:04"
"TV Vision Limited","32.2","67.8","0","-","30-JUN-2026","17-JUL-2026",,"https://nsearchives.nseindia.com/corporate/xbrl/SHP_1695607_17072026062853_WEB.xml","17-JUL-2026 18:28:58","17-JUL-2026 18:29:03","00:00:05"
"Greaves Cotton Limited","55.77","44.23","0","-","30-JUN-2026","17-JUL-2026",,"https://nsearchives.nseindia.com/corporate/xbrl/SHP_1695606_17072026062752_WEB.xml","17-JUL-2026 18:27:58","17-JUL-2026 18:28:02","00:00:04"
"City Union Bank Limited","0","100","0","-","30-JUN-2026","17-JUL-2026",,"https://nsearchives.nseindia.com/corporate/xbrl/SHP_1695604_17072026062538_WEB.xml","17-JUL-2026 18:25:43","17-JUL-2026 18:25:47","00:00:04"
"Yatra Online Limited","62.66","37.34","0","-","30-JUN-2026","17-JUL-2026",,"https://nsearchives.nseindia.com/corporate/xbrl/SHP_1695600_17072026062339_WEB.xml","17-JUL-2026 18:23:45","17-JUL-2026 18:23:50","00:00:05"
"Elin Electronics Limited","32.97","67.03","0","-","30-JUN-2026","17-JUL-2026",,"https://nsearchives.nseindia.com/corporate/xbrl/SHP_1695594_17072026062101_WEB.xml","17-JUL-2026 18:21:05","17-JUL-2026 18:21:10","00:00:05"
"Mufin Green Finance Limited","47.3","52.7","0","-","30-JUN-2026","17-JUL-2026",,"https://nsearchives.nseindia.com/corporate/xbrl/SHP_1695584_17072026061415_WEB.xml","17-JUL-2026 18:14:21","17-JUL-2026 18:14:25","00:00:04"
"Khadim India Limited","59.89","40.11","0","-","30-JUN-2026","17-JUL-2026",,"https://nsearchives.nseindia.com/corporate/xbrl/SHP_1695583_17072026061340_WEB.xml","17-JUL-2026 18:13:46","17-JUL-2026 18:13:50","00:00:04"
"Indian Card Clothing Company Limited","67.33","32.67","0","-","30-JUN-2026","17-JUL-2026",,"https://nsearchives.nseindia.com/corporate/xbrl/SHP_1695576_17072026061040_WEB.xml","17-JUL-2026 18:10:44","17-JUL-2026 18:10:49","00:00:05"
"Marico Limited","58.91","40.91","0.17","Revised","30-JUN-2026","17-JUL-2026","31-JUL-2026","https://nsearchives.nseindia.com/corporate/xbrl/SHP_1706022_31072026043401_WEB.xml","03-AUG-2026 12:46:00","03-AUG-2026 12:46:05","00:00:05"
"Pitti Engineering Limited","54.18","43.86","1.97","-","30-JUN-2026","17-JUL-2026",,"https://nsearchives.nseindia.com/corporate/xbrl/SHP_1695569_17072026060818_WEB.xml","17-JUL-2026 18:08:22","17-JUL-2026 18:08:26","00:00:04"
"ICICI Lombard General Insurance Company Limited","51.22","48.78","0","-","30-JUN-2026","17-JUL-2026",,"https://nsearchives.nseindia.com/corporate/xbrl/SHP_1695565_17072026060707_WEB.xml","17-JUL-2026 18:07:16","17-JUL-2026 18:07:20","00:00:04"
"Godawari Power And Ispat limited","63.18","36.82","0","-","30-JUN-2026","17-JUL-2026",,"https://nsearchives.nseindia.com/corporate/xbrl/SHP_1695564_17072026060657_WEB.xml","17-JUL-2026 18:07:05","17-JUL-2026 18:07:09","00:00:04"
"Softtech Engineers Limited","18.88","81.12","0","-","30-JUN-2026","17-JUL-2026",,"https://nsearchives.nseindia.com/corporate/xbrl/SHP_1695560_17072026060527_WEB.xml","17-JUL-2026 18:05:32","17-JUL-2026 18:05:39","00:00:07"
"TRANSWORLD SHIPPING LINES LIMITED","70.44","29.56","0","-","30-JUN-2026","17-JUL-2026",,"https://nsearchives.nseindia.com/corporate/xbrl/SHP_1695559_17072026060524_WEB.xml","17-JUL-2026 18:05:29","17-JUL-2026 18:05:33","00:00:04"
"Chemcon Speciality Chemicals Limited","74.47","25.53","0","-","30-JUN-2026","17-JUL-2026",,"https://nsearchives.nseindia.com/corporate/xbrl/SHP_1695557_17072026060444_WEB.xml","17-JUL-2026 18:04:47","17-JUL-2026 18:04:51","00:00:04"
"Inox Green Energy Services Limited","56.12","43.88","0","Revised","30-JUN-2026","17-JUL-2026","03-AUG-2026","https://nsearchives.nseindia.com/corporate/xbrl/SHP_1706948_03082026041959_WEB.xml","03-AUG-2026 17:06:18","03-AUG-2026 17:06:23","00:00:05"
"Inox Wind Limited","44.18","55.82","0","-","30-JUN-2026","17-JUL-2026",,"https://nsearchives.nseindia.com/corporate/xbrl/SHP_1695550_17072026060417_WEB.xml","17-JUL-2026 18:04:23","17-JUL-2026 18:04:27","00:00:04"
"Emami Limited","54.84","45.16","0","-","30-JUN-2026","17-JUL-2026",,"https://nsearchives.nseindia.com/corporate/xbrl/SHP_1695544_17072026055942_WEB.xml","17-JUL-2026 17:59:48","17-JUL-2026 17:59:53","00:00:05"
"Federal-Mogul Goetze (India) Limited.","74.98","25.02","0","-","30-JUN-2026","17-JUL-2026",,"https://nsearchives.nseindia.com/corporate/xbrl/SHP_1695543_17072026055926_WEB.xml","17-JUL-2026 17:59:31","17-JUL-2026 17:59:35","00:00:04"
"S.J.S. Enterprises Limited","20.15","79.85","0","-","30-JUN-2026","17-JUL-2026",,"https://nsearchives.nseindia.com/corporate/xbrl/SHP_1695542_17072026055912_WEB.xml","17-JUL-2026 17:59:17","17-JUL-2026 17:59:20","00:00:03"
"Mstc Limited","64.75","35.25","0","-","30-JUN-2026","17-JUL-2026",,"https://nsearchives.nseindia.com/corporate/xbrl/SHP_1695535_17072026055730_WEB.xml","17-JUL-2026 17:57:36","17-JUL-2026 17:57:44","00:00:08"
"Bonlon Industries Limited","71.21","28.79","0","-","30-JUN-2026","17-JUL-2026",,"https://nsearchives.nseindia.com/corporate/xbrl/SHP_1695534_17072026055729_WEB.xml","17-JUL-2026 17:57:34","17-JUL-2026 17:57:38","00:00:04"
"Shipping Corporation Of India Limited","63.75","36.25","0","-","30-JUN-2026","17-JUL-2026",,"https://nsearchives.nseindia.com/corporate/xbrl/SHP_1695533_17072026055642_WEB.xml","17-JUL-2026 17:56:48","17-JUL-2026 17:56:53","00:00:05"
"LTM Limited","68.49","31.46","0.04","-","30-JUN-2026","17-JUL-2026",,"https://nsearchives.nseindia.com/corporate/xbrl/SHP_1695519_17072026055202_WEB.xml","17-JUL-2026 17:52:08","17-JUL-2026 17:52:12","00:00:04"
"Olectra Greentech Limited","50.02","49.98","0","-","30-JUN-2026","17-JUL-2026",,"https://nsearchives.nseindia.com/corporate/xbrl/SHP_1695518_17072026055130_WEB.xml","17-JUL-2026 17:51:34","17-JUL-2026 17:51:38","00:00:04"
"Escorts Kubota Limited","68.04","30.31","1.65","-","30-JUN-2026","17-JUL-2026",,"https://nsearchives.nseindia.com/corporate/xbrl/SHP_1695516_17072026055043_WEB.xml","17-JUL-2026 17:50:51","17-JUL-2026 17:50:55","00:00:04"
"Jindal Drilling And Industries Limited","66.78","33.22","0","-","30-JUN-2026","17-JUL-2026",,"https://nsearchives.nseindia.com/corporate/xbrl/SHP_1695514_17072026054957_WEB.xml","17-JUL-2026 17:50:02","17-JUL-2026 17:50:08","00:00:06"
"Platinum Industries Limited","70.03","29.97","0","-","30-JUN-2026","17-JUL-2026",,"https://nsearchives.nseindia.com/corporate/xbrl/SHP_1695512_17072026054918_WEB.xml","17-JUL-2026 17:49:21","17-JUL-2026 17:49:25","00:00:04"
"Elgi Rubber Company Limited","65.03","34.97","0","-","30-JUN-2026","17-JUL-2026",,"https://nsearchives.nseindia.com/corporate/xbrl/SHP_1695505_17072026054804_WEB.xml","17-JUL-2026 17:48:11","17-JUL-2026 17:48:16","00:00:05"
"Mangalam Organics Limited","58.65","41.35","0","-","30-JUN-2026","17-JUL-2026",,"https://nsearchives.nseindia.com/corporate/xbrl/SHP_1695503_17072026054545_WEB.xml","17-JUL-2026 17:45:50","17-JUL-2026 17:45:53","00:00:03"
"Motherson Sumi Wiring India Limited","61.73","38.27","0","-","30-JUN-2026","17-JUL-2026",,"https://nsearchives.nseindia.com/corporate/xbrl/SHP_1695502_17072026054530_WEB.xml","17-JUL-2026 17:45:37","17-JUL-2026 17:45:42","00:00:05"
"Mtar Technologies Limited","29.36","70.64","0","-","30-JUN-2026","17-JUL-2026",,"https://nsearchives.nseindia.com/corporate/xbrl/SHP_1695497_17072026054400_WEB.xml","17-JUL-2026 17:44:04","17-JUL-2026 17:44:08","00:00:04"
"Prism Johnson Limited","74.87","25.13","0","-","30-JUN-2026","17-JUL-2026",,"https://nsearchives.nseindia.com/corporate/xbrl/SHP_1695495_17072026054314_WEB.xml","17-JUL-2026 17:43:18","17-JUL-2026 17:43:22","00:00:04"
"Ratnaveer Precision Engineering Limited","45.49","54.51","0","-","30-JUN-2026","17-JUL-2026",,"https://nsearchives.nseindia.com/corporate/xbrl/SHP_1695492_17072026054243_WEB.xml","17-JUL-2026 17:42:49","17-JUL-2026 17:42:53","00:00:04"
"Salzer Electronics Limited","37.48","62.52","0","-","30-JUN-2026","17-JUL-2026",,"https://nsearchives.nseindia.com/corporate/xbrl/SHP_1695489_17072026054156_WEB.xml","17-JUL-2026 17:42:00","17-JUL-2026 17:42:04","00:00:04"
"Orkla India Limited","75","25","0","-","30-JUN-2026","17-JUL-2026",,"https://nsearchives.nseindia.com/corporate/xbrl/SHP_1695478_17072026053936_WEB.xml","17-JUL-2026 17:39:39","17-JUL-2026 17:39:43","00:00:04"
"MPS Limited","68.34","30.84","0.82","-","30-JUN-2026","17-JUL-2026",,"https://nsearchives.nseindia.com/corporate/xbrl/SHP_1695474_17072026053844_WEB.xml","17-JUL-2026 17:38:52","17-JUL-2026 17:38:56","00:00:04"
"Kalpataru Projects International Limited","33.58","66.42","0","-","30-JUN-2026","17-JUL-2026",,"https://nsearchives.nseindia.com/corporate/xbrl/SHP_1695473_17072026053831_WEB.xml","17-JUL-2026 17:38:36","17-JUL-2026 17:38:43","00:00:07"
"Ashapura Minechem Limited","48.03","51.97","0","-","30-JUN-2026","17-JUL-2026",,"https://nsearchives.nseindia.com/corporate/xbrl/SHP_1695472_17072026053827_WEB.xml","17-JUL-2026 17:38:33","17-JUL-2026 17:38:38","00:00:05"
"Jayaswal Neco Industries Limited","55.15","44.85","0","Revised","30-JUN-2026","17-JUL-2026","28-JUL-2026","https://nsearchives.nseindia.com/corporate/xbrl/SHP_1703337_28072026064026_WEB.xml","28-JUL-2026 18:48:56","28-JUL-2026 18:49:02","00:00:06"
"Kaya Limited","51.43","48.57","0","-","30-JUN-2026","17-JUL-2026",,"https://nsearchives.nseindia.com/corporate/xbrl/SHP_1695465_17072026053644_WEB.xml","17-JUL-2026 17:36:51","17-JUL-2026 17:36:55","00:00:04"
"Kirloskar Brothers Limited","65.95","34.05","0","-","30-JUN-2026","17-JUL-2026",,"https://nsearchives.nseindia.com/corporate/xbrl/SHP_1695457_17072026053416_WEB.xml","17-JUL-2026 17:34:22","17-JUL-2026 17:34:26","00:00:04"
"Aarti Industries Limited","41.82","58.18","0","-","30-JUN-2026","17-JUL-2026",,"https://nsearchives.nseindia.com/corporate/xbrl/SHP_1695456_17072026053403_WEB.xml","17-JUL-2026 17:34:10","17-JUL-2026 17:34:14","00:00:04"
"Vidhi Specialty Food Ingredients Limited","64.27","35.73","0","-","30-JUN-2026","17-JUL-2026",,"https://nsearchives.nseindia.com/corporate/xbrl/SHP_1695452_17072026053241_WEB.xml","17-JUL-2026 17:32:46","17-JUL-2026 17:32:51","00:00:05"
"Chemplast Sanmar Limited","54.99","45.01","0","-","30-JUN-2026","17-JUL-2026",,"https://nsearchives.nseindia.com/corporate/xbrl/SHP_1695450_17072026053134_WEB.xml","17-JUL-2026 17:31:38","17-JUL-2026 17:31:43","00:00:05"
"Control Print Limited","52.98","47.02","0","-","30-JUN-2026","17-JUL-2026",,"https://nsearchives.nseindia.com/corporate/xbrl/SHP_1695443_17072026052716_WEB.xml","17-JUL-2026 17:27:21","17-JUL-2026 17:27:25","00:00:04"
"Cummins India Limited","51","49","0","-","30-JUN-2026","17-JUL-2026",,"https://nsearchives.nseindia.com/corporate/xbrl/SHP_1695441_17072026052706_WEB.xml","17-JUL-2026 17:27:12","17-JUL-2026 17:27:16","00:00:04"
"Godrej Properties Limited","51.66","48.34","0","-","30-JUN-2026","17-JUL-2026",,"https://nsearchives.nseindia.com/corporate/xbrl/SHP_1695439_17072026052651_WEB.xml","17-JUL-2026 17:26:56","17-JUL-2026 17:27:01","00:00:05"
"Dollar Industries Limited","72.57","27.43","0","-","30-JUN-2026","17-JUL-2026",,"https://nsearchives.nseindia.com/corporate/xbrl/SHP_1695435_17072026052612_WEB.xml","17-JUL-2026 17:26:15","17-JUL-2026 17:26:20","00:00:05"
"Krystal Integrated Services Limited","69.96","30.04","0","-","30-JUN-2026","17-JUL-2026",,"https://nsearchives.nseindia.com/corporate/xbrl/SHP_1695427_17072026052218_WEB.xml","17-JUL-2026 17:22:25","17-JUL-2026 17:22:34","00:00:09"
"Borosil Limited","64.68","35.32","0","-","30-JUN-2026","17-JUL-2026",,"https://nsearchives.nseindia.com/corporate/xbrl/SHP_1695426_17072026052216_WEB.xml","17-JUL-2026 17:22:23","17-JUL-2026 17:22:27","00:00:04"
"eClerx Services Limited","54.52","43.29","2.19","-","30-JUN-2026","17-JUL-2026",,"https://nsearchives.nseindia.com/corporate/xbrl/SHP_1695423_17072026052140_WEB.xml","17-JUL-2026 17:21:43","17-JUL-2026 17:21:47","00:00:04"
"STL Networks Limited","44.14","55.86","0","-","30-JUN-2026","17-JUL-2026",,"https://nsearchives.nseindia.com/corporate/xbrl/SHP_1695420_17072026052018_WEB.xml","17-JUL-2026 17:20:25","17-JUL-2026 17:20:29","00:00:04"
"Asahi Songwon Colors Limited","67","33","0","-","30-JUN-2026","17-JUL-2026",,"https://nsearchives.nseindia.com/corporate/xbrl/SHP_1695419_17072026051937_WEB.xml","17-JUL-2026 17:19:41","17-JUL-2026 17:19:47","00:00:06"
"Savita Oil Technologies Limited","68.93","31.07","0","-","30-JUN-2026","17-JUL-2026",,"https://nsearchives.nseindia.com/corporate/xbrl/SHP_1695417_17072026051930_WEB.xml","17-JUL-2026 17:19:35","17-JUL-2026 17:19:41","00:00:06"
"DCW Limited","45.59","54.41","0","-","30-JUN-2026","17-JUL-2026",,"https://nsearchives.nseindia.com/corporate/xbrl/SHP_1695416_17072026051925_WEB.xml","17-JUL-2026 17:19:32","17-JUL-2026 17:19:36","00:00:04"
"DCB Bank Limited","16.23","83.77","0","-","30-JUN-2026","17-JUL-2026",,"https://nsearchives.nseindia.com/corporate/xbrl/SHP_1695410_17072026051800_WEB.xml","17-JUL-2026 17:18:07","17-JUL-2026 17:18:11","00:00:04"
"Bhageria Industries Limited","71.77","28.23","0","-","30-JUN-2026","17-JUL-2026",,"https://nsearchives.nseindia.com/corporate/xbrl/SHP_1695409_17072026051722_WEB.xml","17-JUL-2026 17:17:27","17-JUL-2026 17:17:31","00:00:04"
"AvenuesAI Limited","27.29","72.27","0.44","-","30-JUN-2026","17-JUL-2026",,"https://nsearchives.nseindia.com/corporate/xbrl/SHP_1695405_17072026051653_WEB.xml","17-JUL-2026 17:16:58","17-JUL-2026 17:17:03","00:00:05"
"Wanbury Limited","43.02","56.98","0","-","30-JUN-2026","17-JUL-2026",,"https://nsearchives.nseindia.com/corporate/xbrl/SHP_1695403_17072026051435_WEB.xml","17-JUL-2026 17:14:41","17-JUL-2026 17:14:46","00:00:05"
"Ador Welding Limited","53.76","46.24","0","-","30-JUN-2026","17-JUL-2026",,"https://nsearchives.nseindia.com/corporate/xbrl/SHP_1695402_17072026051420_WEB.xml","17-JUL-2026 17:14:26","17-JUL-2026 17:14:30","00:00:04"
"Ishan Dyes and Chemicals Limited","40.15","59.85","0","-","30-JUN-2026","17-JUL-2026",,"https://nsearchives.nseindia.com/corporate/xbrl/SHP_1695397_17072026051155_WEB.xml","17-JUL-2026 17:11:58","17-JUL-2026 17:12:02","00:00:04"
"Salasar Techno Engineering Limited","44.5","55.5","0","-","30-JUN-2026","17-JUL-2026",,"https://nsearchives.nseindia.com/corporate/xbrl/SHP_1695395_17072026050943_WEB.xml","17-JUL-2026 17:09:48","17-JUL-2026 17:09:58","00:00:10"
"Solex Energy Limited","66.15","33.85","0","-","30-JUN-2026","17-JUL-2026",,"https://nsearchives.nseindia.com/corporate/xbrl/SHP_1695393_17072026050939_WEB.xml","17-JUL-2026 17:09:41","17-JUL-2026 17:09:48","00:00:07"
"Indegene Limited","0","100","0","-","30-JUN-2026","17-JUL-2026",,"https://nsearchives.nseindia.com/corporate/xbrl/SHP_1695392_17072026050938_WEB.xml","17-JUL-2026 17:09:43","17-JUL-2026 17:09:53","00:00:10"
"eMudhra Limited","54.4","45.6","0","-","30-JUN-2026","17-JUL-2026",,"https://nsearchives.nseindia.com/corporate/xbrl/SHP_1695390_17072026050933_WEB.xml","17-JUL-2026 17:09:37","17-JUL-2026 17:09:43","00:00:06"
"Borosil Scientific Limited","68.27","31.73","0","-","30-JUN-2026","17-JUL-2026",,"https://nsearchives.nseindia.com/corporate/xbrl/SHP_1695381_17072026050646_WEB.xml","17-JUL-2026 17:06:53","17-JUL-2026 17:06:57","00:00:04"
"Steel Authority of India Limited","65","35","0","-","30-JUN-2026","17-JUL-2026",,"https://nsearchives.nseindia.com/corporate/xbrl/SHP_1695371_17072026050422_WEB.xml","17-JUL-2026 17:04:25","17-JUL-2026 17:04:29","00:00:04"
"RITES Limited","72.2","27.8","0","-","30-JUN-2026","17-JUL-2026",,"https://nsearchives.nseindia.com/corporate/xbrl/SHP_1695370_17072026050400_WEB.xml","17-JUL-2026 17:04:05","17-JUL-2026 17:04:09","00:00:04"
"Apollo Sindoori Hotels Limited","64.68","35.32","0","-","30-JUN-2026","17-JUL-2026",,"https://nsearchives.nseindia.com/corporate/xbrl/SHP_1695369_17072026050316_WEB.xml","17-JUL-2026 17:03:21","17-JUL-2026 17:03:27","00:00:06"
"Kamat Hotels (I) Limited","57.78","42.22","0","-","30-JUN-2026","17-JUL-2026",,"https://nsearchives.nseindia.com/corporate/xbrl/SHP_1695361_17072026050154_WEB.xml","17-JUL-2026 17:02:00","17-JUL-2026 17:02:08","00:00:08"
"Crizac Limited","79.94","20.06","0","-","30-JUN-2026","17-JUL-2026",,"https://nsearchives.nseindia.com/corporate/xbrl/SHP_1695360_17072026050149_WEB.xml","17-JUL-2026 17:01:56","17-JUL-2026 17:02:01","00:00:05"
"UTI Asset Management Company Limited","0","100","0","-","30-JUN-2026","17-JUL-2026",,"https://nsearchives.nseindia.com/corporate/xbrl/SHP_1695359_17072026050138_WEB.xml","17-JUL-2026 17:01:46","17-JUL-2026 17:01:50","00:00:04"
"Robust Hotels Limited","65.63","34.37","0","-","30-JUN-2026","17-JUL-2026",,"https://nsearchives.nseindia.com/corporate/xbrl/SHP_1695358_17072026050133_WEB.xml","17-JUL-2026 17:01:37","17-JUL-2026 17:01:41","00:00:04"
"Speciality Restaurants Limited","50.71","49.29","0","-","30-JUN-2026","17-JUL-2026",,"https://nsearchives.nseindia.com/corporate/xbrl/SHP_1695356_17072026050034_WEB.xml","17-JUL-2026 17:00:38","17-JUL-2026 17:00:43","00:00:05"
"Visaka Industries Limited","53.4","46.6","0","-","30-JUN-2026","17-JUL-2026",,"https://nsearchives.nseindia.com/corporate/xbrl/SHP_1695355_17072026050019_WEB.xml","17-JUL-2026 17:00:24","17-JUL-2026 17:00:28","00:00:04"
"Go Fashion (India) Limited","55.45","44.55","0","-","30-JUN-2026","17-JUL-2026",,"https://nsearchives.nseindia.com/corporate/xbrl/SHP_1695353_17072026045944_WEB.xml","17-JUL-2026 16:59:48","17-JUL-2026 16:59:53","00:00:05"
"GSS Infotech Limited","12.71","85.95","1.34","-","30-JUN-2026","17-JUL-2026",,"https://nsearchives.nseindia.com/corporate/xbrl/SHP_1695352_17072026045914_WEB.xml","17-JUL-2026 16:59:17","17-JUL-2026 16:59:22","00:00:05"
"MOIL Limited","64.68","35.32","0","-","30-JUN-2026","17-JUL-2026",,"https://nsearchives.nseindia.com/corporate/xbrl/SHP_1695347_17072026045741_WEB.xml","17-JUL-2026 16:57:46","17-JUL-2026 16:57:51","00:00:05"
"Ramkrishna Forgings Limited","43.39","56.41","0.2","Revised","30-JUN-2026","17-JUL-2026","14-AUG-2026","https://nsearchives.nseindia.com/corporate/xbrl/SHP_1714356_14082026032220_WEB.xml","14-AUG-2026 18:07:48","14-AUG-2026 18:07:53","00:00:05"
"IndusInd Bank Limited","15.82","84.18","0","-","30-JUN-2026","17-JUL-2026",,"https://nsearchives.nseindia.com/corporate/xbrl/SHP_1695339_17072026045502_WEB.xml","17-JUL-2026 16:55:08","17-JUL-2026 16:55:11","00:00:03"
"Asian Hotels (East) Limited","65.63","34.37","0","-","30-JUN-2026","17-JUL-2026",,"https://nsearchives.nseindia.com/corporate/xbrl/SHP_1695337_17072026045429_WEB.xml","17-JUL-2026 16:54:34","17-JUL-2026 16:54:39","00:00:05"
"Vinny Overseas Limited","39.66","60.34","0","-","30-JUN-2026","17-JUL-2026",,"https://nsearchives.nseindia.com/corporate/xbrl/SHP_1695335_17072026045410_WEB.xml","17-JUL-2026 16:54:14","17-JUL-2026 16:54:19","00:00:05"
"Landmark Property Development Company Limited","64.86","35.14","0","-","30-JUN-2026","17-JUL-2026",,"https://nsearchives.nseindia.com/corporate/xbrl/SHP_1695331_17072026045259_WEB.xml","17-JUL-2026 16:53:05","17-JUL-2026 16:53:11","00:00:06"
"VLS Finance Limited","56.38","43.62","0","-","30-JUN-2026","17-JUL-2026",,"https://nsearchives.nseindia.com/corporate/xbrl/SHP_1695329_17072026045243_WEB.xml","17-JUL-2026 16:52:49","17-JUL-2026 16:52:54","00:00:05"
"Vijaya Diagnostic Centre Limited","52.51","47.49","0","Revised","30-JUN-2026","17-JUL-2026","07-SEP-2026","https://nsearchives.nseindia.com/corporate/xbrl/SHP_1721991_07092026123813_WEB.xml","08-SEP-2026 16:09:01","08-SEP-2026 16:09:06","00:00:05"
"Priti International Limited","64.6","35.4","0","-","30-JUN-2026","17-JUL-2026",,"https://nsearchives.nseindia.com/corporate/xbrl/SHP_1695320_17072026044829_WEB.xml","17-JUL-2026 16:48:32","17-JUL-2026 16:48:41","00:00:09"
"Euro Panel Products Limited","63.93","36.07","0","-","30-JUN-2026","17-JUL-2026",,"https://nsearchives.nseindia.com/corporate/xbrl/SHP_1695319_17072026044826_WEB.xml","17-JUL-2026 16:48:31","17-JUL-2026 16:48:36","00:00:05"
"IRB Infrastructure Developers Limited","30.81","69.19","0","-","30-JUN-2026","17-JUL-2026",,"https://nsearchives.nseindia.com/corporate/xbrl/SHP_1695315_17072026044548_WEB.xml","17-JUL-2026 16:45:54","17-JUL-2026 16:45:58","00:00:04"
"Bajaj Hindusthan Sugar Limited","13.33","86.59","0.07","-","30-JUN-2026","17-JUL-2026",,"https://nsearchives.nseindia.com/corporate/xbrl/SHP_1695309_17072026044313_WEB.xml","17-JUL-2026 16:43:19","17-JUL-2026 16:43:23","00:00:04"
"ION Exchange (India) Limited","25.43","58.39","16.18","-","30-JUN-2026","17-JUL-2026",,"https://nsearchives.nseindia.com/corporate/xbrl/SHP_1695301_17072026044117_WEB.xml","17-JUL-2026 16:41:23","17-JUL-2026 16:41:27","00:00:04"
"Naga Dhunseri Group Limited","73.58","26.42","0","-","30-JUN-2026","17-JUL-2026",,"https://nsearchives.nseindia.com/corporate/xbrl/SHP_1695299_17072026044016_WEB.xml","17-JUL-2026 16:40:22","17-JUL-2026 16:40:26","00:00:04"
"R&B Denims Limited","57.39","42.61","0","Revised","30-JUN-2026","17-JUL-2026","30-JUL-2026","https://nsearchives.nseindia.com/corporate/xbrl/SHP_1704942_30072026020552_WEB.xml","07-AUG-2026 16:58:26","07-AUG-2026 16:58:31","00:00:05"
"Dalmia Bharat Sugar and Industries Limited","74.91","25.09","0","-","30-JUN-2026","17-JUL-2026",,"https://nsearchives.nseindia.com/corporate/xbrl/SHP_1695291_17072026043812_WEB.xml","17-JUL-2026 16:38:19","17-JUL-2026 16:38:24","00:00:05"
"Sandur Manganese & Iron Ores Limited","74.22","25.78","0","-","30-JUN-2026","17-JUL-2026",,"https://nsearchives.nseindia.com/corporate/xbrl/SHP_1695275_17072026043229_WEB.xml","17-JUL-2026 16:32:34","17-JUL-2026 16:32:38","00:00:04"
"Nuvama Wealth Management Limited","53.98","46.02","0","-","30-JUN-2026","17-JUL-2026",,"https://nsearchives.nseindia.com/corporate/xbrl/SHP_1695272_17072026042928_WEB.xml","17-JUL-2026 16:29:33","17-JUL-2026 16:29:38","00:00:05"
"Urja Global Limited","17.37","82.63","0","-","30-JUN-2026","17-JUL-2026",,"https://nsearchives.nseindia.com/corporate/xbrl/SHP_1695271_17072026042853_WEB.xml","17-JUL-2026 16:28:57","17-JUL-2026 16:29:02","00:00:05"
"FDC Limited","69.66","30.34","0","-","30-JUN-2026","17-JUL-2026",,"https://nsearchives.nseindia.com/corporate/xbrl/SHP_1695266_17072026042710_WEB.xml","17-JUL-2026 16:27:15","17-JUL-2026 16:27:20","00:00:05"
"Isgec Heavy Engineering Limited","62.43","37.57","0","-","30-JUN-2026","17-JUL-2026",,"https://nsearchives.nseindia.com/corporate/xbrl/SHP_1695264_17072026042558_WEB.xml","17-JUL-2026 16:26:04","17-JUL-2026 16:26:08","00:00:04"
"ATN International Limited","0.17","99.83","0","-","30-JUN-2026","17-JUL-2026",,"https://nsearchives.nseindia.com/corporate/xbrl/SHP_1695258_17072026042316_WEB.xml","17-JUL-2026 16:23:21","17-JUL-2026 16:23:25","00:00:04"
"U. Y. Fincorp Limited","71.38","28.62","0","-","30-JUN-2026","17-JUL-2026",,"https://nsearchives.nseindia.com/corporate/xbrl/SHP_1695256_17072026042252_WEB.xml","17-JUL-2026 16:22:55","17-JUL-2026 16:22:59","00:00:04"
"TATA CONSUMER PRODUCTS LIMITED","33.83","66.17","0","-","30-JUN-2026","17-JUL-2026",,"https://nsearchives.nseindia.com/corporate/xbrl/SHP_1695255_17072026042249_WEB.xml","17-JUL-2026 16:23:00","17-JUL-2026 16:23:04","00:00:04"
"Igarashi Motors India Limited","75","25","0","-","30-JUN-2026","17-JUL-2026",,"https://nsearchives.nseindia.com/corporate/xbrl/SHP_1695254_17072026042235_WEB.xml","17-JUL-2026 16:22:40","17-JUL-2026 16:22:44","00:00:04"
"Premier Explosives Limited","41.33","58.67","0","-","30-JUN-2026","17-JUL-2026",,"https://nsearchives.nseindia.com/corporate/xbrl/SHP_1695251_17072026042159_WEB.xml","17-JUL-2026 16:22:02","17-JUL-2026 16:22:06","00:00:04"
"Zim Laboratories Limited","30.36","69.64","0","-","30-JUN-2026","17-JUL-2026",,"https://nsearchives.nseindia.com/corporate/xbrl/SHP_1695250_17072026042133_WEB.xml","17-JUL-2026 16:21:38","17-JUL-2026 16:21:42","00:00:04"
"Modis Navnirman Limited","63.79","36.21","0","-","30-JUN-2026","17-JUL-2026",,"https://nsearchives.nseindia.com/corporate/xbrl/SHP_1695247_17072026041911_WEB.xml","17-JUL-2026 16:19:13","17-JUL-2026 16:19:17","00:00:04"
"Page Industries Limited","42.89","57.11","0","-","30-JUN-2026","17-JUL-2026",,"https://nsearchives.nseindia.com/corporate/xbrl/SHP_1695246_17072026041822_WEB.xml","17-JUL-2026 16:18:25","17-JUL-2026 16:18:30","00:00:05"
"Housing & Urban Development Corporation Limited","75","25","0","-","30-JUN-2026","17-JUL-2026",,"https://nsearchives.nseindia.com/corporate/xbrl/SHP_1695237_17072026041515_WEB.xml","17-JUL-2026 16:15:21","17-JUL-2026 16:15:25","00:00:04"
"Ecos (India) Mobility & Hospitality Limited","67.79","32.21","0","-","30-JUN-2026","17-JUL-2026",,"https://nsearchives.nseindia.com/corporate/xbrl/SHP_1695233_17072026041358_WEB.xml","17-JUL-2026 16:14:04","17-JUL-2026 16:14:09","00:00:05"
"Aurionpro Solutions Limited","26.86","73.14","0","-","30-JUN-2026","17-JUL-2026",,"https://nsearchives.nseindia.com/corporate/xbrl/SHP_1695231_17072026041342_WEB.xml","17-JUL-2026 16:13:48","17-JUL-2026 16:13:52","00:00:04"
"Oil Country Tubular Limited","47.23","52.77","0","-","30-JUN-2026","17-JUL-2026",,"https://nsearchives.nseindia.com/corporate/xbrl/SHP_1695229_17072026041331_WEB.xml","17-JUL-2026 16:13:36","17-JUL-2026 16:13:40","00:00:04"
"Techno Electric & Engineering Company Limited","56.92","43.08","0","-","30-JUN-2026","17-JUL-2026",,"https://nsearchives.nseindia.com/corporate/xbrl/SHP_1695228_17072026041220_WEB.xml","17-JUL-2026 16:12:34","17-JUL-2026 16:12:38","00:00:04"
"LIC Housing Finance Limited","45.24","54.76","0","-","30-JUN-2026","17-JUL-2026",,"https://nsearchives.nseindia.com/corporate/xbrl/SHP_1695227_17072026041211_WEB.xml","17-JUL-2026 16:12:16","17-JUL-2026 16:12:21","00:00:05"
"Laxmi Organic Industries Limited","69.34","30.66","0","-","30-JUN-2026","17-JUL-2026",,"https://nsearchives.nseindia.com/corporate/xbrl/SHP_1695226_17072026041150_WEB.xml","17-JUL-2026 16:11:55","17-JUL-2026 16:11:58","00:00:03"
"Avadh Sugar & Energy Limited","60.39","39.61","0","-","30-JUN-2026","17-JUL-2026",,"https://nsearchives.nseindia.com/corporate/xbrl/SHP_1695223_17072026041024_WEB.xml","17-JUL-2026 16:10:31","17-JUL-2026 16:10:36","00:00:05"
"The Sandesh Limited","74.81","25.19","0","-","30-JUN-2026","17-JUL-2026",,"https://nsearchives.nseindia.com/corporate/xbrl/SHP_1695217_17072026040830_WEB.xml","17-JUL-2026 16:08:37","17-JUL-2026 16:08:42","00:00:05"
"Summit Securities Limited","74.65","25.35","0","-","30-JUN-2026","17-JUL-2026",,"https://nsearchives.nseindia.com/corporate/xbrl/SHP_1695216_17072026040824_WEB.xml","17-JUL-2026 16:08:32","17-JUL-2026 16:08:36","00:00:04"
"Studds Accessories Limited","61.75","38.25","0","-","30-JUN-2026","17-JUL-2026",,"https://nsearchives.nseindia.com/corporate/xbrl/SHP_1695210_17072026040508_WEB.xml","17-JUL-2026 16:05:14","17-JUL-2026 16:05:18","00:00:04"
"Ramco Industries Limited","54.83","45.17","0","-","30-JUN-2026","17-JUL-2026",,"https://nsearchives.nseindia.com/corporate/xbrl/SHP_1695208_17072026040434_WEB.xml","17-JUL-2026 16:04:40","17-JUL-2026 16:04:44","00:00:04"
"Netweb Technologies India Limited","66.98","33.02","0","-","30-JUN-2026","17-JUL-2026",,"https://nsearchives.nseindia.com/corporate/xbrl/SHP_1695197_17072026040223_WEB.xml","17-JUL-2026 16:02:28","17-JUL-2026 16:02:32","00:00:04"
"Pyramid Technoplast Limited","74.94","25.06","0","-","30-JUN-2026","17-JUL-2026",,"https://nsearchives.nseindia.com/corporate/xbrl/SHP_1695195_17072026040113_WEB.xml","17-JUL-2026 16:01:16","17-JUL-2026 16:01:21","00:00:05"
"BOROSIL RENEWABLES LIMITED","58.77","41.23","0","-","30-JUN-2026","17-JUL-2026",,"https://nsearchives.nseindia.com/corporate/xbrl/SHP_1695191_17072026035940_WEB.xml","17-JUL-2026 15:59:47","17-JUL-2026 15:59:52","00:00:05"
"Godfrey Phillips India Limited","72.58","27.42","0","-","30-JUN-2026","17-JUL-2026",,"https://nsearchives.nseindia.com/corporate/xbrl/SHP_1695185_17072026035653_WEB.xml","17-JUL-2026 15:57:00","17-JUL-2026 15:57:05","00:00:05"
"Fiberweb (India) Limited","47.04","52.96","0","-","30-JUN-2026","17-JUL-2026",,"https://nsearchives.nseindia.com/corporate/xbrl/SHP_1695183_17072026035555_WEB.xml","17-JUL-2026 15:56:01","17-JUL-2026 15:56:06","00:00:05"
"Hindustan Petroleum Corporation Limited","54.9","45.1","0","-","30-JUN-2026","17-JUL-2026",,"https://nsearchives.nseindia.com/corporate/xbrl/SHP_1695181_17072026035547_WEB.xml","17-JUL-2026 15:55:55","17-JUL-2026 15:55:59","00:00:04"
"Mahalaxmi Fabric Mills Limited","64.8","35.2","0","-","30-JUN-2026","17-JUL-2026",,"https://nsearchives.nseindia.com/corporate/xbrl/SHP_1695178_17072026035422_WEB.xml","17-JUL-2026 15:54:27","17-JUL-2026 15:54:31","00:00:04"
"Globale Tessile Limited","65.43","34.57","0","-","30-JUN-2026","17-JUL-2026",,"https://nsearchives.nseindia.com/corporate/xbrl/SHP_1695176_17072026035226_WEB.xml","17-JUL-2026 15:52:31","17-JUL-2026 15:52:35","00:00:04"
"Prakash Pipes Limited","44.5","55.5","0","-","30-JUN-2026","17-JUL-2026",,"https://nsearchives.nseindia.com/corporate/xbrl/SHP_1695173_17072026035109_WEB.xml","17-JUL-2026 15:51:17","17-JUL-2026 15:51:22","00:00:05"
"Magellanic Cloud Limited","54.04","45.96","0","-","30-JUN-2026","17-JUL-2026",,"https://nsearchives.nseindia.com/corporate/xbrl/SHP_1695170_17072026034941_WEB.xml","17-JUL-2026 15:49:44","17-JUL-2026 15:49:48","00:00:04"
"Procter & Gamble Hygiene and Health Care Limited","70.64","29.36","0","-","30-JUN-2026","17-JUL-2026",,"https://nsearchives.nseindia.com/corporate/xbrl/SHP_1695165_17072026034846_WEB.xml","17-JUL-2026 15:48:53","17-JUL-2026 15:48:57","00:00:04"
"Pokarna Limited","56.66","43.34","0","-","30-JUN-2026","17-JUL-2026",,"https://nsearchives.nseindia.com/corporate/xbrl/SHP_1695163_17072026034759_WEB.xml","17-JUL-2026 15:48:01","17-JUL-2026 15:48:08","00:00:07"
"Jindal Saw Limited","63.25","36.5","0.26","-","30-JUN-2026","17-JUL-2026",,"https://nsearchives.nseindia.com/corporate/xbrl/SHP_1695162_17072026034750_WEB.xml","17-JUL-2026 15:47:57","17-JUL-2026 15:48:02","00:00:05"
"JSW Dulux Limited","61.2","38.8","0","-","30-JUN-2026","17-JUL-2026",,"https://nsearchives.nseindia.com/corporate/xbrl/SHP_1695160_17072026034458_WEB.xml","17-JUL-2026 15:45:04","17-JUL-2026 15:45:08","00:00:04"
"Kansai Nerolac Paints Limited","74.96","25.04","0","-","30-JUN-2026","17-JUL-2026",,"https://nsearchives.nseindia.com/corporate/xbrl/SHP_1695158_17072026034412_WEB.xml","17-JUL-2026 15:44:17","17-JUL-2026 15:44:21","00:00:04"
"IVP Limited","71.32","28.68","0","-","30-JUN-2026","17-JUL-2026",,"https://nsearchives.nseindia.com/corporate/xbrl/SHP_1695154_17072026034145_WEB.xml","17-JUL-2026 15:41:51","17-JUL-2026 15:41:56","00:00:05"
"Indian Renewable Energy Development Agency Limited","71.76","28.24","0","-","30-JUN-2026","17-JUL-2026",,"https://nsearchives.nseindia.com/corporate/xbrl/SHP_1695149_17072026033942_WEB.xml","17-JUL-2026 15:39:47","17-JUL-2026 15:39:51","00:00:04"
"Panache Digilife Limited","54.05","45.95","0","-","30-JUN-2026","17-JUL-2026",,"https://nsearchives.nseindia.com/corporate/xbrl/SHP_1695146_17072026033924_WEB.xml","17-JUL-2026 15:39:28","17-JUL-2026 15:39:32","00:00:04"
"Samvardhana Motherson International Limited","48.6","51.18","0.22","-","30-JUN-2026","17-JUL-2026",,"https://nsearchives.nseindia.com/corporate/xbrl/SHP_1695144_17072026033810_WEB.xml","17-JUL-2026 15:38:17","17-JUL-2026 15:38:22","00:00:05"
"Shiva Texyarn Limited","74.04","25.96","0","-","30-JUN-2026","17-JUL-2026",,"https://nsearchives.nseindia.com/corporate/xbrl/SHP_1695143_17072026033806_WEB.xml","17-JUL-2026 15:38:12","17-JUL-2026 15:38:16","00:00:04"
"Schneider Electric Infrastructure Limited","75","25","0","-","30-JUN-2026","17-JUL-2026",,"https://nsearchives.nseindia.com/corporate/xbrl/SHP_1695134_17072026033358_WEB.xml","17-JUL-2026 15:34:05","17-JUL-2026 15:34:09","00:00:04"
"Viceroy Hotels Limited","84.11","15.89","0","-","30-JUN-2026","17-JUL-2026",,"https://nsearchives.nseindia.com/corporate/xbrl/SHP_1695133_17072026033350_WEB.xml","17-JUL-2026 15:33:53","17-JUL-2026 15:33:58","00:00:05"
"Prime Focus Limited","60.73","39.27","0","-","30-JUN-2026","17-JUL-2026",,"https://nsearchives.nseindia.com/corporate/xbrl/SHP_1695128_17072026032906_WEB.xml","17-JUL-2026 15:29:11","17-JUL-2026 15:29:15","00:00:04"
"Sundaram Multi Pap Limited","31.11","68.89","0","-","30-JUN-2026","17-JUL-2026",,"https://nsearchives.nseindia.com/corporate/xbrl/SHP_1695124_17072026032646_WEB.xml","17-JUL-2026 15:26:49","17-JUL-2026 15:26:53","00:00:04"
"Dynamatic Technologies Limited","41.5","58.5","0","-","30-JUN-2026","17-JUL-2026",,"https://nsearchives.nseindia.com/corporate/xbrl/SHP_1695122_17072026032547_WEB.xml","17-JUL-2026 15:25:51","17-JUL-2026 15:25:55","00:00:04"
"IndoStar Capital Finance Limited","70.36","29.64","0","-","30-JUN-2026","17-JUL-2026",,"https://nsearchives.nseindia.com/corporate/xbrl/SHP_1695116_17072026032301_WEB.xml","17-JUL-2026 15:23:06","17-JUL-2026 15:23:12","00:00:06"
"Inventurus Knowledge Solutions Limited","63.72","34.05","2.22","-","30-JUN-2026","17-JUL-2026",,"https://nsearchives.nseindia.com/corporate/xbrl/SHP_1695112_17072026032044_WEB.xml","17-JUL-2026 15:20:52","17-JUL-2026 15:20:57","00:00:05"
"Everest Industries Limited","50.22","49.78","0","-","30-JUN-2026","17-JUL-2026",,"https://nsearchives.nseindia.com/corporate/xbrl/SHP_1695099_17072026031200_WEB.xml","17-JUL-2026 15:12:05","17-JUL-2026 15:12:09","00:00:04"
"TSF INVESTMENTS LIMITED","54.99","44.37","0.64","-","30-JUN-2026","17-JUL-2026",,"https://nsearchives.nseindia.com/corporate/xbrl/SHP_1695094_17072026030840_WEB.xml","17-JUL-2026 15:08:46","17-JUL-2026 15:08:51","00:00:05"
"D. P. Abhushan Limited","74.89","25.11","0","-","30-JUN-2026","17-JUL-2026",,"https://nsearchives.nseindia.com/corporate/xbrl/SHP_1695093_17072026030623_WEB.xml","17-JUL-2026 15:06:27","17-JUL-2026 15:06:32","00:00:05"
"Landmark Cars Limited","49.93","50.07","0","-","30-JUN-2026","17-JUL-2026",,"https://nsearchives.nseindia.com/corporate/xbrl/SHP_1695092_17072026030544_WEB.xml","17-JUL-2026 15:05:49","17-JUL-2026 15:05:53","00:00:04"
"Radico Khaitan Limited","40.19","59.81","0","-","30-JUN-2026","17-JUL-2026",,"https://nsearchives.nseindia.com/corporate/xbrl/SHP_1695091_17072026030527_WEB.xml","17-JUL-2026 15:05:32","17-JUL-2026 15:05:37","00:00:05"
"Trident Limited","73.68","26.32","0.01","-","30-JUN-2026","17-JUL-2026",,"https://nsearchives.nseindia.com/corporate/xbrl/SHP_1695085_17072026030327_WEB.xml","17-JUL-2026 15:03:32","17-JUL-2026 15:03:37","00:00:05"
"DMCC SPECIALITY CHEMICALS LIMITED","53.84","46.16","0","-","30-JUN-2026","17-JUL-2026",,"https://nsearchives.nseindia.com/corporate/xbrl/SHP_1695082_17072026030229_WEB.xml","17-JUL-2026 15:02:35","17-JUL-2026 15:02:39","00:00:04"
"Expleo Solutions Limited","71.05","28.95","0","-","30-JUN-2026","17-JUL-2026",,"https://nsearchives.nseindia.com/corporate/xbrl/SHP_1695081_17072026030121_WEB.xml","17-JUL-2026 15:01:26","17-JUL-2026 15:01:30","00:00:04"
"Supreme Industries Limited","48.96","51.04","0","-","30-JUN-2026","17-JUL-2026",,"https://nsearchives.nseindia.com/corporate/xbrl/SHP_1695080_17072026025954_WEB.xml","17-JUL-2026 15:00:00","17-JUL-2026 15:00:37","00:00:37"
"Palash Securities Limited","72.18","27.82","0","-","30-JUN-2026","17-JUL-2026",,"https://nsearchives.nseindia.com/corporate/xbrl/SHP_1695074_17072026025542_WEB.xml","17-JUL-2026 14:55:47","17-JUL-2026 14:55:51","00:00:04"
"Cineline India Limited","69.6","30.4","0","-","30-JUN-2026","17-JUL-2026",,"https://nsearchives.nseindia.com/corporate/xbrl/SHP_1695072_17072026025529_WEB.xml","17-JUL-2026 14:55:35","17-JUL-2026 14:55:39","00:00:04"
"Indian Railway Finance Corporation Limited","82.9","17.1","0","-","30-JUN-2026","17-JUL-2026",,"https://nsearchives.nseindia.com/corporate/xbrl/SHP_1695070_17072026025457_WEB.xml","17-JUL-2026 14:55:03","17-JUL-2026 14:55:07","00:00:04"
"Kanoria Chemicals & Industries Limited","74.4","25.6","0","-","30-JUN-2026","17-JUL-2026",,"https://nsearchives.nseindia.com/corporate/xbrl/SHP_1695068_17072026025440_WEB.xml","17-JUL-2026 14:54:46","17-JUL-2026 14:54:50","00:00:04"
"Linc Limited","61.02","38.98","0","-","30-JUN-2026","17-JUL-2026",,"https://nsearchives.nseindia.com/corporate/xbrl/SHP_1695065_17072026025328_WEB.xml","17-JUL-2026 14:53:34","17-JUL-2026 14:53:39","00:00:05"
"ZUARI INDUSTRIES LIMITED","56.71","43.29","0","-","30-JUN-2026","17-JUL-2026",,"https://nsearchives.nseindia.com/corporate/xbrl/SHP_1695063_17072026025122_WEB.xml","17-JUL-2026 14:51:28","17-JUL-2026 14:51:33","00:00:05"
"Divi's Laboratories Limited","51.88","48.12","0","-","30-JUN-2026","17-JUL-2026",,"https://nsearchives.nseindia.com/corporate/xbrl/SHP_1695062_17072026025119_WEB.xml","17-JUL-2026 14:51:23","17-JUL-2026 14:51:28","00:00:05"
"Veto Switchgears And Cables Limited","45.06","54.94","0","-","30-JUN-2026","17-JUL-2026",,"https://nsearchives.nseindia.com/corporate/xbrl/SHP_1695055_17072026024849_WEB.xml","17-JUL-2026 14:48:52","17-JUL-2026 14:48:57","00:00:05"
"Bhartiya International Limited","61.17","38.83","0","-","30-JUN-2026","17-JUL-2026",,"https://nsearchives.nseindia.com/corporate/xbrl/SHP_1695049_17072026024638_WEB.xml","17-JUL-2026 14:46:42","17-JUL-2026 14:46:47","00:00:05"
"Mrs. Bectors Food Specialities Limited","49.04","50.96","0","-","30-JUN-2026","17-JUL-2026",,"https://nsearchives.nseindia.com/corporate/xbrl/SHP_1695047_17072026024457_WEB.xml","17-JUL-2026 14:45:01","17-JUL-2026 14:45:07","00:00:06"
"Sudarshan Colorants India Limited","70.26","29.74","0","-","30-JUN-2026","17-JUL-2026",,"https://nsearchives.nseindia.com/corporate/xbrl/SHP_1695042_17072026024337_WEB.xml","17-JUL-2026 14:43:47","17-JUL-2026 14:43:52","00:00:05"
"Nephrocare Health Services Limited","63.85","36.15","0","-","30-JUN-2026","17-JUL-2026",,"https://nsearchives.nseindia.com/corporate/xbrl/SHP_1695040_17072026024255_WEB.xml","17-JUL-2026 14:43:01","17-JUL-2026 14:43:06","00:00:05"
"Computer Age Management Services Limited","0","100","0","-","30-JUN-2026","17-JUL-2026",,"https://nsearchives.nseindia.com/corporate/xbrl/SHP_1695034_17072026023741_WEB.xml","17-JUL-2026 14:37:44","17-JUL-2026 14:37:49","00:00:05"
"Shekhawati Industries Limited","64.08","35.92","0","-","30-JUN-2026","17-JUL-2026",,"https://nsearchives.nseindia.com/corporate/xbrl/SHP_1695032_17072026023625_WEB.xml","17-JUL-2026 14:36:29","17-JUL-2026 14:36:33","00:00:04"
"Lloyds Metals And Energy Limited","61.63","38.31","0.06","Revised","30-JUN-2026","17-JUL-2026","09-SEP-2026","https://nsearchives.nseindia.com/corporate/xbrl/SHP_1722860_09092026125828_WEB.xml","10-SEP-2026 19:14:06","10-SEP-2026 19:14:11","00:00:05"
"PTL Enterprises Limited","69.82","30.18","0","-","30-JUN-2026","17-JUL-2026",,"https://nsearchives.nseindia.com/corporate/xbrl/SHP_1695029_17072026023438_WEB.xml","17-JUL-2026 14:34:43","17-JUL-2026 14:34:48","00:00:05"
"Remsons Industries Limited","62.83","37.17","0","-","30-JUN-2026","17-JUL-2026",,"https://nsearchives.nseindia.com/corporate/xbrl/SHP_1695027_17072026023346_WEB.xml","17-JUL-2026 14:33:52","17-JUL-2026 14:33:57","00:00:05"
"K S Oils Limited","7.54","92.46","0","-","30-JUN-2026","17-JUL-2026",,"https://nsearchives.nseindia.com/corporate/xbrl/SHP_1695026_17072026023340_WEB.xml","17-JUL-2026 14:33:44","17-JUL-2026 14:33:49","00:00:05"
"Dhruv Consultancy Services Limited","49.44","50.56","0","-","30-JUN-2026","17-JUL-2026",,"https://nsearchives.nseindia.com/corporate/xbrl/SHP_1695025_17072026023334_WEB.xml","17-JUL-2026 14:33:38","17-JUL-2026 14:33:43","00:00:05"
"Krsnaa Diagnostics Limited","27.11","72.89","0","-","30-JUN-2026","17-JUL-2026",,"https://nsearchives.nseindia.com/corporate/xbrl/SHP_1695018_17072026023146_WEB.xml","17-JUL-2026 14:31:50","17-JUL-2026 14:31:55","00:00:05"
"Bajaj Housing Finance Limited","86.7","13.25","0.04","-","30-JUN-2026","17-JUL-2026",,"https://nsearchives.nseindia.com/corporate/xbrl/SHP_1695014_17072026022946_WEB.xml","17-JUL-2026 14:29:51","17-JUL-2026 14:29:56","00:00:05"
"Madhucon Projects Limited","59.08","40.92","0","-","30-JUN-2026","17-JUL-2026",,"https://nsearchives.nseindia.com/corporate/xbrl/SHP_1695011_17072026022548_WEB.xml","17-JUL-2026 14:25:52","17-JUL-2026 14:25:59","00:00:07"
"BEML Limited","54.03","45.97","0","-","30-JUN-2026","17-JUL-2026",,"https://nsearchives.nseindia.com/corporate/xbrl/SHP_1695010_17072026022513_WEB.xml","17-JUL-2026 14:25:17","17-JUL-2026 14:25:21","00:00:04"
"HCL Infosystems Limited","62.89","37.11","0","-","30-JUN-2026","17-JUL-2026",,"https://nsearchives.nseindia.com/corporate/xbrl/SHP_1695009_17072026022236_WEB.xml","17-JUL-2026 14:22:42","17-JUL-2026 14:22:46","00:00:04"
"Singer India Limited","30.49","69.51","0","-","30-JUN-2026","17-JUL-2026",,"https://nsearchives.nseindia.com/corporate/xbrl/SHP_1695008_17072026022147_WEB.xml","17-JUL-2026 14:21:52","17-JUL-2026 14:21:57","00:00:05"
"Max India Limited","49.77","50.23","0","Revised","30-JUN-2026","17-JUL-2026","09-SEP-2026","https://nsearchives.nseindia.com/corporate/xbrl/SHP_1722939_09092026042609_WEB.xml","11-SEP-2026 12:08:33","11-SEP-2026 12:08:37","00:00:04"
"Globe International Carriers Limited","63.96","36.04","0","-","30-JUN-2026","17-JUL-2026",,"https://nsearchives.nseindia.com/corporate/xbrl/SHP_1695003_17072026021442_WEB.xml","17-JUL-2026 14:14:46","17-JUL-2026 14:14:50","00:00:04"
"Rajnandini Metal Limited","31.61","68.39","0","-","30-JUN-2026","17-JUL-2026",,"https://nsearchives.nseindia.com/corporate/xbrl/SHP_1694995_17072026020539_WEB.xml","17-JUL-2026 14:05:44","17-JUL-2026 14:05:49","00:00:05"
"Bharat Petroleum Corporation Limited","52.98","47.02","0","-","30-JUN-2026","17-JUL-2026",,"https://nsearchives.nseindia.com/corporate/xbrl/SHP_1694990_17072026020005_WEB.xml","17-JUL-2026 14:00:10","17-JUL-2026 14:00:15","00:00:05"
"Valiant Laboratories Limited","74.94","25.06","0","-","30-JUN-2026","17-JUL-2026",,"https://nsearchives.nseindia.com/corporate/xbrl/SHP_1694986_17072026015454_WEB.xml","17-JUL-2026 13:54:58","17-JUL-2026 13:55:05","00:00:07"
"UFLEX Limited","44.58","55.42","0","-","30-JUN-2026","17-JUL-2026",,"https://nsearchives.nseindia.com/corporate/xbrl/SHP_1694985_17072026015438_WEB.xml","17-JUL-2026 13:54:43","17-JUL-2026 13:54:48","00:00:05"
"ICICI Bank Limited","0","100","0","-","30-JUN-2026","17-JUL-2026",,"https://nsearchives.nseindia.com/corporate/xbrl/SHP_1694984_17072026015418_WEB.xml","17-JUL-2026 13:54:27","17-JUL-2026 13:54:32","00:00:05"
"JBF Industries Limited","22.91","77.09","0","-","30-JUN-2026","17-JUL-2026",,"https://nsearchives.nseindia.com/corporate/xbrl/SHP_1694973_17072026013757_WEB.xml","17-JUL-2026 13:38:02","17-JUL-2026 13:38:07","00:00:05"
"Peninsula Land Limited","67.71","32.29","0","-","30-JUN-2026","17-JUL-2026",,"https://nsearchives.nseindia.com/corporate/xbrl/SHP_1694964_17072026012833_WEB.xml","17-JUL-2026 13:28:39","17-JUL-2026 13:28:43","00:00:04"
"Leela Palaces Hotels & Resorts Limited","75.91","24.09","0","-","30-JUN-2026","17-JUL-2026",,"https://nsearchives.nseindia.com/corporate/xbrl/SHP_1694963_17072026012256_WEB.xml","17-JUL-2026 13:23:00","17-JUL-2026 13:23:05","00:00:05"
"Western Carriers (India) Limited","73.03","26.97","0","-","30-JUN-2026","17-JUL-2026",,"https://nsearchives.nseindia.com/corporate/xbrl/SHP_1694962_17072026012244_WEB.xml","17-JUL-2026 13:22:50","17-JUL-2026 13:22:54","00:00:04"
"Pace Digitek Limited","69.52","30.48","0","-","30-JUN-2026","17-JUL-2026",,"https://nsearchives.nseindia.com/corporate/xbrl/SHP_1694954_17072026011530_WEB.xml","17-JUL-2026 13:15:36","17-JUL-2026 13:15:40","00:00:04"
"Swan Defence and Heavy Industries Limited","89.9","10.1","0","-","30-JUN-2026","17-JUL-2026",,"https://nsearchives.nseindia.com/corporate/xbrl/SHP_1694953_17072026011411_WEB.xml","17-JUL-2026 13:14:16","17-JUL-2026 13:14:21","00:00:05"
"Berger Paints (I) Limited","74.98","25.02","0","-","30-JUN-2026","17-JUL-2026",,"https://nsearchives.nseindia.com/corporate/xbrl/SHP_1694950_17072026011311_WEB.xml","17-JUL-2026 13:13:16","17-JUL-2026 13:13:21","00:00:05"
"Silver Touch Technologies Limited","74.66","25.34","0","-","30-JUN-2026","17-JUL-2026",,"https://nsearchives.nseindia.com/corporate/xbrl/SHP_1694949_17072026011254_WEB.xml","17-JUL-2026 13:12:57","17-JUL-2026 13:13:02","00:00:05"
"Saksoft Limited","66.72","30.25","3.03","-","30-JUN-2026","17-JUL-2026",,"https://nsearchives.nseindia.com/corporate/xbrl/SHP_1694947_17072026011028_WEB.xml","17-JUL-2026 13:10:34","17-JUL-2026 13:10:40","00:00:06"
"Shanthi Gears Limited","70.47","29.53","0","-","30-JUN-2026","17-JUL-2026",,"https://nsearchives.nseindia.com/corporate/xbrl/SHP_1694942_17072026010453_WEB.xml","17-JUL-2026 13:05:01","17-JUL-2026 13:05:07","00:00:06"
"Bombay Dyeing & Mfg Company Limited","53.57","46.43","0","-","30-JUN-2026","17-JUL-2026",,"https://nsearchives.nseindia.com/corporate/xbrl/SHP_1694938_17072026010229_WEB.xml","17-JUL-2026 13:02:36","17-JUL-2026 13:02:41","00:00:05"
"GK Energy Limited","79.2","20.8","0","-","30-JUN-2026","17-JUL-2026",,"https://nsearchives.nseindia.com/corporate/xbrl/SHP_1694935_17072026010127_WEB.xml","17-JUL-2026 13:01:32","17-JUL-2026 13:01:36","00:00:04"
"KEC International Limited","50.1","49.9","0","-","30-JUN-2026","17-JUL-2026",,"https://nsearchives.nseindia.com/corporate/xbrl/SHP_1694930_17072026125808_WEB.xml","17-JUL-2026 12:58:14","17-JUL-2026 12:58:18","00:00:04"
"Bata India Limited","50.16","49.84","0","-","30-JUN-2026","17-JUL-2026",,"https://nsearchives.nseindia.com/corporate/xbrl/SHP_1694924_17072026125457_WEB.xml","17-JUL-2026 12:55:03","17-JUL-2026 12:55:09","00:00:06"
"Radaan Mediaworks India Limited","51.42","48.58","0","-","30-JUN-2026","17-JUL-2026",,"https://nsearchives.nseindia.com/corporate/xbrl/SHP_1694921_17072026125125_WEB.xml","17-JUL-2026 12:51:29","17-JUL-2026 12:51:34","00:00:05"
"Grasim Industries Limited","43.74","55.93","0.34","-","30-JUN-2026","17-JUL-2026",,"https://nsearchives.nseindia.com/corporate/xbrl/SHP_1694917_17072026125043_WEB.xml","17-JUL-2026 12:50:53","17-JUL-2026 12:50:57","00:00:04"
"EPACK Durable Limited","46.45","53.55","0","-","30-JUN-2026","17-JUL-2026",,"https://nsearchives.nseindia.com/corporate/xbrl/SHP_1694911_17072026124747_WEB.xml","17-JUL-2026 12:47:50","17-JUL-2026 12:47:55","00:00:05"
"SAGILITY LIMITED","50.95","49.05","0","-","30-JUN-2026","17-JUL-2026",,"https://nsearchives.nseindia.com/corporate/xbrl/SHP_1694901_17072026122835_WEB.xml","17-JUL-2026 12:28:40","17-JUL-2026 12:28:43","00:00:03"
"Worth Peripherals Limited","68.2","31.8","0","-","30-JUN-2026","17-JUL-2026",,"https://nsearchives.nseindia.com/corporate/xbrl/SHP_1694898_17072026122616_WEB.xml","17-JUL-2026 12:26:19","17-JUL-2026 12:26:24","00:00:05"
"Sun Pharmaceutical Industries Limited","54.48","45.52","0","-","30-JUN-2026","17-JUL-2026",,"https://nsearchives.nseindia.com/corporate/xbrl/SHP_1694893_17072026122439_WEB.xml","17-JUL-2026 12:24:49","17-JUL-2026 12:24:53","00:00:04"
"The Jammu & Kashmir Bank Limited","59.4","40.6","0","-","30-JUN-2026","17-JUL-2026",,"https://nsearchives.nseindia.com/corporate/xbrl/SHP_1694892_17072026122420_WEB.xml","17-JUL-2026 12:24:26","17-JUL-2026 12:24:31","00:00:05"
"Unitech Limited","5.13","94.87","0","-","30-JUN-2026","17-JUL-2026",,"https://nsearchives.nseindia.com/corporate/xbrl/SHP_1694891_17072026122415_WEB.xml","17-JUL-2026 12:24:22","17-JUL-2026 12:24:26","00:00:04"
"Kewal Kiran Clothing Limited","74.29","25.71","0","-","30-JUN-2026","17-JUL-2026",,"https://nsearchives.nseindia.com/corporate/xbrl/SHP_1694888_17072026122224_WEB.xml","17-JUL-2026 12:22:29","17-JUL-2026 12:22:33","00:00:04"
"Persistent Systems Limited","30.29","69.04","0.66","-","30-JUN-2026","17-JUL-2026",,"https://nsearchives.nseindia.com/corporate/xbrl/SHP_1694885_17072026122044_WEB.xml","17-JUL-2026 12:20:48","17-JUL-2026 12:20:52","00:00:04"
"GVP Infotech Limited","74.8","25.2","0","-","30-JUN-2026","17-JUL-2026",,"https://nsearchives.nseindia.com/corporate/xbrl/SHP_1694878_17072026121833_WEB.xml","17-JUL-2026 12:18:37","17-JUL-2026 12:18:41","00:00:04"
"RattanIndia Enterprises Limited","74.87","25.03","0.1","-","30-JUN-2026","17-JUL-2026",,"https://nsearchives.nseindia.com/corporate/xbrl/SHP_1694877_17072026121705_WEB.xml","17-JUL-2026 12:17:11","17-JUL-2026 12:17:14","00:00:03"
"Five-Star Business Finance Limited","18.61","81.39","0","-","30-JUN-2026","17-JUL-2026",,"https://nsearchives.nseindia.com/corporate/xbrl/SHP_1694873_17072026121250_WEB.xml","17-JUL-2026 12:12:53","17-JUL-2026 12:12:58","00:00:05"
"Flair Writing Industries Limited","78.59","21.41","0","-","30-JUN-2026","17-JUL-2026",,"https://nsearchives.nseindia.com/corporate/xbrl/SHP_1694869_17072026121139_WEB.xml","17-JUL-2026 12:11:44","17-JUL-2026 12:11:49","00:00:05"
"BSL Limited","56.72","43.28","0","-","30-JUN-2026","17-JUL-2026",,"https://nsearchives.nseindia.com/corporate/xbrl/SHP_1694861_17072026120719_WEB.xml","17-JUL-2026 12:07:24","17-JUL-2026 12:07:28","00:00:04"
"Capital India Finance Limited","72.59","27.41","0","-","30-JUN-2026","17-JUL-2026",,"https://nsearchives.nseindia.com/corporate/xbrl/SHP_1694852_17072026115710_WEB.xml","17-JUL-2026 11:57:13","17-JUL-2026 11:57:17","00:00:04"
"Kabra Extrusion Technik Limited","60.44","39.56","0","-","30-JUN-2026","17-JUL-2026",,"https://nsearchives.nseindia.com/corporate/xbrl/SHP_1694846_17072026115411_WEB.xml","17-JUL-2026 11:54:16","17-JUL-2026 11:54:21","00:00:05"
"M K Proteins Limited","74.82","25.18","0","-","30-JUN-2026","17-JUL-2026",,"https://nsearchives.nseindia.com/corporate/xbrl/SHP_1694832_17072026113719_WEB.xml","17-JUL-2026 11:37:23","17-JUL-2026 11:37:28","00:00:05"
"Blue Coast Hotels Limited","74.93","25.07","0","-","30-JUN-2026","17-JUL-2026",,"https://nsearchives.nseindia.com/corporate/xbrl/SHP_1694831_17072026113531_WEB.xml","17-JUL-2026 11:35:35","17-JUL-2026 11:35:39","00:00:04"
"Aditya Vision Limited","47.14","52.86","0","-","30-JUN-2026","17-JUL-2026",,"https://nsearchives.nseindia.com/corporate/xbrl/SHP_1694830_17072026113506_WEB.xml","17-JUL-2026 11:35:11","17-JUL-2026 11:35:15","00:00:04"
"Akash Infra-Projects Limited","74.59","25.41","0","-","30-JUN-2026","17-JUL-2026",,"https://nsearchives.nseindia.com/corporate/xbrl/SHP_1694822_17072026112504_WEB.xml","17-JUL-2026 11:25:08","17-JUL-2026 11:25:15","00:00:07"
"Patel Engineering Limited","31.48","64.78","3.74","-","30-JUN-2026","17-JUL-2026",,"https://nsearchives.nseindia.com/corporate/xbrl/SHP_1694821_17072026112459_WEB.xml","17-JUL-2026 11:25:04","17-JUL-2026 11:25:09","00:00:05"
"AJR INFRA AND TOLLING LIMITED","10.72","89.28","0","-","30-JUN-2026","17-JUL-2026",,"https://nsearchives.nseindia.com/corporate/xbrl/SHP_1694819_17072026112207_WEB.xml","17-JUL-2026 11:22:12","17-JUL-2026 11:22:16","00:00:04"
"Venus Remedies Limited","41.76","58.24","0","-","30-JUN-2026","17-JUL-2026",,"https://nsearchives.nseindia.com/corporate/xbrl/SHP_1694817_17072026111828_WEB.xml","17-JUL-2026 11:18:34","17-JUL-2026 11:18:39","00:00:05"
"FORCE MOTORS LTD","61.63","38.37","0","-","30-JUN-2026","17-JUL-2026",,"https://nsearchives.nseindia.com/corporate/xbrl/SHP_1694816_17072026111734_WEB.xml","17-JUL-2026 11:17:40","17-JUL-2026 11:17:44","00:00:04"
"Genus Power Infrastructures Limited","39.34","60.63","0.03","-","30-JUN-2026","17-JUL-2026",,"https://nsearchives.nseindia.com/corporate/xbrl/SHP_1694815_17072026111724_WEB.xml","17-JUL-2026 11:17:29","17-JUL-2026 11:17:33","00:00:04"
"Chambal Fertilizers & Chemicals Limited","61.34","38.66","0","-","30-JUN-2026","17-JUL-2026",,"https://nsearchives.nseindia.com/corporate/xbrl/SHP_1694811_17072026111452_WEB.xml","17-JUL-2026 11:14:58","17-JUL-2026 11:15:03","00:00:05"
"COSMO FIRST LIMITED","40.78","58.11","1.11","-","30-JUN-2026","17-JUL-2026",,"https://nsearchives.nseindia.com/corporate/xbrl/SHP_1694808_17072026111202_WEB.xml","17-JUL-2026 11:12:10","17-JUL-2026 11:12:14","00:00:04"
"R.P.P. Infra Projects Limited","39.18","60.82","0","-","30-JUN-2026","17-JUL-2026",,"https://nsearchives.nseindia.com/corporate/xbrl/SHP_1694797_17072026110245_WEB.xml","17-JUL-2026 11:02:48","17-JUL-2026 11:02:52","00:00:04"
"Beta Drugs Limited","59.1","40.9","0","-","30-JUN-2026","17-JUL-2026",,"https://nsearchives.nseindia.com/corporate/xbrl/SHP_1694796_17072026105957_WEB.xml","17-JUL-2026 11:00:00","17-JUL-2026 11:00:05","00:00:05"
"Master Trust Limited","71.93","28.07","0","-","30-JUN-2026","17-JUL-2026",,"https://nsearchives.nseindia.com/corporate/xbrl/SHP_1694795_17072026105857_WEB.xml","17-JUL-2026 10:59:01","17-JUL-2026 10:59:06","00:00:05"
"Black Box Limited","69.95","30.05","0","-","30-JUN-2026","17-JUL-2026",,"https://nsearchives.nseindia.com/corporate/xbrl/SHP_1694791_17072026105505_WEB.xml","17-JUL-2026 10:55:11","17-JUL-2026 10:55:15","00:00:04"
"Suyog Telematics Limited","51.64","48.36","0","-","30-JUN-2026","17-JUL-2026",,"https://nsearchives.nseindia.com/corporate/xbrl/SHP_1694790_17072026105300_WEB.xml","17-JUL-2026 10:53:04","17-JUL-2026 10:53:09","00:00:05"
"Jullundur Motor Agency (Delhi) Limited","51","49","0","-","30-JUN-2026","17-JUL-2026",,"https://nsearchives.nseindia.com/corporate/xbrl/SHP_1694786_17072026104603_WEB.xml","17-JUL-2026 10:46:05","17-JUL-2026 10:46:09","00:00:04"
"V2 Retail Limited","51.43","48.57","0","-","30-JUN-2026","17-JUL-2026",,"https://nsearchives.nseindia.com/corporate/xbrl/SHP_1694783_17072026104319_WEB.xml","17-JUL-2026 10:43:24","17-JUL-2026 10:43:28","00:00:04"
"Hitech Corporation Limited","74.43","25.57","0","-","30-JUN-2026","17-JUL-2026",,"https://nsearchives.nseindia.com/corporate/xbrl/SHP_1694782_17072026104306_WEB.xml","17-JUL-2026 10:43:11","17-JUL-2026 10:43:15","00:00:04"
"IPCA Laboratories Limited","44.72","55.28","0","-","30-JUN-2026","17-JUL-2026",,"https://nsearchives.nseindia.com/corporate/xbrl/SHP_1694779_17072026104110_WEB.xml","17-JUL-2026 10:41:18","17-JUL-2026 10:41:22","00:00:04"
"Sakar Healthcare Limited","52.52","47.48","0","-","30-JUN-2026","17-JUL-2026",,"https://nsearchives.nseindia.com/corporate/xbrl/SHP_1694777_17072026103746_WEB.xml","17-JUL-2026 10:37:49","17-JUL-2026 10:37:53","00:00:04"
"Stanley Lifestyles Limited","56.88","43.12","0","-","30-JUN-2026","17-JUL-2026",,"https://nsearchives.nseindia.com/corporate/xbrl/SHP_1694774_17072026103447_WEB.xml","17-JUL-2026 10:34:49","17-JUL-2026 10:34:55","00:00:06"
"Quick Heal Technologies Limited","71.48","28.52","0","-","30-JUN-2026","17-JUL-2026",,"https://nsearchives.nseindia.com/corporate/xbrl/SHP_1694771_17072026103306_WEB.xml","17-JUL-2026 10:33:12","17-JUL-2026 10:33:17","00:00:05"
"BF Utilities Limited","56.72","43.28","0","-","30-JUN-2026","17-JUL-2026",,"https://nsearchives.nseindia.com/corporate/xbrl/SHP_1694769_17072026103146_WEB.xml","17-JUL-2026 10:31:56","17-JUL-2026 10:32:01","00:00:05"
"Shree Renuka Sugars Limited","62.48","37.52","0","Revised","30-JUN-2026","17-JUL-2026","30-JUL-2026","https://nsearchives.nseindia.com/corporate/xbrl/SHP_1704722_30072026105845_WEB.xml","21-AUG-2026 17:54:32","21-AUG-2026 17:54:36","00:00:04"
"Manba Finance Limited","74.98","25.02","0","-","30-JUN-2026","17-JUL-2026",,"https://nsearchives.nseindia.com/corporate/xbrl/SHP_1694764_17072026102731_WEB.xml","17-JUL-2026 10:27:36","17-JUL-2026 10:27:41","00:00:05"
"Alicon Castalloy Limited","53.79","46.21","0","-","30-JUN-2026","17-JUL-2026",,"https://nsearchives.nseindia.com/corporate/xbrl/SHP_1694760_17072026102215_WEB.xml","17-JUL-2026 10:22:20","17-JUL-2026 10:22:25","00:00:05"
"Maruti Suzuki India Limited","58.65","41.35","0","-","30-JUN-2026","17-JUL-2026",,"https://nsearchives.nseindia.com/corporate/xbrl/SHP_1694756_17072026101742_WEB.xml","17-JUL-2026 10:17:48","17-JUL-2026 10:17:53","00:00:05"
"Power Mech Projects Limited","58.42","41.58","0","Revised","30-JUN-2026","17-JUL-2026","08-SEP-2026","https://nsearchives.nseindia.com/corporate/xbrl/SHP_1722438_08092026013247_WEB.xml","09-SEP-2026 16:17:22","09-SEP-2026 16:17:27","00:00:05"
"GFL Limited","68.72","31.28","0","-","30-JUN-2026","17-JUL-2026",,"https://nsearchives.nseindia.com/corporate/xbrl/SHP_1694750_17072026101107_WEB.xml","17-JUL-2026 10:11:12","17-JUL-2026 10:11:16","00:00:04"
"Mishra Dhatu Nigam Limited","74","26","0","-","30-JUN-2026","17-JUL-2026",,"https://nsearchives.nseindia.com/corporate/xbrl/SHP_1694749_17072026100825_WEB.xml","17-JUL-2026 10:08:30","17-JUL-2026 10:08:34","00:00:04"
"Ceigall India Limited","82.06","17.94","0","-","30-JUN-2026","17-JUL-2026",,"https://nsearchives.nseindia.com/corporate/xbrl/SHP_1694748_17072026100720_WEB.xml","17-JUL-2026 10:07:25","17-JUL-2026 10:07:30","00:00:05"
"Universal Cables Limited","61.89","38.11","0","-","30-JUN-2026","17-JUL-2026",,"https://nsearchives.nseindia.com/corporate/xbrl/SHP_1694740_17072026093801_WEB.xml","17-JUL-2026 09:38:08","17-JUL-2026 09:38:12","00:00:04"
"Insecticides (India) Limited","72.3","27.7","0","-","30-JUN-2026","17-JUL-2026",,"https://nsearchives.nseindia.com/corporate/xbrl/SHP_1694739_17072026093223_WEB.xml","17-JUL-2026 09:32:28","17-JUL-2026 09:32:32","00:00:04"
"Madras Fertilizers Limited","85.27","14.73","0","-","30-JUN-2026","17-JUL-2026",,"https://nsearchives.nseindia.com/corporate/xbrl/SHP_1694738_17072026092734_WEB.xml","17-JUL-2026 09:27:44","17-JUL-2026 09:27:49","00:00:05"
"Bharat Road Network Limited","51.73","48.27","0","-","30-JUN-2026","17-JUL-2026",,"https://nsearchives.nseindia.com/corporate/xbrl/SHP_1694735_17072026091912_WEB.xml","17-JUL-2026 09:19:19","17-JUL-2026 09:19:23","00:00:04"
"Sportking India Limited","74.36","25.64","0","-","30-JUN-2026","16-JUL-2026",,"https://nsearchives.nseindia.com/corporate/xbrl/SHP_1693739_16072026090501_WEB.xml","16-JUL-2026 09:05:09","16-JUL-2026 09:05:15","00:00:06"
"Cholamandalam Financial Holdings Limited","46.43","53.57","0","-","30-JUN-2026","16-JUL-2026",,"https://nsearchives.nseindia.com/corporate/xbrl/SHP_1694713_16072026112648_WEB.xml","16-JUL-2026 23:26:57","16-JUL-2026 23:27:02","00:00:05"
"Syrma SGS Technology Limited","42.28","57.6","0.11","-","30-JUN-2026","16-JUL-2026",,"https://nsearchives.nseindia.com/corporate/xbrl/SHP_1694703_16072026102221_WEB.xml","16-JUL-2026 22:22:32","16-JUL-2026 22:22:35","00:00:03"
"Brigade Enterprises Limited","41.1","58.9","0","-","30-JUN-2026","16-JUL-2026",,"https://nsearchives.nseindia.com/corporate/xbrl/SHP_1694669_16072026082123_WEB.xml","16-JUL-2026 20:21:27","16-JUL-2026 20:21:31","00:00:04"
"Turtlemint Fintech Solutions Limited","13.21","86.79","0","-","30-JUN-2026","16-JUL-2026",,"https://nsearchives.nseindia.com/corporate/xbrl/SHP_1694668_16072026082015_WEB.xml","16-JUL-2026 20:20:18","16-JUL-2026 20:20:22","00:00:04"
"Energy Development Company Limited","58.14","41.86","0","-","30-JUN-2026","16-JUL-2026",,"https://nsearchives.nseindia.com/corporate/xbrl/SHP_1694664_16072026081623_WEB.xml","16-JUL-2026 20:16:27","16-JUL-2026 20:16:31","00:00:04"
"Angel One Limited","28.59","71.41","0","-","30-JUN-2026","16-JUL-2026",,"https://nsearchives.nseindia.com/corporate/xbrl/SHP_1694660_16072026080533_WEB.xml","16-JUL-2026 20:05:40","16-JUL-2026 20:05:44","00:00:04"
"Lenskart Solutions Limited","17.53","82.05","0.42","-","30-JUN-2026","16-JUL-2026",,"https://nsearchives.nseindia.com/corporate/xbrl/SHP_1694639_16072026073651_WEB.xml","16-JUL-2026 19:36:57","16-JUL-2026 19:37:02","00:00:05"
"Tamilnad Mercantile Bank Limited","0","100","0","-","30-JUN-2026","16-JUL-2026",,"https://nsearchives.nseindia.com/corporate/xbrl/SHP_1694626_16072026072811_WEB.xml","16-JUL-2026 19:28:19","16-JUL-2026 19:28:23","00:00:04"
"Thomas Cook  (India)  Limited","64.77","34.29","0.94","-","30-JUN-2026","16-JUL-2026",,"https://nsearchives.nseindia.com/corporate/xbrl/SHP_1694625_16072026072633_WEB.xml","16-JUL-2026 19:26:40","16-JUL-2026 19:26:45","00:00:05"
"Reliance Industries Limited","50.48","49.52","0","-","30-JUN-2026","16-JUL-2026",,"https://nsearchives.nseindia.com/corporate/xbrl/SHP_1694620_16072026072434_WEB.xml","16-JUL-2026 19:24:44","16-JUL-2026 19:24:48","00:00:04"
"Nesco Limited","68.54","31.46","0","-","30-JUN-2026","16-JUL-2026",,"https://nsearchives.nseindia.com/corporate/xbrl/SHP_1694617_16072026072356_WEB.xml","16-JUL-2026 19:24:02","16-JUL-2026 19:24:06","00:00:04"
"Nuvoco Vistas Corporation Limited","72.02","27.98","0","-","30-JUN-2026","16-JUL-2026",,"https://nsearchives.nseindia.com/corporate/xbrl/SHP_1694596_16072026071010_WEB.xml","16-JUL-2026 19:10:16","16-JUL-2026 19:10:21","00:00:05"
"Axita Cotton Limited","41.91","58.09","0","-","30-JUN-2026","16-JUL-2026",,"https://nsearchives.nseindia.com/corporate/xbrl/SHP_1694595_16072026070954_WEB.xml","16-JUL-2026 19:10:02","16-JUL-2026 19:10:08","00:00:06"
"Krishana Phoschem Limited","72.93","27.07","0","-","30-JUN-2026","16-JUL-2026",,"https://nsearchives.nseindia.com/corporate/xbrl/SHP_1694587_16072026070442_WEB.xml","16-JUL-2026 19:04:49","16-JUL-2026 19:04:53","00:00:04"
"Pearl Polymers Limited","55.58","44.42","0","-","30-JUN-2026","16-JUL-2026",,"https://nsearchives.nseindia.com/corporate/xbrl/SHP_1694586_16072026070431_WEB.xml","16-JUL-2026 19:04:35","16-JUL-2026 19:04:39","00:00:04"
"Rudra Global Infra Products Limited","72.88","27.12","0","-","30-JUN-2026","16-JUL-2026",,"https://nsearchives.nseindia.com/corporate/xbrl/SHP_1694581_16072026065912_WEB.xml","16-JUL-2026 18:59:15","16-JUL-2026 18:59:19","00:00:04"
"SMC Global Securities Limited","66.71","33.29","0","Revised","30-JUN-2026","16-JUL-2026","04-AUG-2026","https://nsearchives.nseindia.com/corporate/xbrl/SHP_1707679_04082026052048_WEB.xml","21-AUG-2026 17:41:10","21-AUG-2026 17:41:14","00:00:04"
"Biofil Chemicals & Pharmaceuticals Limited","46.79","53.21","0","-","30-JUN-2026","16-JUL-2026",,"https://nsearchives.nseindia.com/corporate/xbrl/SHP_1694578_16072026065808_WEB.xml","16-JUL-2026 18:58:13","16-JUL-2026 18:58:24","00:00:11"
"Iris Clothings Limited","61.17","38.83","0","-","30-JUN-2026","16-JUL-2026",,"https://nsearchives.nseindia.com/corporate/xbrl/SHP_1694576_16072026065550_WEB.xml","16-JUL-2026 18:55:54","16-JUL-2026 18:55:58","00:00:04"
"PNC Infratech Limited","56.07","43.93","0","-","30-JUN-2026","16-JUL-2026",,"https://nsearchives.nseindia.com/corporate/xbrl/SHP_1694558_16072026064932_WEB.xml","16-JUL-2026 18:49:37","16-JUL-2026 18:49:41","00:00:04"
"Sanwaria Consumer Limited","12.42","87.58","0","-","30-JUN-2026","16-JUL-2026",,"https://nsearchives.nseindia.com/corporate/xbrl/SHP_1694553_16072026064859_WEB.xml","16-JUL-2026 18:49:04","16-JUL-2026 18:49:09","00:00:05"
"Starteck Finance Limited","73.3","26.7","0","-","30-JUN-2026","16-JUL-2026",,"https://nsearchives.nseindia.com/corporate/xbrl/SHP_1694543_16072026063934_WEB.xml","16-JUL-2026 18:39:38","16-JUL-2026 18:39:42","00:00:04"
"Indian Railway Catering And Tourism Corporation Limited","62.4","37.6","0","-","30-JUN-2026","16-JUL-2026",,"https://nsearchives.nseindia.com/corporate/xbrl/SHP_1694538_16072026063705_WEB.xml","16-JUL-2026 18:37:10","16-JUL-2026 18:37:14","00:00:04"
"GeeCee Ventures Limited","67.71","32.29","0","-","30-JUN-2026","16-JUL-2026",,"https://nsearchives.nseindia.com/corporate/xbrl/SHP_1694526_16072026063416_WEB.xml","16-JUL-2026 18:34:19","16-JUL-2026 18:34:24","00:00:05"
"Xtglobal Infotech Limited","62.54","37.46","0","-","30-JUN-2026","16-JUL-2026",,"https://nsearchives.nseindia.com/corporate/xbrl/SHP_1694525_16072026063408_WEB.xml","16-JUL-2026 18:34:14","16-JUL-2026 18:34:18","00:00:04"
"GOCL Corporation Limited","67.82","32.18","0","-","30-JUN-2026","16-JUL-2026",,"https://nsearchives.nseindia.com/corporate/xbrl/SHP_1694524_16072026063358_WEB.xml","16-JUL-2026 18:34:03","16-JUL-2026 18:34:07","00:00:04"
"Sanghvi Movers Limited","47.25","52.75","0","-","30-JUN-2026","16-JUL-2026",,"https://nsearchives.nseindia.com/corporate/xbrl/SHP_1694523_16072026063116_WEB.xml","16-JUL-2026 18:31:21","16-JUL-2026 18:31:25","00:00:04"
"Apollo Pipes Limited","51.72","48.02","0.26","-","30-JUN-2026","16-JUL-2026",,"https://nsearchives.nseindia.com/corporate/xbrl/SHP_1694522_16072026063034_WEB.xml","16-JUL-2026 18:30:38","16-JUL-2026 18:30:42","00:00:04"
"Patel Integrated Logistics Limited","36.15","63.85","0","-","30-JUN-2026","16-JUL-2026",,"https://nsearchives.nseindia.com/corporate/xbrl/SHP_1694520_16072026062856_WEB.xml","16-JUL-2026 18:29:02","16-JUL-2026 18:29:07","00:00:05"
"Endurance Technologies Limited","75","25","0","-","30-JUN-2026","16-JUL-2026",,"https://nsearchives.nseindia.com/corporate/xbrl/SHP_1694508_16072026062537_WEB.xml","16-JUL-2026 18:25:42","16-JUL-2026 18:25:46","00:00:04"
"Credo Brands Marketing Limited","54.99","45.01","0","-","30-JUN-2026","16-JUL-2026",,"https://nsearchives.nseindia.com/corporate/xbrl/SHP_1694501_16072026062430_WEB.xml","16-JUL-2026 18:24:34","16-JUL-2026 18:24:38","00:00:04"
"Jindal Worldwide Limited","61.76","38.24","0","-","30-JUN-2026","16-JUL-2026",,"https://nsearchives.nseindia.com/corporate/xbrl/SHP_1694498_16072026062314_WEB.xml","16-JUL-2026 18:23:19","16-JUL-2026 18:23:23","00:00:04"
"Aeroflex Industries Limited","65.47","34.53","0","-","30-JUN-2026","16-JUL-2026",,"https://nsearchives.nseindia.com/corporate/xbrl/SHP_1694495_16072026062122_WEB.xml","16-JUL-2026 18:21:28","16-JUL-2026 18:21:33","00:00:05"
"Acutaas Chemicals Limited","32.66","67.34","0","-","30-JUN-2026","16-JUL-2026",,"https://nsearchives.nseindia.com/corporate/xbrl/SHP_1694480_16072026061619_WEB.xml","16-JUL-2026 18:16:24","16-JUL-2026 18:16:28","00:00:04"
"SRG Housing Finance Limited","59.02","40.98","0","-","30-JUN-2026","16-JUL-2026",,"https://nsearchives.nseindia.com/corporate/xbrl/SHP_1694479_16072026061558_WEB.xml","16-JUL-2026 18:16:03","16-JUL-2026 18:16:08","00:00:05"
"IIFL Finance Limited","24.85","75.15","0","-","30-JUN-2026","16-JUL-2026",,"https://nsearchives.nseindia.com/corporate/xbrl/SHP_1694476_16072026061342_WEB.xml","16-JUL-2026 18:13:48","16-JUL-2026 18:13:52","00:00:04"
"NHPC Limited","61.39","38.61","0","-","30-JUN-2026","16-JUL-2026",,"https://nsearchives.nseindia.com/corporate/xbrl/SHP_1694473_16072026061251_WEB.xml","16-JUL-2026 18:13:06","16-JUL-2026 18:13:09","00:00:03"
"Campus Activewear Limited","72.08","27.92","0","-","30-JUN-2026","16-JUL-2026",,"https://nsearchives.nseindia.com/corporate/xbrl/SHP_1694461_16072026060702_WEB.xml","16-JUL-2026 18:07:07","16-JUL-2026 18:07:13","00:00:06"
"Mangalam Worldwide Limited","66.5","33.5","0","-","30-JUN-2026","16-JUL-2026",,"https://nsearchives.nseindia.com/corporate/xbrl/SHP_1694454_16072026060134_WEB.xml","16-JUL-2026 18:01:38","16-JUL-2026 18:01:41","00:00:03"
"Zydus Wellness Limited","69.64","30.36","0","-","30-JUN-2026","16-JUL-2026",,"https://nsearchives.nseindia.com/corporate/xbrl/SHP_1694446_16072026055738_WEB.xml","16-JUL-2026 17:57:45","16-JUL-2026 17:57:50","00:00:05"
"Omaxe Limited","74.14","25.86","0","-","30-JUN-2026","16-JUL-2026",,"https://nsearchives.nseindia.com/corporate/xbrl/SHP_1694444_16072026055609_WEB.xml","16-JUL-2026 17:56:14","16-JUL-2026 17:56:18","00:00:04"
"Liberty Shoes Limited","59.33","40.67","0","-","30-JUN-2026","16-JUL-2026",,"https://nsearchives.nseindia.com/corporate/xbrl/SHP_1694436_16072026055400_WEB.xml","16-JUL-2026 17:54:05","16-JUL-2026 17:54:09","00:00:04"
"Aequs Limited","59.09","38.62","2.29","-","30-JUN-2026","16-JUL-2026",,"https://nsearchives.nseindia.com/corporate/xbrl/SHP_1694435_16072026055325_WEB.xml","16-JUL-2026 17:53:32","16-JUL-2026 17:53:36","00:00:04"
"Dabur India Limited","66.24","33.76","0","-","30-JUN-2026","16-JUL-2026",,"https://nsearchives.nseindia.com/corporate/xbrl/SHP_1694429_16072026055059_WEB.xml","16-JUL-2026 17:51:05","16-JUL-2026 17:51:09","00:00:04"
"Moschip Technologies Limited","39.31","60.59","0.1","-","30-JUN-2026","16-JUL-2026",,"https://nsearchives.nseindia.com/corporate/xbrl/SHP_1694428_16072026055053_WEB.xml","16-JUL-2026 17:50:59","16-JUL-2026 17:51:03","00:00:04"
"NRB Industrial Bearings Limited","74.79","25.21","0","-","30-JUN-2026","16-JUL-2026",,"https://nsearchives.nseindia.com/corporate/xbrl/SHP_1694423_16072026054911_WEB.xml","16-JUL-2026 17:49:15","16-JUL-2026 17:49:18","00:00:03"
"Semac Construction Limited","62.85","37.15","0","-","30-JUN-2026","16-JUL-2026",,"https://nsearchives.nseindia.com/corporate/xbrl/SHP_1694417_16072026054747_WEB.xml","16-JUL-2026 17:47:54","16-JUL-2026 17:47:58","00:00:04"
"Radiant Cash Management Services Limited","56.95","43.05","0","-","30-JUN-2026","16-JUL-2026",,"https://nsearchives.nseindia.com/corporate/xbrl/SHP_1694416_16072026054738_WEB.xml","16-JUL-2026 17:47:42","16-JUL-2026 17:47:46","00:00:04"
"E2E Networks Limited","39.45","60.5","0.05","-","30-JUN-2026","16-JUL-2026",,"https://nsearchives.nseindia.com/corporate/xbrl/SHP_1694408_16072026054014_WEB.xml","16-JUL-2026 17:40:18","16-JUL-2026 17:40:25","00:00:07"
"Thermax Limited","61.98","32.56","5.46","-","30-JUN-2026","16-JUL-2026",,"https://nsearchives.nseindia.com/corporate/xbrl/SHP_1694407_16072026054011_WEB.xml","16-JUL-2026 17:40:16","16-JUL-2026 17:40:20","00:00:04"
"Mahamaya Steel Industries Limited","72.8","27.2","0","-","30-JUN-2026","16-JUL-2026",,"https://nsearchives.nseindia.com/corporate/xbrl/SHP_1694404_16072026053655_WEB.xml","16-JUL-2026 17:36:59","16-JUL-2026 17:37:03","00:00:04"
"Spencer's Retail Limited","58.81","41.05","0.13","-","30-JUN-2026","16-JUL-2026",,"https://nsearchives.nseindia.com/corporate/xbrl/SHP_1694402_16072026053336_WEB.xml","16-JUL-2026 17:33:43","16-JUL-2026 17:33:48","00:00:05"
"Aadhar Housing Finance Limited","64.66","35.34","0","-","30-JUN-2026","16-JUL-2026",,"https://nsearchives.nseindia.com/corporate/xbrl/SHP_1694400_16072026053329_WEB.xml","16-JUL-2026 17:33:34","16-JUL-2026 17:33:41","00:00:07"
"Data Patterns (India) Limited","42.41","57.59","0","-","30-JUN-2026","16-JUL-2026",,"https://nsearchives.nseindia.com/corporate/xbrl/SHP_1694399_16072026053327_WEB.xml","16-JUL-2026 17:33:32","16-JUL-2026 17:33:35","00:00:03"
"Solar Industries India Limited","73.15","26.85","0","-","30-JUN-2026","16-JUL-2026",,"https://nsearchives.nseindia.com/corporate/xbrl/SHP_1694398_16072026053011_WEB.xml","16-JUL-2026 17:30:16","16-JUL-2026 17:30:21","00:00:05"
"Surana Telecom and Power Limited","72.05","27.95","0","-","30-JUN-2026","16-JUL-2026",,"https://nsearchives.nseindia.com/corporate/xbrl/SHP_1694395_16072026052623_WEB.xml","16-JUL-2026 17:26:27","16-JUL-2026 17:26:31","00:00:04"
"Jai Corp Limited","73.92","26.08","0","-","30-JUN-2026","16-JUL-2026",,"https://nsearchives.nseindia.com/corporate/xbrl/SHP_1694394_16072026052550_WEB.xml","16-JUL-2026 17:25:56","16-JUL-2026 17:26:00","00:00:04"
"Tata Capital Limited","85.41","13.94","0.65","-","30-JUN-2026","16-JUL-2026",,"https://nsearchives.nseindia.com/corporate/xbrl/SHP_1694391_16072026052507_WEB.xml","16-JUL-2026 17:25:18","16-JUL-2026 17:25:22","00:00:04"
"Tracxn Technologies Limited","34.63","65.37","0","Revised","30-JUN-2026","16-JUL-2026","30-JUL-2026","https://nsearchives.nseindia.com/corporate/xbrl/SHP_1704784_30072026120114_WEB.xml","07-AUG-2026 17:04:51","07-AUG-2026 17:04:55","00:00:04"
"Windlas Biotech Limited","63.31","36.69","0","-","30-JUN-2026","16-JUL-2026",,"https://nsearchives.nseindia.com/corporate/xbrl/SHP_1694380_16072026052049_WEB.xml","16-JUL-2026 17:20:56","16-JUL-2026 17:21:01","00:00:05"
"Lotus Eye Hospital and Institute Limited","40.14","59.86","0","-","30-JUN-2026","16-JUL-2026",,"https://nsearchives.nseindia.com/corporate/xbrl/SHP_1694377_16072026051951_WEB.xml","16-JUL-2026 17:19:55","16-JUL-2026 17:19:59","00:00:04"
"K.P.R. Mill Limited","67.52","32.48","0","-","30-JUN-2026","16-JUL-2026",,"https://nsearchives.nseindia.com/corporate/xbrl/SHP_1694369_16072026051629_WEB.xml","16-JUL-2026 17:16:34","16-JUL-2026 17:16:38","00:00:04"
"RSWM Limited","55.69","44.31","0","-","30-JUN-2026","16-JUL-2026",,"https://nsearchives.nseindia.com/corporate/xbrl/SHP_1694357_16072026051112_WEB.xml","16-JUL-2026 17:11:18","16-JUL-2026 17:11:21","00:00:03"
"Pfizer Limited","63.92","36.08","0","-","30-JUN-2026","16-JUL-2026",,"https://nsearchives.nseindia.com/corporate/xbrl/SHP_1694353_16072026050951_WEB.xml","16-JUL-2026 17:09:56","16-JUL-2026 17:10:01","00:00:05"
"Sun TV Network Limited","75","25","0","-","30-JUN-2026","16-JUL-2026",,"https://nsearchives.nseindia.com/corporate/xbrl/SHP_1694348_16072026050607_WEB.xml","16-JUL-2026 17:06:10","16-JUL-2026 17:06:14","00:00:04"
"Par Drugs And Chemicals Limited","73.41","26.59","0","-","30-JUN-2026","16-JUL-2026",,"https://nsearchives.nseindia.com/corporate/xbrl/SHP_1694338_16072026050227_WEB.xml","16-JUL-2026 17:02:31","16-JUL-2026 17:02:35","00:00:04"
"Kokuyo Camlin Limited","74.99","25.01","0","-","30-JUN-2026","16-JUL-2026",,"https://nsearchives.nseindia.com/corporate/xbrl/SHP_1694332_16072026045805_WEB.xml","16-JUL-2026 16:58:10","16-JUL-2026 16:58:15","00:00:05"
"Bhagyanagar India Limited","64.91","35.09","0","-","30-JUN-2026","16-JUL-2026",,"https://nsearchives.nseindia.com/corporate/xbrl/SHP_1694330_16072026045732_WEB.xml","16-JUL-2026 16:57:36","16-JUL-2026 16:57:40","00:00:04"
"Colgate Palmolive (India) Limited","51","49","0","-","30-JUN-2026","16-JUL-2026",,"https://nsearchives.nseindia.com/corporate/xbrl/SHP_1694328_16072026045648_WEB.xml","16-JUL-2026 16:56:55","16-JUL-2026 16:57:01","00:00:06"
"AIA Engineering Limited","58.5","41.5","0","-","30-JUN-2026","16-JUL-2026",,"https://nsearchives.nseindia.com/corporate/xbrl/SHP_1694327_16072026045645_WEB.xml","16-JUL-2026 16:57:00","16-JUL-2026 16:57:06","00:00:06"
"Indowind Energy Limited","48.2","51.8","0","-","30-JUN-2026","16-JUL-2026",,"https://nsearchives.nseindia.com/corporate/xbrl/SHP_1694316_16072026045137_WEB.xml","16-JUL-2026 16:51:42","16-JUL-2026 16:51:46","00:00:04"
"Centum Electronics Limited","46.82","53.18","0","-","30-JUN-2026","16-JUL-2026",,"https://nsearchives.nseindia.com/corporate/xbrl/SHP_1694314_16072026045035_WEB.xml","16-JUL-2026 16:50:37","16-JUL-2026 16:50:42","00:00:05"
"Gujarat Pipavav Port Limited","44.01","55.99","0","-","30-JUN-2026","16-JUL-2026",,"https://nsearchives.nseindia.com/corporate/xbrl/SHP_1694309_16072026044951_WEB.xml","16-JUL-2026 16:49:56","16-JUL-2026 16:50:00","00:00:04"
"JSW Holdings Limited","66.29","33.7","0.01","-","30-JUN-2026","16-JUL-2026",,"https://nsearchives.nseindia.com/corporate/xbrl/SHP_1694296_16072026044342_WEB.xml","16-JUL-2026 16:43:48","16-JUL-2026 16:43:53","00:00:05"
"La Opala RG Limited","66.28","33.72","0","-","30-JUN-2026","16-JUL-2026",,"https://nsearchives.nseindia.com/corporate/xbrl/SHP_1694295_16072026044337_WEB.xml","16-JUL-2026 16:43:43","16-JUL-2026 16:43:47","00:00:04"
"Dharmaj Crop Guard Limited","70.4","29.6","0","-","30-JUN-2026","16-JUL-2026",,"https://nsearchives.nseindia.com/corporate/xbrl/SHP_1694292_16072026044313_WEB.xml","16-JUL-2026 16:43:18","16-JUL-2026 16:43:22","00:00:04"
"OnEMI Technology Solutions Limited","24.8","75.2","0","-","30-JUN-2026","16-JUL-2026",,"https://nsearchives.nseindia.com/corporate/xbrl/SHP_1694289_16072026044147_WEB.xml","16-JUL-2026 16:41:54","16-JUL-2026 16:41:59","00:00:05"
"Triveni Turbine Limited","55.84","44.16","0","-","30-JUN-2026","16-JUL-2026",,"https://nsearchives.nseindia.com/corporate/xbrl/SHP_1694284_16072026043945_WEB.xml","16-JUL-2026 16:39:51","16-JUL-2026 16:39:55","00:00:04"
"Aptus Value Housing Finance India Limited","23.86","76.14","0","-","30-JUN-2026","16-JUL-2026",,"https://nsearchives.nseindia.com/corporate/xbrl/SHP_1694282_16072026043848_WEB.xml","16-JUL-2026 16:38:54","16-JUL-2026 16:38:58","00:00:04"
"Titan Company Limited","52.9","47.05","0.05","-","30-JUN-2026","16-JUL-2026",,"https://nsearchives.nseindia.com/corporate/xbrl/SHP_1694281_16072026043845_WEB.xml","16-JUL-2026 16:38:55","16-JUL-2026 16:39:04","00:00:09"
"Shree Pushkar Chemicals  Limited","69.36","30.64","0","-","30-JUN-2026","16-JUL-2026",,"https://nsearchives.nseindia.com/corporate/xbrl/SHP_1694275_16072026043727_WEB.xml","16-JUL-2026 16:37:31","16-JUL-2026 16:37:39","00:00:08"
"Heranba Industries Limited","74.94","25.06","0","-","30-JUN-2026","16-JUL-2026",,"https://nsearchives.nseindia.com/corporate/xbrl/SHP_1694274_16072026043725_WEB.xml","16-JUL-2026 16:37:29","16-JUL-2026 16:37:33","00:00:04"
"Shree Rama Multi-Tech Limited","61.57","38.43","0","-","30-JUN-2026","16-JUL-2026",,"https://nsearchives.nseindia.com/corporate/xbrl/SHP_1694273_16072026043659_WEB.xml","16-JUL-2026 16:37:03","16-JUL-2026 16:37:07","00:00:04"
"Sharda Motor Industries Limited","64.31","35.69","0","-","30-JUN-2026","16-JUL-2026",,"https://nsearchives.nseindia.com/corporate/xbrl/SHP_1694272_16072026043646_WEB.xml","16-JUL-2026 16:36:52","16-JUL-2026 16:36:57","00:00:05"
"Skipper Limited","66.5","33.5","0","Revised","30-JUN-2026","16-JUL-2026","11-SEP-2026","https://nsearchives.nseindia.com/corporate/xbrl/SHP_1723535_11092026011515_WEB.xml","13-SEP-2026 16:44:18","13-SEP-2026 16:44:23","00:00:05"
"Jtekt India Limited","74.98","25.02","0","-","30-JUN-2026","16-JUL-2026",,"https://nsearchives.nseindia.com/corporate/xbrl/SHP_1694257_16072026043104_WEB.xml","16-JUL-2026 16:31:09","16-JUL-2026 16:31:12","00:00:03"
"Cinevista Limited","67.49","32.51","0","-","30-JUN-2026","16-JUL-2026",,"https://nsearchives.nseindia.com/corporate/xbrl/SHP_1694249_16072026042500_WEB.xml","16-JUL-2026 16:25:05","16-JUL-2026 16:25:08","00:00:03"
"OCCL Limited","51.76","48.24","0","-","30-JUN-2026","16-JUL-2026",,"https://nsearchives.nseindia.com/corporate/xbrl/SHP_1694242_16072026042321_WEB.xml","16-JUL-2026 16:23:27","16-JUL-2026 16:23:31","00:00:04"
"Amit Spinning Industries Limited","50.96","49.04","0","-","30-JUN-2026","16-JUL-2026",,"https://nsearchives.nseindia.com/corporate/xbrl/SHP_1694241_16072026042235_WEB.xml","16-JUL-2026 16:22:39","16-JUL-2026 16:22:46","00:00:07"
"Central Mine Planning & Design Institute Limited","85","15","0","-","30-JUN-2026","16-JUL-2026",,"https://nsearchives.nseindia.com/corporate/xbrl/SHP_1694240_16072026042232_WEB.xml","16-JUL-2026 16:22:37","16-JUL-2026 16:22:41","00:00:04"
"Subros Limited","36.79","63.21","0","-","30-JUN-2026","16-JUL-2026",,"https://nsearchives.nseindia.com/corporate/xbrl/SHP_1694225_16072026041747_WEB.xml","16-JUL-2026 16:17:52","16-JUL-2026 16:17:57","00:00:05"
"Elgi Equipments Limited","31.19","68.32","0.49","-","30-JUN-2026","16-JUL-2026",,"https://nsearchives.nseindia.com/corporate/xbrl/SHP_1694212_16072026041137_WEB.xml","16-JUL-2026 16:11:46","16-JUL-2026 16:11:50","00:00:04"
"Larsen & Toubro Limited","0","100","0","-","30-JUN-2026","16-JUL-2026",,"https://nsearchives.nseindia.com/corporate/xbrl/SHP_1694210_16072026041111_WEB.xml","16-JUL-2026 16:11:17","16-JUL-2026 16:11:21","00:00:04"
"Globus Spirits Limited","50.56","49.44","0","-","30-JUN-2026","16-JUL-2026",,"https://nsearchives.nseindia.com/corporate/xbrl/SHP_1694203_16072026040904_WEB.xml","16-JUL-2026 16:09:09","16-JUL-2026 16:09:13","00:00:04"
"Indraprastha Gas Limited","45","55","0","-","30-JUN-2026","16-JUL-2026",,"https://nsearchives.nseindia.com/corporate/xbrl/SHP_1694199_16072026040801_WEB.xml","16-JUL-2026 16:08:05","16-JUL-2026 16:08:09","00:00:04"
"Honasa Consumer Limited","35.47","64.53","0","-","30-JUN-2026","16-JUL-2026",,"https://nsearchives.nseindia.com/corporate/xbrl/SHP_1694185_16072026040434_WEB.xml","16-JUL-2026 16:04:41","16-JUL-2026 16:04:45","00:00:04"
"Rudrabhishek Enterprises Limited","68.64","31.36","0","Revised","30-JUN-2026","16-JUL-2026","22-JUL-2026","https://nsearchives.nseindia.com/corporate/xbrl/SHP_1699122_22072026013229_WEB.xml","30-JUL-2026 11:00:19","30-JUL-2026 11:00:27","00:00:08"
"Lux Industries Limited","74.19","25.81","0","-","30-JUN-2026","16-JUL-2026",,"https://nsearchives.nseindia.com/corporate/xbrl/SHP_1694177_16072026035927_WEB.xml","16-JUL-2026 15:59:32","16-JUL-2026 15:59:36","00:00:04"
"Canara Robeco Asset Management Company Limited","75","25","0","-","30-JUN-2026","16-JUL-2026",,"https://nsearchives.nseindia.com/corporate/xbrl/SHP_1694167_16072026035623_WEB.xml","16-JUL-2026 15:56:32","16-JUL-2026 15:56:37","00:00:05"
"MphasiS Limited","30.54","69.46","0","-","30-JUN-2026","16-JUL-2026",,"https://nsearchives.nseindia.com/corporate/xbrl/SHP_1694166_16072026035531_WEB.xml","16-JUL-2026 15:55:38","16-JUL-2026 15:55:43","00:00:05"
"Sri Havisha Hospitality and Infrastructure Limited","33.99","66.01","0","-","30-JUN-2026","16-JUL-2026",,"https://nsearchives.nseindia.com/corporate/xbrl/SHP_1694162_16072026035324_WEB.xml","16-JUL-2026 15:53:29","16-JUL-2026 15:53:33","00:00:04"
"Suraj Estate Developers Limited","69.8","30.2","0","-","30-JUN-2026","16-JUL-2026",,"https://nsearchives.nseindia.com/corporate/xbrl/SHP_1694155_16072026034818_WEB.xml","16-JUL-2026 15:48:23","16-JUL-2026 15:48:27","00:00:04"
"JHS Svendgaard Laboratories Limited","33.85","66.15","0","-","30-JUN-2026","16-JUL-2026",,"https://nsearchives.nseindia.com/corporate/xbrl/SHP_1694154_16072026034803_WEB.xml","16-JUL-2026 15:48:07","16-JUL-2026 15:48:12","00:00:05"
"Kalyani Forge Limited","58.76","41.24","0","-","30-JUN-2026","16-JUL-2026",,"https://nsearchives.nseindia.com/corporate/xbrl/SHP_1694146_16072026034301_WEB.xml","16-JUL-2026 15:43:06","16-JUL-2026 15:43:10","00:00:04"
"Regency Ceramics Limited","60.43","39.57","0","-","30-JUN-2026","16-JUL-2026",,"https://nsearchives.nseindia.com/corporate/xbrl/SHP_1694144_16072026034233_WEB.xml","16-JUL-2026 15:42:36","16-JUL-2026 15:42:40","00:00:04"
"Atul Limited","45.33","54.67","0","-","30-JUN-2026","16-JUL-2026",,"https://nsearchives.nseindia.com/corporate/xbrl/SHP_1694134_16072026033857_WEB.xml","16-JUL-2026 15:39:05","16-JUL-2026 15:39:09","00:00:04"
"Modern Threads (India) Limited","65.16","34.84","0","-","30-JUN-2026","16-JUL-2026",,"https://nsearchives.nseindia.com/corporate/xbrl/SHP_1694126_16072026033402_WEB.xml","16-JUL-2026 15:34:06","16-JUL-2026 15:34:10","00:00:04"
"Nandan Denim Limited","51.01","48.99","0","-","30-JUN-2026","16-JUL-2026",,"https://nsearchives.nseindia.com/corporate/xbrl/SHP_1694117_16072026032551_WEB.xml","16-JUL-2026 15:25:58","16-JUL-2026 15:26:03","00:00:05"
"Art Nirman Limited","73.75","26.25","0","-","30-JUN-2026","16-JUL-2026",,"https://nsearchives.nseindia.com/corporate/xbrl/SHP_1694111_16072026032325_WEB.xml","16-JUL-2026 15:23:28","16-JUL-2026 15:23:33","00:00:05"
"Brainbees Solutions Limited","0","93.02","6.98","-","30-JUN-2026","16-JUL-2026",,"https://nsearchives.nseindia.com/corporate/xbrl/SHP_1694104_16072026032035_WEB.xml","16-JUL-2026 15:20:39","16-JUL-2026 15:20:43","00:00:04"
"RHI MAGNESITA INDIA LIMITED","56.07","43.93","0","-","30-JUN-2026","16-JUL-2026",,"https://nsearchives.nseindia.com/corporate/xbrl/SHP_1694094_16072026031806_WEB.xml","16-JUL-2026 15:18:12","16-JUL-2026 15:18:17","00:00:05"
"SVP GLOBAL TEXTILES LIMITED","52.75","47.25","0","-","30-JUN-2026","16-JUL-2026",,"https://nsearchives.nseindia.com/corporate/xbrl/SHP_1694092_16072026031637_WEB.xml","16-JUL-2026 15:16:40","16-JUL-2026 15:16:45","00:00:05"
"Aakash Exploration Services Limited","66.54","33.46","0","Revised","30-JUN-2026","16-JUL-2026","14-AUG-2026","https://nsearchives.nseindia.com/corporate/xbrl/SHP_1714380_14082026034152_WEB.xml","14-AUG-2026 16:45:50","14-AUG-2026 16:45:54","00:00:04"
"Intellect Design Arena Limited","29.62","70.38","0","-","30-JUN-2026","16-JUL-2026",,"https://nsearchives.nseindia.com/corporate/xbrl/SHP_1694085_16072026031329_WEB.xml","16-JUL-2026 15:13:38","16-JUL-2026 15:13:43","00:00:05"
"RattanIndia Power Limited","44.06","55.94","0","-","30-JUN-2026","16-JUL-2026",,"https://nsearchives.nseindia.com/corporate/xbrl/SHP_1694073_16072026030603_WEB.xml","16-JUL-2026 15:06:08","16-JUL-2026 15:06:12","00:00:04"
"Finolex Cables Limited","35.86","64.14","0","-","30-JUN-2026","16-JUL-2026",,"https://nsearchives.nseindia.com/corporate/xbrl/SHP_1694064_16072026030339_WEB.xml","16-JUL-2026 15:03:45","16-JUL-2026 15:03:49","00:00:04"
"CSB Bank Limited","40","57.8","2.2","-","30-JUN-2026","16-JUL-2026",,"https://nsearchives.nseindia.com/corporate/xbrl/SHP_1694062_16072026030115_WEB.xml","16-JUL-2026 15:01:21","16-JUL-2026 15:01:25","00:00:04"
"LMW Limited","30.8","69.2","0","-","30-JUN-2026","16-JUL-2026",,"https://nsearchives.nseindia.com/corporate/xbrl/SHP_1694061_16072026025913_WEB.xml","16-JUL-2026 14:59:20","16-JUL-2026 14:59:25","00:00:05"
"Natural Capsules Limited","50.92","49.08","0","-","30-JUN-2026","16-JUL-2026",,"https://nsearchives.nseindia.com/corporate/xbrl/SHP_1694050_16072026025307_WEB.xml","16-JUL-2026 14:53:12","16-JUL-2026 14:53:18","00:00:06"
"Blue Dart Express Limited","75","25","0","-","30-JUN-2026","16-JUL-2026",,"https://nsearchives.nseindia.com/corporate/xbrl/SHP_1694049_16072026025302_WEB.xml","16-JUL-2026 14:53:06","16-JUL-2026 14:53:13","00:00:07"
"Aspinwall and Company Limited","64.46","35.54","0","Revised","30-JUN-2026","16-JUL-2026","06-AUG-2026","https://nsearchives.nseindia.com/corporate/xbrl/SHP_1708927_06082026030658_WEB.xml","06-AUG-2026 15:22:07","06-AUG-2026 15:22:11","00:00:04"
"IFCI Limited","72.57","27.43","0","-","30-JUN-2026","16-JUL-2026",,"https://nsearchives.nseindia.com/corporate/xbrl/SHP_1694043_16072026024916_WEB.xml","16-JUL-2026 14:49:22","16-JUL-2026 14:49:26","00:00:04"
"Poddar Pigments Limited","62.43","37.57","0","-","30-JUN-2026","16-JUL-2026",,"https://nsearchives.nseindia.com/corporate/xbrl/SHP_1694038_16072026024503_WEB.xml","16-JUL-2026 14:45:07","16-JUL-2026 14:45:12","00:00:05"
"Sintercom India Limited","69.74","30.26","0","-","30-JUN-2026","16-JUL-2026",,"https://nsearchives.nseindia.com/corporate/xbrl/SHP_1694037_16072026024151_WEB.xml","16-JUL-2026 14:41:56","16-JUL-2026 14:42:01","00:00:05"
"Man Infraconstruction Limited","62.52","37.48","0","-","30-JUN-2026","16-JUL-2026",,"https://nsearchives.nseindia.com/corporate/xbrl/SHP_1694033_16072026023530_WEB.xml","16-JUL-2026 14:35:36","16-JUL-2026 14:35:40","00:00:04"
"Aarvi Encon Limited","73.36","26.64","0","Revised","30-JUN-2026","16-JUL-2026","31-JUL-2026","https://nsearchives.nseindia.com/corporate/xbrl/SHP_1706052_31072026045341_WEB.xml","06-AUG-2026 11:30:37","06-AUG-2026 11:30:42","00:00:05"
"DSJ Keep Learning Limited","55.42","44.58","0","-","30-JUN-2026","16-JUL-2026",,"https://nsearchives.nseindia.com/corporate/xbrl/SHP_1694027_16072026022826_WEB.xml","16-JUL-2026 14:28:33","16-JUL-2026 14:28:38","00:00:05"
"Aarti Pharmalabs Limited","42.86","57.14","0","-","30-JUN-2026","16-JUL-2026",,"https://nsearchives.nseindia.com/corporate/xbrl/SHP_1694024_16072026022654_WEB.xml","16-JUL-2026 14:27:04","16-JUL-2026 14:27:09","00:00:05"
"Gujarat State Fertilizers & Chemicals Limited","37.84","62.16","0","-","30-JUN-2026","16-JUL-2026",,"https://nsearchives.nseindia.com/corporate/xbrl/SHP_1694006_16072026021758_WEB.xml","16-JUL-2026 14:18:06","16-JUL-2026 14:18:10","00:00:04"
"Spacenet Enterprises India Limited","15.52","84.48","0","-","30-JUN-2026","16-JUL-2026",,"https://nsearchives.nseindia.com/corporate/xbrl/SHP_1693988_16072026015759_WEB.xml","16-JUL-2026 13:58:03","16-JUL-2026 13:58:07","00:00:04"
"Medicamen Biotech Limited","40.46","59.54","0","-","30-JUN-2026","16-JUL-2026",,"https://nsearchives.nseindia.com/corporate/xbrl/SHP_1693985_16072026015418_WEB.xml","16-JUL-2026 13:54:23","16-JUL-2026 13:54:26","00:00:03"
"Simplex Infrastructures Limited","35.99","64.01","0","-","30-JUN-2026","16-JUL-2026",,"https://nsearchives.nseindia.com/corporate/xbrl/SHP_1693983_16072026015118_WEB.xml","16-JUL-2026 13:51:22","16-JUL-2026 13:51:26","00:00:04"
"Tolins Tyres Limited","68.53","31.47","0","-","30-JUN-2026","16-JUL-2026",,"https://nsearchives.nseindia.com/corporate/xbrl/SHP_1693975_16072026013549_WEB.xml","16-JUL-2026 13:35:54","16-JUL-2026 13:35:58","00:00:04"
"Knowledge Marine & Engineering Works Limited","51.56","48.44","0","-","30-JUN-2026","16-JUL-2026",,"https://nsearchives.nseindia.com/corporate/xbrl/SHP_1693972_16072026013314_WEB.xml","16-JUL-2026 13:33:18","16-JUL-2026 13:33:23","00:00:05"
"Ansal Properties & Infrastructure Limited","48.77","51.23","0","-","30-JUN-2026","16-JUL-2026",,"https://nsearchives.nseindia.com/corporate/xbrl/SHP_1693966_16072026012736_WEB.xml","16-JUL-2026 13:27:42","16-JUL-2026 13:27:46","00:00:04"
"Kalyani Investment Company Limited","74.97","25.03","0","-","30-JUN-2026","16-JUL-2026",,"https://nsearchives.nseindia.com/corporate/xbrl/SHP_1693953_16072026011950_WEB.xml","16-JUL-2026 13:19:56","16-JUL-2026 13:20:00","00:00:04"
"T T Limited","51.11","48.89","0","Revised","30-JUN-2026","16-JUL-2026","30-JUL-2026","https://nsearchives.nseindia.com/corporate/xbrl/SHP_1705026_30072026031514_WEB.xml","30-JUL-2026 16:06:09","30-JUL-2026 16:06:13","00:00:04"
"Updater Services Limited","59.09","40.91","0","-","30-JUN-2026","16-JUL-2026",,"https://nsearchives.nseindia.com/corporate/xbrl/SHP_1693951_16072026011742_WEB.xml","16-JUL-2026 13:17:45","16-JUL-2026 13:17:50","00:00:05"
"The Ugar Sugar Works Limited","44.54","55.46","0","-","30-JUN-2026","16-JUL-2026",,"https://nsearchives.nseindia.com/corporate/xbrl/SHP_1693945_16072026011123_WEB.xml","16-JUL-2026 13:11:29","16-JUL-2026 13:11:33","00:00:04"
"Zen Technologies Limited","48.51","51.1","0.39","-","30-JUN-2026","16-JUL-2026",,"https://nsearchives.nseindia.com/corporate/xbrl/SHP_1693944_16072026011047_WEB.xml","16-JUL-2026 13:10:51","16-JUL-2026 13:10:56","00:00:05"
"Rashi Peripherals Limited","64.03","35.97","0","-","30-JUN-2026","16-JUL-2026",,"https://nsearchives.nseindia.com/corporate/xbrl/SHP_1693940_16072026010748_WEB.xml","16-JUL-2026 13:07:53","16-JUL-2026 13:07:58","00:00:05"
"Kalyani Steels Limited","64.7","35.3","0","-","30-JUN-2026","16-JUL-2026",,"https://nsearchives.nseindia.com/corporate/xbrl/SHP_1693937_16072026010711_WEB.xml","16-JUL-2026 13:07:17","16-JUL-2026 13:07:22","00:00:05"
"Mukta Arts Limited","70.71","29.29","0","-","30-JUN-2026","16-JUL-2026",,"https://nsearchives.nseindia.com/corporate/xbrl/SHP_1693924_16072026125837_WEB.xml","16-JUL-2026 12:58:41","16-JUL-2026 12:58:45","00:00:04"
"V-Guard Industries Limited","53.22","46.78","0","-","30-JUN-2026","16-JUL-2026",,"https://nsearchives.nseindia.com/corporate/xbrl/SHP_1693921_16072026125624_WEB.xml","16-JUL-2026 12:56:30","16-JUL-2026 12:56:35","00:00:05"
"Jyothy Labs Limited","62.89","37.11","0","-","30-JUN-2026","16-JUL-2026",,"https://nsearchives.nseindia.com/corporate/xbrl/SHP_1693920_16072026125604_WEB.xml","16-JUL-2026 12:56:10","16-JUL-2026 12:56:15","00:00:05"
"Birla Cable Limited","66.35","33.65","0","-","30-JUN-2026","16-JUL-2026",,"https://nsearchives.nseindia.com/corporate/xbrl/SHP_1693917_16072026125458_WEB.xml","16-JUL-2026 12:55:05","16-JUL-2026 12:55:10","00:00:05"
"Orient Press Limited","73.68","26.32","0","-","30-JUN-2026","16-JUL-2026",,"https://nsearchives.nseindia.com/corporate/xbrl/SHP_1693912_16072026125007_WEB.xml","16-JUL-2026 12:50:12","16-JUL-2026 12:50:17","00:00:05"
"Premier Polyfilm Limited","71.08","28.92","0","-","30-JUN-2026","16-JUL-2026",,"https://nsearchives.nseindia.com/corporate/xbrl/SHP_1693888_16072026123853_WEB.xml","16-JUL-2026 12:39:00","16-JUL-2026 12:39:06","00:00:06"
"Glenmark Pharmaceuticals Limited","46.65","53.35","0","-","30-JUN-2026","16-JUL-2026",,"https://nsearchives.nseindia.com/corporate/xbrl/SHP_1693887_16072026123852_WEB.xml","16-JUL-2026 12:38:56","16-JUL-2026 12:39:00","00:00:04"
"Nagreeka Exports Limited","57.32","42.68","0","-","30-JUN-2026","16-JUL-2026",,"https://nsearchives.nseindia.com/corporate/xbrl/SHP_1693884_16072026123844_WEB.xml","16-JUL-2026 12:38:49","16-JUL-2026 12:38:54","00:00:05"
"Zensar Technologies Limited","48.99","50.66","0.34","-","30-JUN-2026","16-JUL-2026",,"https://nsearchives.nseindia.com/corporate/xbrl/SHP_1693883_16072026123632_WEB.xml","16-JUL-2026 12:36:47","16-JUL-2026 12:36:51","00:00:04"
"CMR Green Technologies Limited","84","16","0","-","30-JUN-2026","16-JUL-2026",,"https://nsearchives.nseindia.com/corporate/xbrl/SHP_1693875_16072026122903_WEB.xml","16-JUL-2026 12:29:09","16-JUL-2026 12:29:13","00:00:04"
"Bharat Forge Limited","44.07","55.93","0","-","30-JUN-2026","16-JUL-2026",,"https://nsearchives.nseindia.com/corporate/xbrl/SHP_1693867_16072026122503_WEB.xml","16-JUL-2026 12:25:09","16-JUL-2026 12:25:14","00:00:05"
"PNC Media and Entertainment Limited","59.72","40.28","0","-","30-JUN-2026","16-JUL-2026",,"https://nsearchives.nseindia.com/corporate/xbrl/SHP_1693865_16072026122352_WEB.xml","16-JUL-2026 12:23:58","16-JUL-2026 12:24:01","00:00:03"
"Hindware Home Innovation Limited","52.74","47.26","0","-","30-JUN-2026","16-JUL-2026",,"https://nsearchives.nseindia.com/corporate/xbrl/SHP_1693862_16072026122246_WEB.xml","16-JUL-2026 12:22:53","16-JUL-2026 12:22:58","00:00:05"
"Vindhya Telelinks Limited","43.54","56.46","0","-","30-JUN-2026","16-JUL-2026",,"https://nsearchives.nseindia.com/corporate/xbrl/SHP_1693861_16072026122230_WEB.xml","16-JUL-2026 12:22:37","16-JUL-2026 12:22:41","00:00:04"
"Arvee Laboratories (India) Limited","73.5","26.5","0","-","30-JUN-2026","16-JUL-2026",,"https://nsearchives.nseindia.com/corporate/xbrl/SHP_1693859_16072026122104_WEB.xml","16-JUL-2026 12:21:08","16-JUL-2026 12:21:12","00:00:04"
"BMW Ventures Limited","73.02","26.98","0","-","30-JUN-2026","16-JUL-2026",,"https://nsearchives.nseindia.com/corporate/xbrl/SHP_1693850_16072026121554_WEB.xml","16-JUL-2026 12:15:58","16-JUL-2026 12:16:01","00:00:03"
"Butterfly Gandhimathi Appliances Limited","75","25","0","-","30-JUN-2026","16-JUL-2026",,"https://nsearchives.nseindia.com/corporate/xbrl/SHP_1693845_16072026121225_WEB.xml","16-JUL-2026 12:12:28","16-JUL-2026 12:12:32","00:00:04"
"India Tourism Development Corporation Limited","87.03","12.97","0","-","30-JUN-2026","16-JUL-2026",,"https://nsearchives.nseindia.com/corporate/xbrl/SHP_1693841_16072026120441_WEB.xml","16-JUL-2026 12:04:43","16-JUL-2026 12:04:48","00:00:05"
"Alps Industries Limited","22.21","77.79","0","-","30-JUN-2026","16-JUL-2026",,"https://nsearchives.nseindia.com/corporate/xbrl/SHP_1693838_16072026120250_WEB.xml","16-JUL-2026 12:02:55","16-JUL-2026 12:02:59","00:00:04"
"Belrise Industries Limited","66.46","33.54","0","-","30-JUN-2026","16-JUL-2026",,"https://nsearchives.nseindia.com/corporate/xbrl/SHP_1693833_16072026115421_WEB.xml","16-JUL-2026 11:54:28","16-JUL-2026 11:54:32","00:00:04"
"Rashtriya Chemicals and Fertilizers Limited","75","25","0","-","30-JUN-2026","16-JUL-2026",,"https://nsearchives.nseindia.com/corporate/xbrl/SHP_1693831_16072026115131_WEB.xml","16-JUL-2026 11:51:35","16-JUL-2026 11:51:40","00:00:05"
"Balkrishna Paper Mills Limited","59.95","40.05","0","-","30-JUN-2026","16-JUL-2026",,"https://nsearchives.nseindia.com/corporate/xbrl/SHP_1693826_16072026115001_WEB.xml","16-JUL-2026 11:50:07","16-JUL-2026 11:50:10","00:00:03"
"Gandhi Special Tubes Limited","73.53","26.47","0","-","30-JUN-2026","16-JUL-2026",,"https://nsearchives.nseindia.com/corporate/xbrl/SHP_1693825_16072026114919_WEB.xml","16-JUL-2026 11:49:33","16-JUL-2026 11:49:36","00:00:03"
"Harrisons  Malayalam Limited","54.12","45.88","0","-","30-JUN-2026","16-JUL-2026",,"https://nsearchives.nseindia.com/corporate/xbrl/SHP_1693824_16072026114810_WEB.xml","16-JUL-2026 11:48:16","16-JUL-2026 11:48:20","00:00:04"
"Amir Chand Jagdish Kumar (Exports) Limited","78.78","21.22","0","Revised","30-JUN-2026","16-JUL-2026","20-AUG-2026","https://nsearchives.nseindia.com/corporate/xbrl/SHP_1716440_20082026053042_WEB.xml","21-AUG-2026 17:29:46","21-AUG-2026 17:29:50","00:00:04"
"Nahar Industrial Enterprises Limited","71.24","28.76","0","-","30-JUN-2026","16-JUL-2026",,"https://nsearchives.nseindia.com/corporate/xbrl/SHP_1693817_16072026114432_WEB.xml","16-JUL-2026 11:44:37","16-JUL-2026 11:44:41","00:00:04"
"NTPC Green Energy Limited","89.01","10.99","0","-","30-JUN-2026","16-JUL-2026",,"https://nsearchives.nseindia.com/corporate/xbrl/SHP_1693814_16072026114006_WEB.xml","16-JUL-2026 11:40:11","16-JUL-2026 11:40:16","00:00:05"
"Shree Tirupati Balajee Agro Trading Company Limited","65.42","34.58","0","-","30-JUN-2026","16-JUL-2026",,"https://nsearchives.nseindia.com/corporate/xbrl/SHP_1693813_16072026113855_WEB.xml","16-JUL-2026 11:38:59","16-JUL-2026 11:39:04","00:00:05"
"Brand Concepts Limited","52.11","47.89","0","-","30-JUN-2026","16-JUL-2026",,"https://nsearchives.nseindia.com/corporate/xbrl/SHP_1693812_16072026113839_WEB.xml","16-JUL-2026 11:38:42","16-JUL-2026 11:38:47","00:00:05"
"HFCL Limited","28.29","71.69","0.02","-","30-JUN-2026","16-JUL-2026",,"https://nsearchives.nseindia.com/corporate/xbrl/SHP_1693810_16072026113543_WEB.xml","16-JUL-2026 11:35:50","16-JUL-2026 11:35:54","00:00:04"
"The Great Eastern Shipping Company Limited","30.07","69.93","0","-","30-JUN-2026","16-JUL-2026",,"https://nsearchives.nseindia.com/corporate/xbrl/SHP_1693804_16072026113118_WEB.xml","16-JUL-2026 11:31:25","16-JUL-2026 11:31:29","00:00:04"
"Laxmi India Finance Limited","60.17","39.83","0","-","30-JUN-2026","16-JUL-2026",,"https://nsearchives.nseindia.com/corporate/xbrl/SHP_1693803_16072026112953_WEB.xml","16-JUL-2026 11:29:59","16-JUL-2026 11:30:03","00:00:04"
"BPL Limited","63.13","36.87","0","-","30-JUN-2026","16-JUL-2026",,"https://nsearchives.nseindia.com/corporate/xbrl/SHP_1693801_16072026112736_WEB.xml","16-JUL-2026 11:27:41","16-JUL-2026 11:27:44","00:00:03"
"Prakash Steelage Limited","33.56","66.44","0","-","30-JUN-2026","16-JUL-2026",,"https://nsearchives.nseindia.com/corporate/xbrl/SHP_1693797_16072026112203_WEB.xml","16-JUL-2026 11:22:08","16-JUL-2026 11:22:12","00:00:04"
"Quess Corp Limited","56.82","42.19","1","-","30-JUN-2026","16-JUL-2026",,"https://nsearchives.nseindia.com/corporate/xbrl/SHP_1693792_16072026111314_WEB.xml","16-JUL-2026 11:13:22","16-JUL-2026 11:13:26","00:00:04"
"Rhetan TMT Limited","62.12","37.88","0","-","30-JUN-2026","16-JUL-2026",,"https://nsearchives.nseindia.com/corporate/xbrl/SHP_1693788_16072026111103_WEB.xml","16-JUL-2026 11:11:08","16-JUL-2026 11:11:13","00:00:05"
"Shilchar Technologies Limited","62.12","37.88","0","-","30-JUN-2026","16-JUL-2026",,"https://nsearchives.nseindia.com/corporate/xbrl/SHP_1693783_16072026110614_WEB.xml","16-JUL-2026 11:06:18","16-JUL-2026 11:06:22","00:00:04"
"J.G.Chemicals Limited","70.99","29.01","0","Revised","30-JUN-2026","16-JUL-2026","11-SEP-2026","https://nsearchives.nseindia.com/corporate/xbrl/SHP_1723528_11092026011235_WEB.xml","11-SEP-2026 17:19:23","11-SEP-2026 17:19:27","00:00:04"
"Vikram Solar Limited","63.01","36.99","0","-","30-JUN-2026","16-JUL-2026",,"https://nsearchives.nseindia.com/corporate/xbrl/SHP_1693778_16072026110215_WEB.xml","16-JUL-2026 11:02:26","16-JUL-2026 11:02:30","00:00:04"
"Agi Infra Limited","71.29","28.71","0","-","30-JUN-2026","16-JUL-2026",,"https://nsearchives.nseindia.com/corporate/xbrl/SHP_1693777_16072026110159_WEB.xml","16-JUL-2026 11:02:03","16-JUL-2026 11:02:07","00:00:04"
"Shiva Mills Limited","74.94","25.06","0","-","30-JUN-2026","16-JUL-2026",,"https://nsearchives.nseindia.com/corporate/xbrl/SHP_1693773_16072026105445_WEB.xml","16-JUL-2026 10:54:50","16-JUL-2026 10:54:54","00:00:04"
"Grand Foundry Limited","70.18","29.82","0","-","30-JUN-2026","16-JUL-2026",,"https://nsearchives.nseindia.com/corporate/xbrl/SHP_1693772_16072026105440_WEB.xml","16-JUL-2026 10:54:44","16-JUL-2026 10:54:48","00:00:04"
"Bcl Industries Limited","58.23","41.77","0","-","30-JUN-2026","16-JUL-2026",,"https://nsearchives.nseindia.com/corporate/xbrl/SHP_1693771_16072026105220_WEB.xml","16-JUL-2026 10:52:25","16-JUL-2026 10:52:30","00:00:05"
"Avonmore Capital & Management Services Limited","58.46","41.54","0","-","30-JUN-2026","16-JUL-2026",,"https://nsearchives.nseindia.com/corporate/xbrl/SHP_1693762_16072026103930_WEB.xml","16-JUL-2026 10:39:34","16-JUL-2026 10:39:39","00:00:05"
"Hirect Limited","43.92","56.08","0","-","30-JUN-2026","16-JUL-2026",,"https://nsearchives.nseindia.com/corporate/xbrl/SHP_1693760_16072026103732_WEB.xml","16-JUL-2026 10:37:38","16-JUL-2026 10:37:44","00:00:06"
"Deep Industries Limited","63.49","36.51","0","-","30-JUN-2026","16-JUL-2026",,"https://nsearchives.nseindia.com/corporate/xbrl/SHP_1693758_16072026103654_WEB.xml","16-JUL-2026 10:36:59","16-JUL-2026 10:37:04","00:00:05"
"Ravindra Energy Limited","58.26","41.74","0","-","30-JUN-2026","16-JUL-2026",,"https://nsearchives.nseindia.com/corporate/xbrl/SHP_1693753_16072026101929_WEB.xml","16-JUL-2026 10:19:34","16-JUL-2026 10:19:39","00:00:05"
"Gulf Oil Lubricants India Limited","66.85","33.15","0","-","30-JUN-2026","16-JUL-2026",,"https://nsearchives.nseindia.com/corporate/xbrl/SHP_1693752_16072026101527_WEB.xml","16-JUL-2026 10:15:31","16-JUL-2026 10:15:35","00:00:04"
"Lagnam Spintex Limited","68.5","31.5","0","-","30-JUN-2026","16-JUL-2026",,"https://nsearchives.nseindia.com/corporate/xbrl/SHP_1693750_16072026101413_WEB.xml","16-JUL-2026 10:14:18","16-JUL-2026 10:14:23","00:00:05"
"K.P. Energy Limited","45.31","54.69","0","-","30-JUN-2026","16-JUL-2026",,"https://nsearchives.nseindia.com/corporate/xbrl/SHP_1693749_16072026100929_WEB.xml","16-JUL-2026 10:09:33","16-JUL-2026 10:09:37","00:00:04"
"Suven Life Sciences Limited","70.08","29.92","0","-","30-JUN-2026","16-JUL-2026",,"https://nsearchives.nseindia.com/corporate/xbrl/SHP_1693748_16072026100839_WEB.xml","16-JUL-2026 10:08:42","16-JUL-2026 10:08:46","00:00:04"
"VRL Logistics Limited","60.24","39.76","0","-","30-JUN-2026","16-JUL-2026",,"https://nsearchives.nseindia.com/corporate/xbrl/SHP_1693744_16072026094841_WEB.xml","16-JUL-2026 09:48:46","16-JUL-2026 09:48:51","00:00:05"
"GlaxoSmithKline Pharmaceuticals Limited","75","25","0","-","30-JUN-2026","16-JUL-2026",,"https://nsearchives.nseindia.com/corporate/xbrl/SHP_1693743_16072026094817_WEB.xml","16-JUL-2026 09:48:23","16-JUL-2026 09:48:28","00:00:05"
"Hester Biosciences Limited","53.73","46.27","0","-","30-JUN-2026","16-JUL-2026",,"https://nsearchives.nseindia.com/corporate/xbrl/SHP_1693742_16072026094541_WEB.xml","16-JUL-2026 09:45:51","16-JUL-2026 09:45:56","00:00:05"
"Sundram Fasteners Limited","46.95","53.05","0","-","30-JUN-2026","15-JUL-2026",,"https://nsearchives.nseindia.com/corporate/xbrl/SHP_1692746_15072026090810_WEB.xml","15-JUL-2026 09:08:27","15-JUL-2026 09:08:32","00:00:05"
"Restaurant Brands Asia Limited","9.22","90.78","0","-","30-JUN-2026","15-JUL-2026",,"https://nsearchives.nseindia.com/corporate/xbrl/SHP_1693687_15072026082503_WEB.xml","15-JUL-2026 20:25:11","15-JUL-2026 20:25:16","00:00:05"
"One 97 Communications Limited","0","100","0","-","30-JUN-2026","15-JUL-2026",,"https://nsearchives.nseindia.com/corporate/xbrl/SHP_1693686_15072026082404_WEB.xml","15-JUL-2026 20:24:13","15-JUL-2026 20:24:17","00:00:04"
"Mindteck (India) Limited","64.2","35.8","0","-","30-JUN-2026","15-JUL-2026",,"https://nsearchives.nseindia.com/corporate/xbrl/SHP_1693664_15072026075855_WEB.xml","15-JUL-2026 19:59:00","15-JUL-2026 19:59:04","00:00:04"
"Hitachi Energy India Limited","71.31","28.69","0","-","30-JUN-2026","15-JUL-2026",,"https://nsearchives.nseindia.com/corporate/xbrl/SHP_1693658_15072026075524_WEB.xml","15-JUL-2026 19:55:29","15-JUL-2026 19:55:33","00:00:04"
"Samhi Hotels Limited","0","100","0","-","30-JUN-2026","15-JUL-2026",,"https://nsearchives.nseindia.com/corporate/xbrl/SHP_1693656_15072026075248_WEB.xml","15-JUL-2026 19:52:52","15-JUL-2026 19:52:55","00:00:03"
"Virinchi Limited","39.46","60.54","0","-","30-JUN-2026","15-JUL-2026",,"https://nsearchives.nseindia.com/corporate/xbrl/SHP_1693655_15072026075031_WEB.xml","15-JUL-2026 19:50:38","15-JUL-2026 19:50:43","00:00:05"
"Sumeet Industries Limited","89.83","10.17","0","-","30-JUN-2026","15-JUL-2026",,"https://nsearchives.nseindia.com/corporate/xbrl/SHP_1693648_15072026073816_WEB.xml","15-JUL-2026 19:38:22","15-JUL-2026 19:38:26","00:00:04"
"Anand Rathi Wealth Limited","41.37","58.63","0","-","30-JUN-2026","15-JUL-2026",,"https://nsearchives.nseindia.com/corporate/xbrl/SHP_1693635_15072026073252_WEB.xml","15-JUL-2026 19:32:59","15-JUL-2026 19:33:04","00:00:05"
"G R Infraprojects Limited","74.69","25.31","0","-","30-JUN-2026","15-JUL-2026",,"https://nsearchives.nseindia.com/corporate/xbrl/SHP_1693633_15072026072836_WEB.xml","15-JUL-2026 19:28:41","15-JUL-2026 19:28:46","00:00:05"
"SECUREKLOUD TECHNOLOGIES LIMITED","43.35","56.65","0","-","30-JUN-2026","15-JUL-2026",,"https://nsearchives.nseindia.com/corporate/xbrl/SHP_1693632_15072026072802_WEB.xml","15-JUL-2026 19:28:06","15-JUL-2026 19:28:10","00:00:04"
"Hindustan Construction Company Limited","16.17","83.83","0","-","30-JUN-2026","15-JUL-2026",,"https://nsearchives.nseindia.com/corporate/xbrl/SHP_1693630_15072026072543_WEB.xml","15-JUL-2026 19:25:49","15-JUL-2026 19:25:54","00:00:05"
"Balu Forge Industries Limited","53.51","46.49","0","-","30-JUN-2026","15-JUL-2026",,"https://nsearchives.nseindia.com/corporate/xbrl/SHP_1693615_15072026071503_WEB.xml","15-JUL-2026 19:15:08","15-JUL-2026 19:15:13","00:00:05"
"Mamata Machinery Limited","62.45","37.55","0","-","30-JUN-2026","15-JUL-2026",,"https://nsearchives.nseindia.com/corporate/xbrl/SHP_1693610_15072026070714_WEB.xml","15-JUL-2026 19:07:20","15-JUL-2026 19:07:24","00:00:04"
"REC Limited","52.63","47.37","0","-","30-JUN-2026","15-JUL-2026",,"https://nsearchives.nseindia.com/corporate/xbrl/SHP_1693602_15072026070101_WEB.xml","15-JUL-2026 19:01:09","15-JUL-2026 19:01:13","00:00:04"
"State Bank of India","55.47","44.53","0","-","30-JUN-2026","15-JUL-2026",,"https://nsearchives.nseindia.com/corporate/xbrl/SHP_1693592_15072026065623_WEB.xml","15-JUL-2026 18:56:29","15-JUL-2026 18:56:33","00:00:04"
"Infosys Limited","13.82","85.97","0.21","-","30-JUN-2026","15-JUL-2026",,"https://nsearchives.nseindia.com/corporate/xbrl/SHP_1693581_15072026065242_WEB.xml","15-JUL-2026 18:52:47","15-JUL-2026 18:52:52","00:00:05"
"Monte Carlo Fashions Limited","73.17","26.83","0","-","30-JUN-2026","15-JUL-2026",,"https://nsearchives.nseindia.com/corporate/xbrl/SHP_1693562_15072026064308_WEB.xml","15-JUL-2026 18:43:12","15-JUL-2026 18:43:16","00:00:04"
"Bhansali Engineering Polymers Limited","57.47","42.53","0","-","30-JUN-2026","15-JUL-2026",,"https://nsearchives.nseindia.com/corporate/xbrl/SHP_1693558_15072026064146_WEB.xml","15-JUL-2026 18:41:50","15-JUL-2026 18:41:54","00:00:04"
"BASF India Limited","73.33","26.67","0","-","30-JUN-2026","15-JUL-2026",,"https://nsearchives.nseindia.com/corporate/xbrl/SHP_1693542_15072026062954_WEB.xml","15-JUL-2026 18:30:01","15-JUL-2026 18:30:07","00:00:06"
"Shalibhadra Finance Limited","58.1","41.9","0","-","30-JUN-2026","15-JUL-2026",,"https://nsearchives.nseindia.com/corporate/xbrl/SHP_1693539_15072026062802_WEB.xml","15-JUL-2026 18:28:06","15-JUL-2026 18:28:11","00:00:05"
"Puravankara Limited","75","25","0","-","30-JUN-2026","15-JUL-2026",,"https://nsearchives.nseindia.com/corporate/xbrl/SHP_1693530_15072026062558_WEB.xml","15-JUL-2026 18:26:02","15-JUL-2026 18:26:07","00:00:05"
"Relaxo Footwears Limited","71.27","28.73","0","-","30-JUN-2026","15-JUL-2026",,"https://nsearchives.nseindia.com/corporate/xbrl/SHP_1693519_15072026062038_WEB.xml","15-JUL-2026 18:20:41","15-JUL-2026 18:20:46","00:00:05"
"Alembic Pharmaceuticals Limited","69.87","30.13","0","-","30-JUN-2026","15-JUL-2026",,"https://nsearchives.nseindia.com/corporate/xbrl/SHP_1693512_15072026061653_WEB.xml","15-JUL-2026 18:17:00","15-JUL-2026 18:17:04","00:00:04"
"Sirca Paints India Limited","65.19","34.81","0","-","30-JUN-2026","15-JUL-2026",,"https://nsearchives.nseindia.com/corporate/xbrl/SHP_1693503_15072026061136_WEB.xml","15-JUL-2026 18:11:39","15-JUL-2026 18:11:43","00:00:04"
"Maithan Alloys Limited","74.96","25.04","0","-","30-JUN-2026","15-JUL-2026",,"https://nsearchives.nseindia.com/corporate/xbrl/SHP_1693502_15072026061110_WEB.xml","15-JUL-2026 18:11:15","15-JUL-2026 18:11:20","00:00:05"
"MITCON Consultancy & Engineering Services Limited","0","100","0","-","30-JUN-2026","15-JUL-2026",,"https://nsearchives.nseindia.com/corporate/xbrl/SHP_1693496_15072026061023_WEB.xml","15-JUL-2026 18:10:28","15-JUL-2026 18:10:32","00:00:04"
"TCC Concept Limited","45.69","54.31","0","-","30-JUN-2026","15-JUL-2026",,"https://nsearchives.nseindia.com/corporate/xbrl/SHP_1693487_15072026060827_WEB.xml","15-JUL-2026 18:08:31","15-JUL-2026 18:08:35","00:00:04"
"Ceinsys Tech Limited","50.87","49.13","0","-","30-JUN-2026","15-JUL-2026",,"https://nsearchives.nseindia.com/corporate/xbrl/SHP_1693473_15072026060323_WEB.xml","15-JUL-2026 18:03:29","15-JUL-2026 18:03:33","00:00:04"
"Castrol India Limited","51","49","0","-","30-JUN-2026","15-JUL-2026",,"https://nsearchives.nseindia.com/corporate/xbrl/SHP_1693471_15072026060051_WEB.xml","15-JUL-2026 18:00:56","15-JUL-2026 18:00:59","00:00:03"
"Intense Technologies Limited","4.68","94.19","1.13","-","30-JUN-2026","15-JUL-2026",,"https://nsearchives.nseindia.com/corporate/xbrl/SHP_1693469_15072026055917_WEB.xml","15-JUL-2026 17:59:21","15-JUL-2026 17:59:26","00:00:05"
"Dynacons Systems & Solutions Limited","60.89","39.11","0","-","30-JUN-2026","15-JUL-2026",,"https://nsearchives.nseindia.com/corporate/xbrl/SHP_1693466_15072026055833_WEB.xml","15-JUL-2026 17:58:36","15-JUL-2026 17:58:41","00:00:05"
"Everest Kanto Cylinder Limited","67.39","32.61","0","-","30-JUN-2026","15-JUL-2026",,"https://nsearchives.nseindia.com/corporate/xbrl/SHP_1693463_15072026055632_WEB.xml","15-JUL-2026 17:56:38","15-JUL-2026 17:56:42","00:00:04"
"Nitiraj Engineers Limited","69.07","30.93","0","-","30-JUN-2026","15-JUL-2026",,"https://nsearchives.nseindia.com/corporate/xbrl/SHP_1693461_15072026055516_WEB.xml","15-JUL-2026 17:55:18","15-JUL-2026 17:55:23","00:00:05"
"B.A.G Films and Media Limited","51.74","48.26","0","-","30-JUN-2026","15-JUL-2026",,"https://nsearchives.nseindia.com/corporate/xbrl/SHP_1693450_15072026055005_WEB.xml","15-JUL-2026 17:50:10","15-JUL-2026 17:50:14","00:00:04"
"UFO Moviez India Limited","16.46","83.54","0","-","30-JUN-2026","15-JUL-2026",,"https://nsearchives.nseindia.com/corporate/xbrl/SHP_1693444_15072026054929_WEB.xml","15-JUL-2026 17:49:34","15-JUL-2026 17:49:38","00:00:04"
"Tata Technologies Limited","55.17","44.83","0","-","30-JUN-2026","15-JUL-2026",,"https://nsearchives.nseindia.com/corporate/xbrl/SHP_1693443_15072026054836_WEB.xml","15-JUL-2026 17:48:42","15-JUL-2026 17:48:47","00:00:05"
"W S Industries (I) Limited","51.67","48.33","0","-","30-JUN-2026","15-JUL-2026",,"https://nsearchives.nseindia.com/corporate/xbrl/SHP_1693436_15072026054313_WEB.xml","15-JUL-2026 17:43:18","15-JUL-2026 17:43:22","00:00:04"
"Mahalaxmi Rubtech Limited","64.8","35.2","0","-","30-JUN-2026","15-JUL-2026",,"https://nsearchives.nseindia.com/corporate/xbrl/SHP_1693429_15072026054009_WEB.xml","15-JUL-2026 17:40:13","15-JUL-2026 17:40:17","00:00:04"
"DRC Systems India Limited","20.63","79.37","0","-","30-JUN-2026","15-JUL-2026",,"https://nsearchives.nseindia.com/corporate/xbrl/SHP_1693425_15072026053800_WEB.xml","15-JUL-2026 17:38:06","15-JUL-2026 17:38:10","00:00:04"
"Odigma Consultancy Solutions Limited","27.45","72.55","0","-","30-JUN-2026","15-JUL-2026",,"https://nsearchives.nseindia.com/corporate/xbrl/SHP_1693422_15072026053731_WEB.xml","15-JUL-2026 17:37:37","15-JUL-2026 17:37:41","00:00:04"
"Automotive Axles Limited","71.04","28.96","0","-","30-JUN-2026","15-JUL-2026",,"https://nsearchives.nseindia.com/corporate/xbrl/SHP_1693421_15072026053718_WEB.xml","15-JUL-2026 17:37:25","15-JUL-2026 17:37:30","00:00:05"
"Anmol India Limited","50.2","49.8","0","-","30-JUN-2026","15-JUL-2026",,"https://nsearchives.nseindia.com/corporate/xbrl/SHP_1693413_15072026053158_WEB.xml","15-JUL-2026 17:32:01","15-JUL-2026 17:32:07","00:00:06"
"Dredging Corporation of India Limited","73.47","26.53","0","-","30-JUN-2026","15-JUL-2026",,"https://nsearchives.nseindia.com/corporate/xbrl/SHP_1693402_15072026052821_WEB.xml","15-JUL-2026 17:28:24","15-JUL-2026 17:28:29","00:00:05"
"Oricon Enterprises Limited","65.7","34.3","0","Revised","30-JUN-2026","15-JUL-2026","28-JUL-2026","https://nsearchives.nseindia.com/corporate/xbrl/SHP_1703095_28072026050032_WEB.xml","29-JUL-2026 12:49:07","29-JUL-2026 12:49:12","00:00:05"
"Suprajit Engineering Limited","45.27","54.73","0","Revised","30-JUN-2026","15-JUL-2026","18-SEP-2026","https://nsearchives.nseindia.com/corporate/xbrl/SHP_1725473_18092026060939_WEB.xml","21-SEP-2026 11:08:20","21-SEP-2026 11:08:25","00:00:05"
"Rushabh Precision Bearings Limited","95","5","0","-","30-JUN-2026","15-JUL-2026",,"https://nsearchives.nseindia.com/corporate/xbrl/SHP_1693385_15072026052334_WEB.xml","15-JUL-2026 17:23:37","15-JUL-2026 17:23:43","00:00:06"
"Teamlease Services Limited","31.11","68.86","0.03","-","30-JUN-2026","15-JUL-2026",,"https://nsearchives.nseindia.com/corporate/xbrl/SHP_1693379_15072026052116_WEB.xml","15-JUL-2026 17:21:21","15-JUL-2026 17:21:26","00:00:05"
"Dilip Buildcon Limited","63.14","36.86","0","-","30-JUN-2026","15-JUL-2026",,"https://nsearchives.nseindia.com/corporate/xbrl/SHP_1693376_15072026052057_WEB.xml","15-JUL-2026 17:21:02","15-JUL-2026 17:21:07","00:00:05"
"HDB Financial Services Limited","74.12","25.65","0.23","-","30-JUN-2026","15-JUL-2026",,"https://nsearchives.nseindia.com/corporate/xbrl/SHP_1693368_15072026051820_WEB.xml","15-JUL-2026 17:18:28","15-JUL-2026 17:18:31","00:00:03"
"Paradeep Phosphates Limited","57.86","42.14","0","-","30-JUN-2026","15-JUL-2026",,"https://nsearchives.nseindia.com/corporate/xbrl/SHP_1693362_15072026051447_WEB.xml","15-JUL-2026 17:14:52","15-JUL-2026 17:14:56","00:00:04"
"Goyal Aluminiums Limited","69.94","30.06","0","-","30-JUN-2026","15-JUL-2026",,"https://nsearchives.nseindia.com/corporate/xbrl/SHP_1693360_15072026051418_WEB.xml","15-JUL-2026 17:14:21","15-JUL-2026 17:14:26","00:00:05"
"Kalyan Jewellers India Limited","62.86","37.14","0","-","30-JUN-2026","15-JUL-2026",,"https://nsearchives.nseindia.com/corporate/xbrl/SHP_1693358_15072026051405_WEB.xml","15-JUL-2026 17:14:11","15-JUL-2026 17:14:15","00:00:04"
"SONAM LIMITED","58.12","41.88","0","-","30-JUN-2026","15-JUL-2026",,"https://nsearchives.nseindia.com/corporate/xbrl/SHP_1693355_15072026051337_WEB.xml","15-JUL-2026 17:13:43","15-JUL-2026 17:13:47","00:00:04"
"Voltamp Transformers Limited","30","70","0","-","30-JUN-2026","15-JUL-2026",,"https://nsearchives.nseindia.com/corporate/xbrl/SHP_1693342_15072026050827_WEB.xml","15-JUL-2026 17:08:31","15-JUL-2026 17:08:35","00:00:04"
"ShreeOswal Seeds And Chemicals Limited","66.63","33.37","0","-","30-JUN-2026","15-JUL-2026",,"https://nsearchives.nseindia.com/corporate/xbrl/SHP_1693336_15072026050742_WEB.xml","15-JUL-2026 17:07:45","15-JUL-2026 17:07:49","00:00:04"
"Uttam Sugar Mills Limited","74.71","25.29","0","-","30-JUN-2026","15-JUL-2026",,"https://nsearchives.nseindia.com/corporate/xbrl/SHP_1693334_15072026050629_WEB.xml","15-JUL-2026 17:06:34","15-JUL-2026 17:06:38","00:00:04"
"NRB Bearing Limited","44.73","55.27","0","-","30-JUN-2026","15-JUL-2026",,"https://nsearchives.nseindia.com/corporate/xbrl/SHP_1693325_15072026050310_WEB.xml","15-JUL-2026 17:03:15","15-JUL-2026 17:03:20","00:00:05"
"Krishival Foods Limited","37.23","62.77","0","-","30-JUN-2026","15-JUL-2026",,"https://nsearchives.nseindia.com/corporate/xbrl/SHP_1693314_15072026045541_WEB.xml","15-JUL-2026 16:55:44","15-JUL-2026 16:55:49","00:00:05"
"Entertainment Network (India) Limited","71.15","28.85","0","-","30-JUN-2026","15-JUL-2026",,"https://nsearchives.nseindia.com/corporate/xbrl/SHP_1693311_15072026045427_WEB.xml","15-JUL-2026 16:54:30","15-JUL-2026 16:54:34","00:00:04"
"Andhra Cements Limited","75","25","0","-","30-JUN-2026","15-JUL-2026",,"https://nsearchives.nseindia.com/corporate/xbrl/SHP_1693294_15072026044551_WEB.xml","15-JUL-2026 16:45:56","15-JUL-2026 16:45:59","00:00:03"
"Denta Water and Infra Solutions Limited","71.91","28.09","0","-","30-JUN-2026","15-JUL-2026",,"https://nsearchives.nseindia.com/corporate/xbrl/SHP_1693293_15072026044438_WEB.xml","15-JUL-2026 16:44:41","15-JUL-2026 16:44:46","00:00:05"
"Nalwa Sons Investments Limited","55.62","44.38","0","-","30-JUN-2026","15-JUL-2026",,"https://nsearchives.nseindia.com/corporate/xbrl/SHP_1693288_15072026044230_WEB.xml","15-JUL-2026 16:42:38","15-JUL-2026 16:42:43","00:00:05"
"SKF India (Industrial) Limited","52.58","47.42","0","-","30-JUN-2026","15-JUL-2026",,"https://nsearchives.nseindia.com/corporate/xbrl/SHP_1693284_15072026044004_WEB.xml","15-JUL-2026 16:40:10","15-JUL-2026 16:40:36","00:00:26"
"Maheshwari Logistics Limited","57.32","40.81","1.87","-","30-JUN-2026","15-JUL-2026",,"https://nsearchives.nseindia.com/corporate/xbrl/SHP_1693282_15072026043954_WEB.xml","15-JUL-2026 16:40:00","15-JUL-2026 16:41:06","00:01:06"
"TCPL Packaging Limited","55.74","44.06","0.2","-","30-JUN-2026","15-JUL-2026",,"https://nsearchives.nseindia.com/corporate/xbrl/SHP_1693279_15072026043933_WEB.xml","15-JUL-2026 16:39:39","15-JUL-2026 16:39:44","00:00:05"
"Kothari Sugars And Chemicals Limited","73.53","26.47","0","-","30-JUN-2026","15-JUL-2026",,"https://nsearchives.nseindia.com/corporate/xbrl/SHP_1693271_15072026043534_WEB.xml","15-JUL-2026 16:35:41","15-JUL-2026 16:35:45","00:00:04"
"CREDITACCESS GRAMEEN LIMITED","66.21","33.79","0","-","30-JUN-2026","15-JUL-2026",,"https://nsearchives.nseindia.com/corporate/xbrl/SHP_1693264_15072026043311_WEB.xml","15-JUL-2026 16:33:18","15-JUL-2026 16:33:22","00:00:04"
"Mask Investments Limited","72.25","27.75","0","-","30-JUN-2026","15-JUL-2026",,"https://nsearchives.nseindia.com/corporate/xbrl/SHP_1693263_15072026043116_WEB.xml","15-JUL-2026 16:31:18","15-JUL-2026 16:31:23","00:00:05"
"SWAN CORP LIMITED","53.96","46.04","0","-","30-JUN-2026","15-JUL-2026",,"https://nsearchives.nseindia.com/corporate/xbrl/SHP_1693250_15072026042636_WEB.xml","15-JUL-2026 16:26:42","15-JUL-2026 16:26:46","00:00:04"
"Jyoti CNC Automation Limited","62.55","37.45","0","-","30-JUN-2026","15-JUL-2026",,"https://nsearchives.nseindia.com/corporate/xbrl/SHP_1693247_15072026042441_WEB.xml","15-JUL-2026 16:24:46","15-JUL-2026 16:24:51","00:00:05"
"Kothari Petrochemicals Limited","72.22","27.78","0","-","30-JUN-2026","15-JUL-2026",,"https://nsearchives.nseindia.com/corporate/xbrl/SHP_1693235_15072026041911_WEB.xml","15-JUL-2026 16:19:18","15-JUL-2026 16:19:24","00:00:06"
"NELCO Limited","50.09","49.91","0","-","30-JUN-2026","15-JUL-2026",,"https://nsearchives.nseindia.com/corporate/xbrl/SHP_1693224_15072026041410_WEB.xml","15-JUL-2026 16:14:16","15-JUL-2026 16:14:20","00:00:04"
"Pudumjee Paper Products Limited","71.55","28.45","0","-","30-JUN-2026","15-JUL-2026",,"https://nsearchives.nseindia.com/corporate/xbrl/SHP_1693219_15072026041217_WEB.xml","15-JUL-2026 16:12:23","15-JUL-2026 16:12:28","00:00:05"
"Cupid Limited","46.24","53.76","0","-","30-JUN-2026","15-JUL-2026",,"https://nsearchives.nseindia.com/corporate/xbrl/SHP_1693218_15072026041154_WEB.xml","15-JUL-2026 16:12:01","15-JUL-2026 16:12:07","00:00:06"
"Saregama India Limited","60.84","38.72","0.44","-","30-JUN-2026","15-JUL-2026",,"https://nsearchives.nseindia.com/corporate/xbrl/SHP_1693207_15072026040825_WEB.xml","15-JUL-2026 16:08:30","15-JUL-2026 16:08:35","00:00:05"
"Dhampur Bio Organics Limited","50.78","48.2","1.02","-","30-JUN-2026","15-JUL-2026",,"https://nsearchives.nseindia.com/corporate/xbrl/SHP_1693205_15072026040703_WEB.xml","15-JUL-2026 16:07:09","15-JUL-2026 16:07:13","00:00:04"
"Mahindra & Mahindra Financial Services Limited","52.49","47.48","0.03","-","30-JUN-2026","15-JUL-2026",,"https://nsearchives.nseindia.com/corporate/xbrl/SHP_1693203_15072026040558_WEB.xml","15-JUL-2026 16:06:03","15-JUL-2026 16:06:08","00:00:05"
"UltraTech Cement Limited","59.33","40.5","0.17","-","30-JUN-2026","15-JUL-2026",,"https://nsearchives.nseindia.com/corporate/xbrl/SHP_1693198_15072026040520_WEB.xml","15-JUL-2026 16:05:25","15-JUL-2026 16:05:28","00:00:03"
"Electrotherm (India) Limited","29.87","70.13","0","-","30-JUN-2026","15-JUL-2026",,"https://nsearchives.nseindia.com/corporate/xbrl/SHP_1693197_15072026040412_WEB.xml","15-JUL-2026 16:04:16","15-JUL-2026 16:04:20","00:00:04"
"PTC India Limited","16.22","83.78","0","-","30-JUN-2026","15-JUL-2026",,"https://nsearchives.nseindia.com/corporate/xbrl/SHP_1693191_15072026040033_WEB.xml","15-JUL-2026 16:00:37","15-JUL-2026 16:00:42","00:00:05"
"Xpro India Limited","40.31","59.69","0","-","30-JUN-2026","15-JUL-2026",,"https://nsearchives.nseindia.com/corporate/xbrl/SHP_1693190_15072026040017_WEB.xml","15-JUL-2026 16:00:22","15-JUL-2026 16:00:27","00:00:05"
"Prozone Realty Limited","53.63","46.37","0","-","30-JUN-2026","15-JUL-2026",,"https://nsearchives.nseindia.com/corporate/xbrl/SHP_1693189_15072026035952_WEB.xml","15-JUL-2026 15:59:57","15-JUL-2026 16:00:03","00:00:06"
"Kavveri Defence & Wireless Technologies Limited","24.56","75.44","0","-","30-JUN-2026","15-JUL-2026",,"https://nsearchives.nseindia.com/corporate/xbrl/SHP_1693187_15072026035853_WEB.xml","15-JUL-2026 15:58:56","15-JUL-2026 15:59:00","00:00:04"
"Ponni Sugars (Erode) Limited","47.34","52.66","0","-","30-JUN-2026","15-JUL-2026",,"https://nsearchives.nseindia.com/corporate/xbrl/SHP_1693185_15072026035719_WEB.xml","15-JUL-2026 15:57:26","15-JUL-2026 15:57:31","00:00:05"
"Jain Irrigation Systems Limited","30.37","69.63","0","-","30-JUN-2026","15-JUL-2026",,"https://nsearchives.nseindia.com/corporate/xbrl/SHP_1693182_15072026035450_WEB.xml","15-JUL-2026 15:54:57","15-JUL-2026 15:55:01","00:00:04"
"Artemis Medicare Services Limited","58.39","41.61","0","-","30-JUN-2026","15-JUL-2026",,"https://nsearchives.nseindia.com/corporate/xbrl/SHP_1693179_15072026035352_WEB.xml","15-JUL-2026 15:53:58","15-JUL-2026 15:54:02","00:00:04"
"Jain Irrigation Systems Limited","26.68","73.27","0.06","-","30-JUN-2026","15-JUL-2026",,"https://nsearchives.nseindia.com/corporate/xbrl/SHP_1693170_15072026035017_WEB.xml","15-JUL-2026 15:50:24","15-JUL-2026 15:50:28","00:00:04"
"G-TEC JAINX EDUCATION LIMITED","61.26","38.74","0","-","30-JUN-2026","15-JUL-2026",,"https://nsearchives.nseindia.com/corporate/xbrl/SHP_1693163_15072026034800_WEB.xml","15-JUL-2026 15:48:03","15-JUL-2026 15:48:09","00:00:06"
"Suryalakshmi Cotton Mills Limited","60.93","39.07","0","-","30-JUN-2026","15-JUL-2026",,"https://nsearchives.nseindia.com/corporate/xbrl/SHP_1693161_15072026034743_WEB.xml","15-JUL-2026 15:47:46","15-JUL-2026 15:47:51","00:00:05"
"Aptech Limited","47.35","52.65","0","-","30-JUN-2026","15-JUL-2026",,"https://nsearchives.nseindia.com/corporate/xbrl/SHP_1693160_15072026034735_WEB.xml","15-JUL-2026 15:47:41","15-JUL-2026 15:47:45","00:00:04"
"Amj Land Holdings Limited","65.94","34.06","0","-","30-JUN-2026","15-JUL-2026",,"https://nsearchives.nseindia.com/corporate/xbrl/SHP_1693159_15072026034714_WEB.xml","15-JUL-2026 15:47:19","15-JUL-2026 15:47:24","00:00:05"
"Ginni Filaments Limited","69.72","30.28","0","-","30-JUN-2026","15-JUL-2026",,"https://nsearchives.nseindia.com/corporate/xbrl/SHP_1693144_15072026034142_WEB.xml","15-JUL-2026 15:41:48","15-JUL-2026 15:41:53","00:00:05"
"Tera Software Limited","47.53","52.47","0","-","30-JUN-2026","15-JUL-2026",,"https://nsearchives.nseindia.com/corporate/xbrl/SHP_1693133_15072026033514_WEB.xml","15-JUL-2026 15:35:16","15-JUL-2026 15:35:22","00:00:06"
"Aurobindo Pharma Limited","51.88","48.12","0","-","30-JUN-2026","15-JUL-2026",,"https://nsearchives.nseindia.com/corporate/xbrl/SHP_1693124_15072026033059_WEB.xml","15-JUL-2026 15:31:04","15-JUL-2026 15:31:08","00:00:04"
"Easy Trip Planners Limited","43.56","56.44","0","-","30-JUN-2026","15-JUL-2026",,"https://nsearchives.nseindia.com/corporate/xbrl/SHP_1693121_15072026032844_WEB.xml","15-JUL-2026 15:28:51","15-JUL-2026 15:28:56","00:00:05"
"Bajaj Healthcare Limited","58.59","41.41","0","-","30-JUN-2026","15-JUL-2026",,"https://nsearchives.nseindia.com/corporate/xbrl/SHP_1693120_15072026032710_WEB.xml","15-JUL-2026 15:27:15","15-JUL-2026 15:27:20","00:00:05"
"Siemens Energy India Limited","75","25","0","-","30-JUN-2026","15-JUL-2026",,"https://nsearchives.nseindia.com/corporate/xbrl/SHP_1693115_15072026032526_WEB.xml","15-JUL-2026 15:25:32","15-JUL-2026 15:25:36","00:00:04"
"Teamo Productions HQ Limited","26.48","73.52","0","-","30-JUN-2026","15-JUL-2026",,"https://nsearchives.nseindia.com/corporate/xbrl/SHP_1693114_15072026032521_WEB.xml","15-JUL-2026 15:25:26","15-JUL-2026 15:25:30","00:00:04"
"Nimbus Projects Limited","70.5","29.5","0","-","30-JUN-2026","15-JUL-2026",,"https://nsearchives.nseindia.com/corporate/xbrl/SHP_1693109_15072026032324_WEB.xml","15-JUL-2026 15:23:28","15-JUL-2026 15:23:35","00:00:07"
"Electrosteel Castings Limited","50.13","49.87","0","-","30-JUN-2026","15-JUL-2026",,"https://nsearchives.nseindia.com/corporate/xbrl/SHP_1693107_15072026032318_WEB.xml","15-JUL-2026 15:23:24","15-JUL-2026 15:23:29","00:00:05"
"Tara Chand InfraLogistic Solutions Limited","71.64","28.36","0","-","30-JUN-2026","15-JUL-2026",,"https://nsearchives.nseindia.com/corporate/xbrl/SHP_1693101_15072026031822_WEB.xml","15-JUL-2026 15:18:27","15-JUL-2026 15:18:31","00:00:04"
"Indraprastha Medical Corporation Limited","51","49","0","Revised","30-JUN-2026","15-JUL-2026","11-SEP-2026","https://nsearchives.nseindia.com/corporate/xbrl/SHP_1723527_11092026011226_WEB.xml","11-SEP-2026 15:18:53","11-SEP-2026 15:18:57","00:00:04"
"Azad Engineering Limited","55.84","44.16","0","-","30-JUN-2026","15-JUL-2026",,"https://nsearchives.nseindia.com/corporate/xbrl/SHP_1693098_15072026031607_WEB.xml","15-JUL-2026 15:16:11","15-JUL-2026 15:16:15","00:00:04"
"Snowman Logistics Limited","50.01","49.99","0","-","30-JUN-2026","15-JUL-2026",,"https://nsearchives.nseindia.com/corporate/xbrl/SHP_1693096_15072026031432_WEB.xml","15-JUL-2026 15:14:36","15-JUL-2026 15:14:41","00:00:05"
"Highway Infrastructure Limited","70.04","29.96","0","-","30-JUN-2026","15-JUL-2026",,"https://nsearchives.nseindia.com/corporate/xbrl/SHP_1693092_15072026031043_WEB.xml","15-JUL-2026 15:10:47","15-JUL-2026 15:10:52","00:00:05"
"VL E-Governance & IT Solutions Limited","23.24","76.76","0","-","30-JUN-2026","15-JUL-2026",,"https://nsearchives.nseindia.com/corporate/xbrl/SHP_1693090_15072026030956_WEB.xml","15-JUL-2026 15:10:00","15-JUL-2026 15:11:05","00:01:05"
"BLACKBUCK LIMITED","25","75","0","-","30-JUN-2026","15-JUL-2026",,"https://nsearchives.nseindia.com/corporate/xbrl/SHP_1693089_15072026030907_WEB.xml","15-JUL-2026 15:09:13","15-JUL-2026 15:09:17","00:00:04"
"Weizmann Limited","68.34","31.66","0","-","30-JUN-2026","15-JUL-2026",,"https://nsearchives.nseindia.com/corporate/xbrl/SHP_1693076_15072026030505_WEB.xml","15-JUL-2026 15:05:09","15-JUL-2026 15:05:14","00:00:05"
"Brigade Hotel Ventures Limited","74.09","25.91","0","Revised","30-JUN-2026","15-JUL-2026","29-JUL-2026","https://nsearchives.nseindia.com/corporate/xbrl/SHP_1704317_29072026062225_WEB.xml","25-AUG-2026 13:06:16","25-AUG-2026 13:06:20","00:00:04"
"NBCC (India) Limited","61.75","38.25","0","-","30-JUN-2026","15-JUL-2026",,"https://nsearchives.nseindia.com/corporate/xbrl/SHP_1693071_15072026030307_WEB.xml","15-JUL-2026 15:03:14","15-JUL-2026 15:03:18","00:00:04"
"The Western India Plywoods Limited","37.88","62.12","0","-","30-JUN-2026","15-JUL-2026",,"https://nsearchives.nseindia.com/corporate/xbrl/SHP_1693066_15072026025810_WEB.xml","15-JUL-2026 14:58:13","15-JUL-2026 14:58:17","00:00:04"
"Sakuma Exports Limited","46.29","53.71","0","-","30-JUN-2026","15-JUL-2026",,"https://nsearchives.nseindia.com/corporate/xbrl/SHP_1693064_15072026025514_WEB.xml","15-JUL-2026 14:55:18","15-JUL-2026 14:55:23","00:00:05"
"Enviro Infra Engineers Limited","70.19","29.81","0","-","30-JUN-2026","15-JUL-2026",,"https://nsearchives.nseindia.com/corporate/xbrl/SHP_1693061_15072026025508_WEB.xml","15-JUL-2026 14:55:14","15-JUL-2026 14:55:17","00:00:03"
"Akshar Spintex Limited","0.27","99.73","0","-","30-JUN-2026","15-JUL-2026",,"https://nsearchives.nseindia.com/corporate/xbrl/SHP_1693060_15072026025410_WEB.xml","15-JUL-2026 14:54:15","15-JUL-2026 14:54:20","00:00:05"
"Wheels India Limited","58.31","41.69","0","-","30-JUN-2026","15-JUL-2026",,"https://nsearchives.nseindia.com/corporate/xbrl/SHP_1693059_15072026025345_WEB.xml","15-JUL-2026 14:53:50","15-JUL-2026 14:53:55","00:00:05"
"The South Indian Bank Limited","0","100","0","-","30-JUN-2026","15-JUL-2026",,"https://nsearchives.nseindia.com/corporate/xbrl/SHP_1693058_15072026025338_WEB.xml","15-JUL-2026 14:53:43","15-JUL-2026 14:53:47","00:00:04"
"Allcargo Terminals Limited","67.17","32.83","0","-","30-JUN-2026","15-JUL-2026",,"https://nsearchives.nseindia.com/corporate/xbrl/SHP_1693054_15072026025027_WEB.xml","15-JUL-2026 14:50:35","15-JUL-2026 14:50:40","00:00:05"
"CIE Automotive India Limited","65.7","34.3","0","-","30-JUN-2026","15-JUL-2026",,"https://nsearchives.nseindia.com/corporate/xbrl/SHP_1693049_15072026024717_WEB.xml","15-JUL-2026 14:47:22","15-JUL-2026 14:47:27","00:00:05"
"Alpa Laboratories Limited","57.19","42.81","0","-","30-JUN-2026","15-JUL-2026",,"https://nsearchives.nseindia.com/corporate/xbrl/SHP_1693046_15072026024646_WEB.xml","15-JUL-2026 14:46:48","15-JUL-2026 14:46:53","00:00:05"
"Prince Pipes And Fittings Limited","60.95","39.05","0","-","30-JUN-2026","15-JUL-2026",,"https://nsearchives.nseindia.com/corporate/xbrl/SHP_1693040_15072026024106_WEB.xml","15-JUL-2026 14:41:11","15-JUL-2026 14:41:16","00:00:05"
"ITC Limited","0","100","0","-","30-JUN-2026","15-JUL-2026",,"https://nsearchives.nseindia.com/corporate/xbrl/SHP_1693039_15072026024018_WEB.xml","15-JUL-2026 14:40:23","15-JUL-2026 14:40:27","00:00:04"
"Privi Speciality Chemicals Limited","60.6","39.4","0","-","30-JUN-2026","15-JUL-2026",,"https://nsearchives.nseindia.com/corporate/xbrl/SHP_1693032_15072026023709_WEB.xml","15-JUL-2026 14:37:15","15-JUL-2026 14:37:20","00:00:05"
"Popular Vehicles and Services Limited","61.38","38.62","0","-","30-JUN-2026","15-JUL-2026",,"https://nsearchives.nseindia.com/corporate/xbrl/SHP_1693016_15072026021904_WEB.xml","15-JUL-2026 14:19:10","15-JUL-2026 14:19:15","00:00:05"
"Vinati Organics Limited","74.28","25.72","0","-","30-JUN-2026","15-JUL-2026",,"https://nsearchives.nseindia.com/corporate/xbrl/SHP_1693012_15072026021731_WEB.xml","15-JUL-2026 14:17:37","15-JUL-2026 14:17:41","00:00:04"
"Malu Paper Mills Limited","69.8","30.2","0","-","30-JUN-2026","15-JUL-2026",,"https://nsearchives.nseindia.com/corporate/xbrl/SHP_1693011_15072026021714_WEB.xml","15-JUL-2026 14:17:18","15-JUL-2026 14:17:23","00:00:05"
"Hariom Pipe Industries Limited","57.26","42.74","0","-","30-JUN-2026","15-JUL-2026",,"https://nsearchives.nseindia.com/corporate/xbrl/SHP_1693010_15072026021639_WEB.xml","15-JUL-2026 14:16:44","15-JUL-2026 14:16:48","00:00:04"
"BF Investment Limited","74.13","25.87","0","-","30-JUN-2026","15-JUL-2026",,"https://nsearchives.nseindia.com/corporate/xbrl/SHP_1693002_15072026020324_WEB.xml","15-JUL-2026 14:03:34","15-JUL-2026 14:03:38","00:00:04"
"Ice Make Refrigeration Limited","74.2","25.8","0","-","30-JUN-2026","15-JUL-2026",,"https://nsearchives.nseindia.com/corporate/xbrl/SHP_1693000_15072026015803_WEB.xml","15-JUL-2026 13:58:06","15-JUL-2026 13:58:10","00:00:04"
"Modi Naturals Limited","69.09","30.91","0","-","30-JUN-2026","15-JUL-2026",,"https://nsearchives.nseindia.com/corporate/xbrl/SHP_1692998_15072026015719_WEB.xml","15-JUL-2026 13:57:23","15-JUL-2026 13:57:28","00:00:05"
"Parag Milk Foods Limited","40.49","59.03","0.47","-","30-JUN-2026","15-JUL-2026",,"https://nsearchives.nseindia.com/corporate/xbrl/SHP_1692986_15072026014144_WEB.xml","15-JUL-2026 13:41:49","15-JUL-2026 13:41:54","00:00:05"
"Dhanlaxmi Bank Limited","0","100","0","-","30-JUN-2026","15-JUL-2026",,"https://nsearchives.nseindia.com/corporate/xbrl/SHP_1692979_15072026013446_WEB.xml","15-JUL-2026 13:34:50","15-JUL-2026 13:34:55","00:00:05"
"M TEK COPPER LIMITED","65.21","34.79","0","Revised","30-JUN-2026","15-JUL-2026","27-JUL-2026","https://nsearchives.nseindia.com/corporate/xbrl/SHP_1701758_27072026115721_WEB.xml","21-AUG-2026 18:46:05","21-AUG-2026 18:46:09","00:00:04"
"Best Agrolife Limited","50.44","49.56","0","-","30-JUN-2026","15-JUL-2026",,"https://nsearchives.nseindia.com/corporate/xbrl/SHP_1692967_15072026012319_WEB.xml","15-JUL-2026 13:23:23","15-JUL-2026 13:23:28","00:00:05"
"Plaza Wires Limited","69.83","30.17","0","-","30-JUN-2026","15-JUL-2026",,"https://nsearchives.nseindia.com/corporate/xbrl/SHP_1692952_15072026010509_WEB.xml","15-JUL-2026 13:05:12","15-JUL-2026 13:05:16","00:00:04"
"Shriram Properties Limited","27.89","72.11","0","-","30-JUN-2026","15-JUL-2026",,"https://nsearchives.nseindia.com/corporate/xbrl/SHP_1692945_15072026010125_WEB.xml","15-JUL-2026 13:01:31","15-JUL-2026 13:01:34","00:00:03"
"Transformers And Rectifiers (India) Limited","64.36","35.64","0","Revised","30-JUN-2026","15-JUL-2026","27-JUL-2026","https://nsearchives.nseindia.com/corporate/xbrl/SHP_1701782_27072026122910_WEB.xml","25-AUG-2026 13:21:15","25-AUG-2026 13:21:19","00:00:04"
"WE WIN LIMITED","70.96","29.04","0","-","30-JUN-2026","15-JUL-2026",,"https://nsearchives.nseindia.com/corporate/xbrl/SHP_1692935_15072026125501_WEB.xml","15-JUL-2026 12:55:05","15-JUL-2026 12:55:10","00:00:05"
"NAVA LIMITED","50.03","49.97","0","-","30-JUN-2026","15-JUL-2026",,"https://nsearchives.nseindia.com/corporate/xbrl/SHP_1692929_15072026125047_WEB.xml","15-JUL-2026 12:50:56","15-JUL-2026 12:51:00","00:00:04"
"Vakrangee Limited","40.05","59.95","0","-","30-JUN-2026","15-JUL-2026",,"https://nsearchives.nseindia.com/corporate/xbrl/SHP_1692909_15072026123844_WEB.xml","15-JUL-2026 12:38:49","15-JUL-2026 12:38:53","00:00:04"
"R K Swamy Limited","69.61","30.39","0","-","30-JUN-2026","15-JUL-2026",,"https://nsearchives.nseindia.com/corporate/xbrl/SHP_1692904_15072026123327_WEB.xml","15-JUL-2026 12:33:30","15-JUL-2026 12:33:35","00:00:05"
"Manomay Tex India Limited","57.31","42.69","0","-","30-JUN-2026","15-JUL-2026",,"https://nsearchives.nseindia.com/corporate/xbrl/SHP_1692902_15072026123159_WEB.xml","15-JUL-2026 12:32:03","15-JUL-2026 12:32:09","00:00:06"
"Sadhana Nitrochem Limited","60.9","39.1","0","-","30-JUN-2026","15-JUL-2026",,"https://nsearchives.nseindia.com/corporate/xbrl/SHP_1692899_15072026122715_WEB.xml","15-JUL-2026 12:27:21","15-JUL-2026 12:27:26","00:00:05"
"Gopal Snacks Limited","81.45","18.55","0","-","30-JUN-2026","15-JUL-2026",,"https://nsearchives.nseindia.com/corporate/xbrl/SHP_1692891_15072026122056_WEB.xml","15-JUL-2026 12:21:00","15-JUL-2026 12:21:04","00:00:04"
"Websol Energy System Limited","29.72","70.28","0","-","30-JUN-2026","15-JUL-2026",,"https://nsearchives.nseindia.com/corporate/xbrl/SHP_1692890_15072026121951_WEB.xml","15-JUL-2026 12:19:53","15-JUL-2026 12:19:57","00:00:04"
"Maha Rashtra Apex Corporation Limited","71.57","28.43","0","Revised","30-JUN-2026","15-JUL-2026","07-SEP-2026","https://nsearchives.nseindia.com/corporate/xbrl/SHP_1722110_07092026042234_WEB.xml","07-SEP-2026 19:32:46","07-SEP-2026 19:32:51","00:00:05"
"Steel City Securities Limited","74.7","25.3","0","-","30-JUN-2026","15-JUL-2026",,"https://nsearchives.nseindia.com/corporate/xbrl/SHP_1692885_15072026121543_WEB.xml","15-JUL-2026 12:15:47","15-JUL-2026 12:15:51","00:00:04"
"Atlas Cycles (Haryana) Limited","41.92","58.08","0","-","30-JUN-2026","15-JUL-2026",,"https://nsearchives.nseindia.com/corporate/xbrl/SHP_1692877_15072026121011_WEB.xml","15-JUL-2026 12:10:13","15-JUL-2026 12:10:18","00:00:05"
"Timken India Limited","51.05","48.95","0","-","30-JUN-2026","15-JUL-2026",,"https://nsearchives.nseindia.com/corporate/xbrl/SHP_1692870_15072026120803_WEB.xml","15-JUL-2026 12:08:09","15-JUL-2026 12:08:14","00:00:05"
"Alkali Metals Limited","69.59","30.41","0","-","30-JUN-2026","15-JUL-2026",,"https://nsearchives.nseindia.com/corporate/xbrl/SHP_1692866_15072026120702_WEB.xml","15-JUL-2026 12:07:06","15-JUL-2026 12:07:11","00:00:05"
"GHCL Limited","19.83","80.17","0","-","30-JUN-2026","15-JUL-2026",,"https://nsearchives.nseindia.com/corporate/xbrl/SHP_1692862_15072026120102_WEB.xml","15-JUL-2026 12:01:09","15-JUL-2026 12:01:14","00:00:05"
"Raj Rayon Industries Limited","94.13","5.87","0","-","30-JUN-2026","15-JUL-2026",,"https://nsearchives.nseindia.com/corporate/xbrl/SHP_1692858_15072026115907_WEB.xml","15-JUL-2026 11:59:09","15-JUL-2026 11:59:14","00:00:05"
"Bikaji Foods International Limited","73.88","26.12","0","Revised","30-JUN-2026","15-JUL-2026","10-SEP-2026","https://nsearchives.nseindia.com/corporate/xbrl/SHP_1723176_10092026113908_WEB.xml","16-SEP-2026 14:27:36","16-SEP-2026 14:27:40","00:00:04"
"Wonder Electricals Limited","71.79","28.21","0","-","30-JUN-2026","15-JUL-2026",,"https://nsearchives.nseindia.com/corporate/xbrl/SHP_1692854_15072026115728_WEB.xml","15-JUL-2026 11:57:31","15-JUL-2026 11:57:35","00:00:04"
"Ashoka Metcast Limited","53.65","46.35","0","-","30-JUN-2026","15-JUL-2026",,"https://nsearchives.nseindia.com/corporate/xbrl/SHP_1692849_15072026115513_WEB.xml","15-JUL-2026 11:55:17","15-JUL-2026 11:55:22","00:00:05"
"Praj Industries Limited","32.81","67.19","0","-","30-JUN-2026","15-JUL-2026",,"https://nsearchives.nseindia.com/corporate/xbrl/SHP_1692848_15072026115329_WEB.xml","15-JUL-2026 11:53:34","15-JUL-2026 11:53:39","00:00:05"
"Jubilant Ingrevia Limited","45.22","53.79","0.98","-","30-JUN-2026","15-JUL-2026",,"https://nsearchives.nseindia.com/corporate/xbrl/SHP_1692843_15072026114851_WEB.xml","15-JUL-2026 11:48:58","15-JUL-2026 11:49:02","00:00:04"
"Bharat Gears Limited","55.33","44.67","0","-","30-JUN-2026","15-JUL-2026",,"https://nsearchives.nseindia.com/corporate/xbrl/SHP_1692842_15072026114724_WEB.xml","15-JUL-2026 11:47:28","15-JUL-2026 11:47:32","00:00:04"
"Sigma Solve Limited","73.22","26.78","0","-","30-JUN-2026","15-JUL-2026",,"https://nsearchives.nseindia.com/corporate/xbrl/SHP_1692841_15072026114706_WEB.xml","15-JUL-2026 11:47:09","15-JUL-2026 11:47:14","00:00:05"
"Jindal Stainless Limited","62.05","37.92","0.04","-","30-JUN-2026","15-JUL-2026",,"https://nsearchives.nseindia.com/corporate/xbrl/SHP_1692838_15072026114533_WEB.xml","15-JUL-2026 11:45:41","15-JUL-2026 11:45:45","00:00:04"
"Palred Technologies Limited","30.13","69.87","0","-","30-JUN-2026","15-JUL-2026",,"https://nsearchives.nseindia.com/corporate/xbrl/SHP_1692837_15072026114426_WEB.xml","15-JUL-2026 11:44:29","15-JUL-2026 11:44:36","00:00:07"
"Ajooni Biotech Limited","26.89","73.11","0","-","30-JUN-2026","15-JUL-2026",,"https://nsearchives.nseindia.com/corporate/xbrl/SHP_1692835_15072026114256_WEB.xml","15-JUL-2026 11:43:00","15-JUL-2026 11:43:03","00:00:03"
"AION-TECH SOLUTIONS LIMITED","52.44","47.56","0","-","30-JUN-2026","15-JUL-2026",,"https://nsearchives.nseindia.com/corporate/xbrl/SHP_1692834_15072026114224_WEB.xml","15-JUL-2026 11:42:27","15-JUL-2026 11:42:31","00:00:04"
"Ashoka Buildcon Limited","54.48","45.52","0","-","30-JUN-2026","15-JUL-2026",,"https://nsearchives.nseindia.com/corporate/xbrl/SHP_1692833_15072026114112_WEB.xml","15-JUL-2026 11:41:17","15-JUL-2026 11:41:22","00:00:05"
"Niraj Cement Structurals Limited","24.89","75.11","0","-","30-JUN-2026","15-JUL-2026",,"https://nsearchives.nseindia.com/corporate/xbrl/SHP_1692831_15072026114046_WEB.xml","15-JUL-2026 11:40:49","15-JUL-2026 11:40:53","00:00:04"
"Rana Sugars Limited","22.64","77.36","0","-","30-JUN-2026","15-JUL-2026",,"https://nsearchives.nseindia.com/corporate/xbrl/SHP_1692830_15072026113932_WEB.xml","15-JUL-2026 11:39:36","15-JUL-2026 11:39:40","00:00:04"
"Siyaram Silk Mills Limited","67.44","32.56","0","-","30-JUN-2026","15-JUL-2026",,"https://nsearchives.nseindia.com/corporate/xbrl/SHP_1692824_15072026113143_WEB.xml","15-JUL-2026 11:31:48","15-JUL-2026 11:31:52","00:00:04"
"DiGiSPICE Technologies Limited","72.64","27.36","0","-","30-JUN-2026","15-JUL-2026",,"https://nsearchives.nseindia.com/corporate/xbrl/SHP_1692823_15072026112932_WEB.xml","15-JUL-2026 11:29:37","15-JUL-2026 11:29:41","00:00:04"
"Honda Siel Power Products Limited","66.67","33.33","0","-","30-JUN-2026","15-JUL-2026",,"https://nsearchives.nseindia.com/corporate/xbrl/SHP_1692818_15072026112308_WEB.xml","15-JUL-2026 11:23:11","15-JUL-2026 11:23:15","00:00:04"
"Subex Limited","0","98.73","1.27","-","30-JUN-2026","15-JUL-2026",,"https://nsearchives.nseindia.com/corporate/xbrl/SHP_1692817_15072026112246_WEB.xml","15-JUL-2026 11:22:49","15-JUL-2026 11:22:53","00:00:04"
"Quadrant Future Tek Limited","70","30","0","-","30-JUN-2026","15-JUL-2026",,"https://nsearchives.nseindia.com/corporate/xbrl/SHP_1692816_15072026112121_WEB.xml","15-JUL-2026 11:21:25","15-JUL-2026 11:21:30","00:00:05"
"Texmaco Infrastructure & Holdings Limited","66.55","33.45","0","-","30-JUN-2026","15-JUL-2026",,"https://nsearchives.nseindia.com/corporate/xbrl/SHP_1692812_15072026111745_WEB.xml","15-JUL-2026 11:17:49","15-JUL-2026 11:17:53","00:00:04"
"Orient Bell Limited","65.92","34.08","0","-","30-JUN-2026","15-JUL-2026",,"https://nsearchives.nseindia.com/corporate/xbrl/SHP_1692811_15072026111619_WEB.xml","15-JUL-2026 11:16:25","15-JUL-2026 11:16:29","00:00:04"
"Kanani Industries Limited","33.79","66.21","0","-","30-JUN-2026","15-JUL-2026",,"https://nsearchives.nseindia.com/corporate/xbrl/SHP_1692805_15072026111214_WEB.xml","15-JUL-2026 11:12:19","15-JUL-2026 11:12:22","00:00:03"
"Goodluck India Limited","54","46","0","-","30-JUN-2026","15-JUL-2026",,"https://nsearchives.nseindia.com/corporate/xbrl/SHP_1692804_15072026111137_WEB.xml","15-JUL-2026 11:11:40","15-JUL-2026 11:11:44","00:00:04"
"Thejo Engineering Limited","53.61","46.39","0","-","30-JUN-2026","15-JUL-2026",,"https://nsearchives.nseindia.com/corporate/xbrl/SHP_1692803_15072026110950_WEB.xml","15-JUL-2026 11:09:55","15-JUL-2026 11:09:58","00:00:03"
"Bannari Amman Sugars Limited","58.7","41.3","0","-","30-JUN-2026","15-JUL-2026",,"https://nsearchives.nseindia.com/corporate/xbrl/SHP_1692800_15072026110757_WEB.xml","15-JUL-2026 11:08:02","15-JUL-2026 11:08:07","00:00:05"
"Indo Thai Securities Limited","56.07","43.93","0","-","30-JUN-2026","15-JUL-2026",,"https://nsearchives.nseindia.com/corporate/xbrl/SHP_1692798_15072026110350_WEB.xml","15-JUL-2026 11:04:03","15-JUL-2026 11:04:07","00:00:04"
"Talbros Automotive Components Limited","58.43","41.57","0","-","30-JUN-2026","15-JUL-2026",,"https://nsearchives.nseindia.com/corporate/xbrl/SHP_1692797_15072026110309_WEB.xml","15-JUL-2026 11:03:13","15-JUL-2026 11:03:17","00:00:04"
"The Hi-Tech Gears Limited","56.12","43.88","0","-","30-JUN-2026","15-JUL-2026",,"https://nsearchives.nseindia.com/corporate/xbrl/SHP_1692795_15072026110152_WEB.xml","15-JUL-2026 11:01:55","15-JUL-2026 11:01:59","00:00:04"
"Jyoti Structures Limited","0","100","0","-","30-JUN-2026","15-JUL-2026",,"https://nsearchives.nseindia.com/corporate/xbrl/SHP_1692794_15072026110036_WEB.xml","15-JUL-2026 11:00:43","15-JUL-2026 11:00:47","00:00:04"
"Sterlite Technologies Limited","44.51","55.49","0","-","30-JUN-2026","15-JUL-2026",,"https://nsearchives.nseindia.com/corporate/xbrl/SHP_1692793_15072026105956_WEB.xml","15-JUL-2026 11:00:04","15-JUL-2026 11:00:10","00:00:06"
"GANESH HOUSING LIMITED","73.06","26.94","0","-","30-JUN-2026","15-JUL-2026",,"https://nsearchives.nseindia.com/corporate/xbrl/SHP_1692778_15072026104549_WEB.xml","15-JUL-2026 10:45:53","15-JUL-2026 10:45:57","00:00:04"
"Mazda Limited","48.67","51.33","0","-","30-JUN-2026","15-JUL-2026",,"https://nsearchives.nseindia.com/corporate/xbrl/SHP_1692776_15072026104231_WEB.xml","15-JUL-2026 10:42:38","15-JUL-2026 10:42:41","00:00:03"
"Sree Rayalaseema Hi-Strength Hypo Limited","61.84","38.16","0","-","30-JUN-2026","15-JUL-2026",,"https://nsearchives.nseindia.com/corporate/xbrl/SHP_1692769_15072026103255_WEB.xml","15-JUL-2026 10:32:58","15-JUL-2026 10:33:03","00:00:05"
"Piccadily Agro Industries Limited","68.57","31.43","0","-","30-JUN-2026","15-JUL-2026",,"https://nsearchives.nseindia.com/corporate/xbrl/SHP_1692767_15072026102848_WEB.xml","15-JUL-2026 10:28:51","15-JUL-2026 10:28:55","00:00:04"
"Deepak Builders & Engineers India Limited","71.84","28.16","0","Revised","30-JUN-2026","15-JUL-2026","09-SEP-2026","https://nsearchives.nseindia.com/corporate/xbrl/SHP_1722988_09092026051905_WEB.xml","09-SEP-2026 17:31:36","09-SEP-2026 17:31:40","00:00:04"
"Sudeep Pharma Limited","76.15","23.85","0","-","30-JUN-2026","15-JUL-2026",,"https://nsearchives.nseindia.com/corporate/xbrl/SHP_1692764_15072026102213_WEB.xml","15-JUL-2026 10:22:20","15-JUL-2026 10:22:25","00:00:05"
"Arfin India Limited","69.77","30.23","0","-","30-JUN-2026","15-JUL-2026",,"https://nsearchives.nseindia.com/corporate/xbrl/SHP_1692763_15072026101911_WEB.xml","15-JUL-2026 10:19:14","15-JUL-2026 10:19:19","00:00:05"
"The State Trading Corporation of India Limited","90","10","0","-","30-JUN-2026","15-JUL-2026",,"https://nsearchives.nseindia.com/corporate/xbrl/SHP_1692760_15072026101118_WEB.xml","15-JUL-2026 10:11:21","15-JUL-2026 10:11:26","00:00:05"
"Cyber Media (India) Limited","67.13","32.87","0","-","30-JUN-2026","15-JUL-2026",,"https://nsearchives.nseindia.com/corporate/xbrl/SHP_1692757_15072026100023_WEB.xml","15-JUL-2026 10:00:27","15-JUL-2026 10:00:32","00:00:05"
"Midwest Limited","77.12","22.88","0","-","30-JUN-2026","15-JUL-2026",,"https://nsearchives.nseindia.com/corporate/xbrl/SHP_1692756_15072026095921_WEB.xml","15-JUL-2026 09:59:26","15-JUL-2026 09:59:31","00:00:05"
"Lancor Holdings Limited","51.31","48.69","0","-","30-JUN-2026","15-JUL-2026",,"https://nsearchives.nseindia.com/corporate/xbrl/SHP_1692753_15072026095154_WEB.xml","15-JUL-2026 09:51:57","15-JUL-2026 09:52:02","00:00:05"
"Pix Transmissions Limited","62.06","37.94","0","-","30-JUN-2026","15-JUL-2026",,"https://nsearchives.nseindia.com/corporate/xbrl/SHP_1692751_15072026094732_WEB.xml","15-JUL-2026 09:47:37","15-JUL-2026 09:47:41","00:00:04"
"TREJHARA SOLUTIONS LIMITED","33.87","66.13","0","-","30-JUN-2026","15-JUL-2026",,"https://nsearchives.nseindia.com/corporate/xbrl/SHP_1692750_15072026093635_WEB.xml","15-JUL-2026 09:36:40","15-JUL-2026 09:36:44","00:00:04"
"UCAL LIMITED","70.28","29.72","0","-","30-JUN-2026","15-JUL-2026",,"https://nsearchives.nseindia.com/corporate/xbrl/SHP_1692749_15072026093349_WEB.xml","15-JUL-2026 09:33:54","15-JUL-2026 09:33:58","00:00:04"
"KCP Limited","44.39","55.61","0","-","30-JUN-2026","15-JUL-2026",,"https://nsearchives.nseindia.com/corporate/xbrl/SHP_1692748_15072026093025_WEB.xml","15-JUL-2026 09:30:40","15-JUL-2026 09:30:45","00:00:05"
"Schaeffler India Limited","74.13","25.87","0","-","30-JUN-2026","14-JUL-2026",,"https://nsearchives.nseindia.com/corporate/xbrl/SHP_1691866_14072026100100_WEB.xml","14-JUL-2026 10:01:12","14-JUL-2026 10:01:17","00:00:05"
"Power Grid Corporation of India Limited","51.34","48.66","0","-","30-JUN-2026","14-JUL-2026",,"https://nsearchives.nseindia.com/corporate/xbrl/SHP_1692743_14072026111454_WEB.xml","14-JUL-2026 23:15:00","14-JUL-2026 23:15:06","00:00:06"
"Tinna Rubber and Infrastructure Limited","67.22","32.78","0","-","30-JUN-2026","14-JUL-2026",,"https://nsearchives.nseindia.com/corporate/xbrl/SHP_1692740_14072026104539_WEB.xml","14-JUL-2026 22:45:50","14-JUL-2026 22:45:55","00:00:05"
"Cybertech Systems And Software Limited","38.04","61.96","0","-","30-JUN-2026","14-JUL-2026",,"https://nsearchives.nseindia.com/corporate/xbrl/SHP_1692736_14072026095836_WEB.xml","14-JUL-2026 21:58:42","14-JUL-2026 21:58:46","00:00:04"
"DJ Mediaprint & Logistics Limited","55.69","44.31","0","-","30-JUN-2026","14-JUL-2026",,"https://nsearchives.nseindia.com/corporate/xbrl/SHP_1692697_14072026082607_WEB.xml","14-JUL-2026 20:26:11","14-JUL-2026 20:26:15","00:00:04"
"Kotak Mahindra Bank Limited","25.87","74.13","0","-","30-JUN-2026","14-JUL-2026",,"https://nsearchives.nseindia.com/corporate/xbrl/SHP_1692686_14072026081830_WEB.xml","14-JUL-2026 20:18:38","14-JUL-2026 20:18:42","00:00:04"
"Thyrocare Technologies Limited","60.92","39.08","0","-","30-JUN-2026","14-JUL-2026",,"https://nsearchives.nseindia.com/corporate/xbrl/SHP_1692683_14072026081722_WEB.xml","14-JUL-2026 20:17:30","14-JUL-2026 20:17:33","00:00:03"
"Adani Energy Solutions Limited","74.71","25.29","0","-","30-JUN-2026","14-JUL-2026",,"https://nsearchives.nseindia.com/corporate/xbrl/SHP_1692674_14072026080027_WEB.xml","14-JUL-2026 20:00:33","14-JUL-2026 20:00:37","00:00:04"
"Marsons Limited","53.65","46.35","0","-","30-JUN-2026","14-JUL-2026",,"https://nsearchives.nseindia.com/corporate/xbrl/SHP_1692662_14072026074822_WEB.xml","14-JUL-2026 19:48:27","14-JUL-2026 19:48:31","00:00:04"
"Sarla Performance Fibers Limited","59.98","40.02","0","-","30-JUN-2026","14-JUL-2026",,"https://nsearchives.nseindia.com/corporate/xbrl/SHP_1692657_14072026074222_WEB.xml","14-JUL-2026 19:42:28","14-JUL-2026 19:42:32","00:00:04"
"Team India Guaranty Limited","74.92","25.08","0","-","30-JUN-2026","14-JUL-2026",,"https://nsearchives.nseindia.com/corporate/xbrl/SHP_1692651_14072026073836_WEB.xml","14-JUL-2026 19:38:41","14-JUL-2026 19:38:45","00:00:04"
"Emami Paper Mills Limited","74.97","25.03","0","-","30-JUN-2026","14-JUL-2026",,"https://nsearchives.nseindia.com/corporate/xbrl/SHP_1692645_14072026073132_WEB.xml","14-JUL-2026 19:31:36","14-JUL-2026 19:31:41","00:00:05"
"Firstsource Solutions Limited","53.66","45.49","0.85","-","30-JUN-2026","14-JUL-2026",,"https://nsearchives.nseindia.com/corporate/xbrl/SHP_1692627_14072026071441_WEB.xml","14-JUL-2026 19:14:46","14-JUL-2026 19:14:50","00:00:04"
"Dev Accelerator Limited","35.09","64.91","0","-","30-JUN-2026","14-JUL-2026",,"https://nsearchives.nseindia.com/corporate/xbrl/SHP_1692604_14072026070221_WEB.xml","14-JUL-2026 19:02:25","14-JUL-2026 19:02:28","00:00:03"
"Arihant Superstructures Limited","71.1","28.9","0","-","30-JUN-2026","14-JUL-2026",,"https://nsearchives.nseindia.com/corporate/xbrl/SHP_1692600_14072026065755_WEB.xml","14-JUL-2026 18:57:58","14-JUL-2026 18:58:03","00:00:05"
"TARC Limited","65.12","34.88","0","-","30-JUN-2026","14-JUL-2026",,"https://nsearchives.nseindia.com/corporate/xbrl/SHP_1692597_14072026065240_WEB.xml","14-JUL-2026 18:52:44","14-JUL-2026 18:52:49","00:00:05"
"Pearl Global Industries Limited","61.11","38.89","0","-","30-JUN-2026","14-JUL-2026",,"https://nsearchives.nseindia.com/corporate/xbrl/SHP_1692591_14072026064827_WEB.xml","14-JUL-2026 18:48:32","14-JUL-2026 18:48:37","00:00:05"
"JK Cement Limited","45.66","54.34","0","-","30-JUN-2026","14-JUL-2026",,"https://nsearchives.nseindia.com/corporate/xbrl/SHP_1692580_14072026063745_WEB.xml","14-JUL-2026 18:37:54","14-JUL-2026 18:37:58","00:00:04"
"Tatva Chintan Pharma Chem Limited","72.02","27.98","0","-","30-JUN-2026","14-JUL-2026",,"https://nsearchives.nseindia.com/corporate/xbrl/SHP_1692577_14072026063647_WEB.xml","14-JUL-2026 18:36:52","14-JUL-2026 18:36:55","00:00:03"
"IFB Industries Limited","74.96","25.04","0","-","30-JUN-2026","14-JUL-2026",,"https://nsearchives.nseindia.com/corporate/xbrl/SHP_1692576_14072026063639_WEB.xml","14-JUL-2026 18:36:46","14-JUL-2026 18:36:50","00:00:04"
"KSH International Limited","74.58","25.42","0","-","30-JUN-2026","14-JUL-2026",,"https://nsearchives.nseindia.com/corporate/xbrl/SHP_1692572_14072026063615_WEB.xml","14-JUL-2026 18:36:20","14-JUL-2026 18:36:25","00:00:05"
"Somi Conveyor Beltings Limited","59.09","40.91","0","-","30-JUN-2026","14-JUL-2026",,"https://nsearchives.nseindia.com/corporate/xbrl/SHP_1692564_14072026063334_WEB.xml","14-JUL-2026 18:33:38","14-JUL-2026 18:33:43","00:00:05"
"Manoj Vaibhav Gems N Jewellers Limited","74.27","25.73","0","-","30-JUN-2026","14-JUL-2026",,"https://nsearchives.nseindia.com/corporate/xbrl/SHP_1692562_14072026063200_WEB.xml","14-JUL-2026 18:32:05","14-JUL-2026 18:32:09","00:00:04"
"Wipro Limited","72.59","27.29","0.12","-","30-JUN-2026","14-JUL-2026",,"https://nsearchives.nseindia.com/corporate/xbrl/SHP_1692557_14072026062925_WEB.xml","14-JUL-2026 18:29:30","14-JUL-2026 18:29:35","00:00:05"
"Healthcare Global Enterprises Limited","64.21","35.79","0","-","30-JUN-2026","14-JUL-2026",,"https://nsearchives.nseindia.com/corporate/xbrl/SHP_1692539_14072026062355_WEB.xml","14-JUL-2026 18:24:00","14-JUL-2026 18:24:03","00:00:03"
"BSE Limited","0","100","0","-","30-JUN-2026","14-JUL-2026",,"https://nsearchives.nseindia.com/corporate/xbrl/SHP_1692530_14072026061904_WEB.xml","14-JUL-2026 18:19:08","14-JUL-2026 18:19:12","00:00:04"
"Vedanta Iron and Steel Limited","56.38","43.46","0.16","-","30-JUN-2026","14-JUL-2026",,"https://nsearchives.nseindia.com/corporate/xbrl/SHP_1692523_14072026061806_WEB.xml","14-JUL-2026 18:18:12","14-JUL-2026 18:18:17","00:00:05"
"Prudent Corporate Advisory Services Limited","55.31","44.69","0","-","30-JUN-2026","14-JUL-2026",,"https://nsearchives.nseindia.com/corporate/xbrl/SHP_1692517_14072026061451_WEB.xml","14-JUL-2026 18:14:57","14-JUL-2026 18:15:02","00:00:05"
"Ganga Forging Limited","35.51","64.49","0","-","30-JUN-2026","14-JUL-2026",,"https://nsearchives.nseindia.com/corporate/xbrl/SHP_1692516_14072026061424_WEB.xml","14-JUL-2026 18:14:27","14-JUL-2026 18:14:31","00:00:04"
"Can Fin Homes Limited","29.99","70.01","0","-","30-JUN-2026","14-JUL-2026",,"https://nsearchives.nseindia.com/corporate/xbrl/SHP_1692508_14072026061043_WEB.xml","14-JUL-2026 18:10:48","14-JUL-2026 18:10:52","00:00:04"
"R. S. Software (India) Limited","40.88","59.12","0","-","30-JUN-2026","14-JUL-2026",,"https://nsearchives.nseindia.com/corporate/xbrl/SHP_1692500_14072026060735_WEB.xml","14-JUL-2026 18:07:38","14-JUL-2026 18:07:42","00:00:04"
"NTPC Limited","51.1","48.9","0","Revised","30-JUN-2026","14-JUL-2026","29-JUL-2026","https://nsearchives.nseindia.com/corporate/xbrl/SHP_1703673_29072026123744_WEB.xml","25-AUG-2026 13:07:36","25-AUG-2026 13:07:40","00:00:04"
"Excelsoft Technologies Limited","59.09","40.91","0","Revised","30-JUN-2026","14-JUL-2026","17-JUL-2026","https://nsearchives.nseindia.com/corporate/xbrl/SHP_1695284_17072026043554_WEB.xml","20-JUL-2026 11:10:12","20-JUL-2026 11:10:17","00:00:05"
"IDBI Bank Limited","94.71","5.29","0","-","30-JUN-2026","14-JUL-2026",,"https://nsearchives.nseindia.com/corporate/xbrl/SHP_1692479_14072026055631_WEB.xml","14-JUL-2026 17:56:37","14-JUL-2026 17:56:40","00:00:03"
"Meesho Limited","16.41","83.59","0","Revised","30-JUN-2026","14-JUL-2026","14-AUG-2026","https://nsearchives.nseindia.com/corporate/xbrl/SHP_1714225_14082026110947_WEB.xml","14-AUG-2026 15:20:20","14-AUG-2026 15:20:25","00:00:05"
"Birla Corporation Limited","62.9","37.1","0","-","30-JUN-2026","14-JUL-2026",,"https://nsearchives.nseindia.com/corporate/xbrl/SHP_1692442_14072026053714_WEB.xml","14-JUL-2026 17:37:18","14-JUL-2026 17:37:23","00:00:05"
"Apar Industries Limited","57.76","42.24","0","-","30-JUN-2026","14-JUL-2026",,"https://nsearchives.nseindia.com/corporate/xbrl/SHP_1692435_14072026053431_WEB.xml","14-JUL-2026 17:34:40","14-JUL-2026 17:34:44","00:00:04"
"Ganesh Benzoplast Limited","39.02","60.98","0","-","30-JUN-2026","14-JUL-2026",,"https://nsearchives.nseindia.com/corporate/xbrl/SHP_1692434_14072026053251_WEB.xml","14-JUL-2026 17:32:57","14-JUL-2026 17:33:01","00:00:04"
"Kajaria Ceramics Limited","47.69","52.31","0","-","30-JUN-2026","14-JUL-2026",,"https://nsearchives.nseindia.com/corporate/xbrl/SHP_1692431_14072026052918_WEB.xml","14-JUL-2026 17:29:22","14-JUL-2026 17:29:26","00:00:04"
"Gujarat Apollo Industries Limited","47.3","52.7","0","-","30-JUN-2026","14-JUL-2026",,"https://nsearchives.nseindia.com/corporate/xbrl/SHP_1692423_14072026052620_WEB.xml","14-JUL-2026 17:26:24","14-JUL-2026 17:26:28","00:00:04"
"ROUTE MOBILE LIMITED","74.85","25.15","0","-","30-JUN-2026","14-JUL-2026",,"https://nsearchives.nseindia.com/corporate/xbrl/SHP_1692422_14072026052559_WEB.xml","14-JUL-2026 17:26:04","14-JUL-2026 17:26:09","00:00:05"
"Meghmani Organics Limited","48.95","51.05","0","-","30-JUN-2026","14-JUL-2026",,"https://nsearchives.nseindia.com/corporate/xbrl/SHP_1692415_14072026052341_WEB.xml","14-JUL-2026 17:23:46","14-JUL-2026 17:23:54","00:00:08"
"Avenue Supermarts Limited","74.48","25.52","0","-","30-JUN-2026","14-JUL-2026",,"https://nsearchives.nseindia.com/corporate/xbrl/SHP_1692414_14072026052337_WEB.xml","14-JUL-2026 17:23:43","14-JUL-2026 17:23:48","00:00:05"
"Ethos Limited","50.59","49.41","0","-","30-JUN-2026","14-JUL-2026",,"https://nsearchives.nseindia.com/corporate/xbrl/SHP_1692411_14072026052145_WEB.xml","14-JUL-2026 17:21:49","14-JUL-2026 17:21:53","00:00:04"
"Rajshree Sugars & Chemicals Limited","40.72","59.28","0","-","30-JUN-2026","14-JUL-2026",,"https://nsearchives.nseindia.com/corporate/xbrl/SHP_1692393_14072026051524_WEB.xml","14-JUL-2026 17:15:29","14-JUL-2026 17:15:33","00:00:04"
"Network People Services Technologies Limited","60.48","39.52","0","-","30-JUN-2026","14-JUL-2026",,"https://nsearchives.nseindia.com/corporate/xbrl/SHP_1692391_14072026051408_WEB.xml","14-JUL-2026 17:14:12","14-JUL-2026 17:14:16","00:00:04"
"Unichem Laboratories Limited","70.22","29.78","0","-","30-JUN-2026","14-JUL-2026",,"https://nsearchives.nseindia.com/corporate/xbrl/SHP_1692369_14072026050227_WEB.xml","14-JUL-2026 17:02:34","14-JUL-2026 17:02:37","00:00:03"
"AWL Agri Business Limited","56.94","42.46","0.6","-","30-JUN-2026","14-JUL-2026",,"https://nsearchives.nseindia.com/corporate/xbrl/SHP_1692368_14072026050220_WEB.xml","14-JUL-2026 17:02:24","14-JUL-2026 17:02:29","00:00:05"
"GHCL Textiles Limited","19.2","80.8","0","-","30-JUN-2026","14-JUL-2026",,"https://nsearchives.nseindia.com/corporate/xbrl/SHP_1692364_14072026050030_WEB.xml","14-JUL-2026 17:00:38","14-JUL-2026 17:00:42","00:00:04"
"Garden Reach Shipbuilders & Engineers Limited","74.5","25.5","0","-","30-JUN-2026","14-JUL-2026",,"https://nsearchives.nseindia.com/corporate/xbrl/SHP_1692347_14072026045422_WEB.xml","14-JUL-2026 16:54:26","14-JUL-2026 16:54:31","00:00:05"
"Indo Rama Synthetics (India) Limited","74.84","25.16","0","-","30-JUN-2026","14-JUL-2026",,"https://nsearchives.nseindia.com/corporate/xbrl/SHP_1692319_14072026044155_WEB.xml","14-JUL-2026 16:42:04","14-JUL-2026 16:42:08","00:00:04"
"Trent Limited","37.01","62.99","0","-","30-JUN-2026","14-JUL-2026",,"https://nsearchives.nseindia.com/corporate/xbrl/SHP_1692317_14072026044019_WEB.xml","14-JUL-2026 16:40:28","14-JUL-2026 16:40:32","00:00:04"
"H.G. Infra Engineering Limited","71.78","28.22","0","-","30-JUN-2026","14-JUL-2026",,"https://nsearchives.nseindia.com/corporate/xbrl/SHP_1692313_14072026043710_WEB.xml","14-JUL-2026 16:37:16","14-JUL-2026 16:37:19","00:00:03"
"Gujarat Lease Financing Limited","45.67","54.33","0","-","30-JUN-2026","14-JUL-2026",,"https://nsearchives.nseindia.com/corporate/xbrl/SHP_1692300_14072026043113_WEB.xml","14-JUL-2026 16:31:18","14-JUL-2026 16:31:22","00:00:04"
"HDFC Asset Management Company Limited","52.34","47.66","0","-","30-JUN-2026","14-JUL-2026",,"https://nsearchives.nseindia.com/corporate/xbrl/SHP_1692291_14072026042623_WEB.xml","14-JUL-2026 16:26:28","14-JUL-2026 16:26:33","00:00:05"
"PNB Gilts Limited","74.07","25.93","0","-","30-JUN-2026","14-JUL-2026",,"https://nsearchives.nseindia.com/corporate/xbrl/SHP_1692272_14072026041958_WEB.xml","14-JUL-2026 16:20:03","14-JUL-2026 16:20:10","00:00:07"
"Artemis Electricals and Projects Limited","72.45","27.55","0","-","30-JUN-2026","14-JUL-2026",,"https://nsearchives.nseindia.com/corporate/xbrl/SHP_1692262_14072026041306_WEB.xml","14-JUL-2026 16:13:10","14-JUL-2026 16:13:14","00:00:04"
"Khaitan Chemicals & Fertilizers Limited","72.65","27.35","0","-","30-JUN-2026","14-JUL-2026",,"https://nsearchives.nseindia.com/corporate/xbrl/SHP_1692261_14072026041258_WEB.xml","14-JUL-2026 16:13:03","14-JUL-2026 16:13:06","00:00:03"
"Rainbow Childrens Medicare Limited","49.84","49.98","0.18","-","30-JUN-2026","14-JUL-2026",,"https://nsearchives.nseindia.com/corporate/xbrl/SHP_1692259_14072026041239_WEB.xml","14-JUL-2026 16:12:44","14-JUL-2026 16:12:49","00:00:05"
"Kernex Microsystems (India) Limited","28.73","71.27","0","-","30-JUN-2026","14-JUL-2026",,"https://nsearchives.nseindia.com/corporate/xbrl/SHP_1692254_14072026041024_WEB.xml","14-JUL-2026 16:10:29","14-JUL-2026 16:10:33","00:00:04"
"Magnum Ventures Limited","55.21","44.79","0","-","30-JUN-2026","14-JUL-2026",,"https://nsearchives.nseindia.com/corporate/xbrl/SHP_1692248_14072026040914_WEB.xml","14-JUL-2026 16:09:16","14-JUL-2026 16:09:20","00:00:04"
"Hindustan Zinc Limited","60.71","39.29","0","-","30-JUN-2026","14-JUL-2026",,"https://nsearchives.nseindia.com/corporate/xbrl/SHP_1692245_14072026040904_WEB.xml","14-JUL-2026 16:09:09","14-JUL-2026 16:09:13","00:00:04"
"India Glycols Limited","59.63","40.37","0","-","30-JUN-2026","14-JUL-2026",,"https://nsearchives.nseindia.com/corporate/xbrl/SHP_1692242_14072026040814_WEB.xml","14-JUL-2026 16:08:19","14-JUL-2026 16:08:23","00:00:04"
"TruCap Finance Limited","30.96","69.04","0","-","30-JUN-2026","14-JUL-2026",,"https://nsearchives.nseindia.com/corporate/xbrl/SHP_1692227_14072026035708_WEB.xml","14-JUL-2026 15:57:13","14-JUL-2026 15:57:17","00:00:04"
"Bharat Rasayan Limited","74.99","25.01","0","-","30-JUN-2026","14-JUL-2026",,"https://nsearchives.nseindia.com/corporate/xbrl/SHP_1692222_14072026035358_WEB.xml","14-JUL-2026 15:54:03","14-JUL-2026 15:54:08","00:00:05"
"India Pesticides Limited","63.65","36.35","0","-","30-JUN-2026","14-JUL-2026",,"https://nsearchives.nseindia.com/corporate/xbrl/SHP_1692213_14072026035051_WEB.xml","14-JUL-2026 15:50:56","14-JUL-2026 15:50:59","00:00:03"
"GP Petroleums Limited","37.05","62.95","0","-","30-JUN-2026","14-JUL-2026",,"https://nsearchives.nseindia.com/corporate/xbrl/SHP_1692208_14072026034653_WEB.xml","14-JUL-2026 15:46:58","14-JUL-2026 15:47:03","00:00:05"
"Digitide Solutions Limited","57.33","42.67","0","-","30-JUN-2026","14-JUL-2026",,"https://nsearchives.nseindia.com/corporate/xbrl/SHP_1692207_14072026034439_WEB.xml","14-JUL-2026 15:44:46","14-JUL-2026 15:44:50","00:00:04"
"Engineers India Limited","51.32","48.68","0","-","30-JUN-2026","14-JUL-2026",,"https://nsearchives.nseindia.com/corporate/xbrl/SHP_1692204_14072026033843_WEB.xml","14-JUL-2026 15:38:48","14-JUL-2026 15:38:53","00:00:05"
"Pennar Industries Limited","39.67","60.33","0","-","30-JUN-2026","14-JUL-2026",,"https://nsearchives.nseindia.com/corporate/xbrl/SHP_1692201_14072026033738_WEB.xml","14-JUL-2026 15:37:41","14-JUL-2026 15:37:45","00:00:04"
"Affle 3i Limited","54.91","44.97","0.12","-","30-JUN-2026","14-JUL-2026",,"https://nsearchives.nseindia.com/corporate/xbrl/SHP_1692195_14072026033428_WEB.xml","14-JUL-2026 15:34:33","14-JUL-2026 15:34:38","00:00:05"
"Niraj Ispat Industries Limited","74.44","25.56","0","-","30-JUN-2026","14-JUL-2026",,"https://nsearchives.nseindia.com/corporate/xbrl/SHP_1692192_14072026033352_WEB.xml","14-JUL-2026 15:33:56","14-JUL-2026 15:34:00","00:00:04"
"Jamna Auto Industries Limited","49.84","50.16","0","-","30-JUN-2026","14-JUL-2026",,"https://nsearchives.nseindia.com/corporate/xbrl/SHP_1692183_14072026032721_WEB.xml","14-JUL-2026 15:27:28","14-JUL-2026 15:27:32","00:00:04"
"Omax Autos Limited","54.63","45.37","0","-","30-JUN-2026","14-JUL-2026",,"https://nsearchives.nseindia.com/corporate/xbrl/SHP_1692171_14072026031916_WEB.xml","14-JUL-2026 15:19:22","14-JUL-2026 15:19:26","00:00:04"
"Jet Freight Logistics Limited","50.92","49.08","0","-","30-JUN-2026","14-JUL-2026",,"https://nsearchives.nseindia.com/corporate/xbrl/SHP_1692168_14072026031848_WEB.xml","14-JUL-2026 15:18:51","14-JUL-2026 15:18:56","00:00:05"
"Spectrum Electrical Industries Limited","72.72","27.28","0","-","30-JUN-2026","14-JUL-2026",,"https://nsearchives.nseindia.com/corporate/xbrl/SHP_1692165_14072026031752_WEB.xml","14-JUL-2026 15:17:57","14-JUL-2026 15:18:00","00:00:03"
"SRF Limited","50.26","49.73","0.01","-","30-JUN-2026","14-JUL-2026",,"https://nsearchives.nseindia.com/corporate/xbrl/SHP_1692164_14072026031700_WEB.xml","14-JUL-2026 15:17:05","14-JUL-2026 15:17:09","00:00:04"
"Suzlon Energy Limited","11.71","88.29","0","-","30-JUN-2026","14-JUL-2026",,"https://nsearchives.nseindia.com/corporate/xbrl/SHP_1692158_14072026031256_WEB.xml","14-JUL-2026 15:13:02","14-JUL-2026 15:13:05","00:00:03"
"Century Extrusions Limited","52.04","47.96","0","-","30-JUN-2026","14-JUL-2026",,"https://nsearchives.nseindia.com/corporate/xbrl/SHP_1692157_14072026031112_WEB.xml","14-JUL-2026 15:11:17","14-JUL-2026 15:11:20","00:00:03"
"Saurashtra Cement Limited","66.62","33.38","0","-","30-JUN-2026","14-JUL-2026",,"https://nsearchives.nseindia.com/corporate/xbrl/SHP_1692156_14072026031037_WEB.xml","14-JUL-2026 15:10:45","14-JUL-2026 15:10:50","00:00:05"
"Lambodhara Textiles Limited","73.17","26.83","0","-","30-JUN-2026","14-JUL-2026",,"https://nsearchives.nseindia.com/corporate/xbrl/SHP_1692151_14072026030709_WEB.xml","14-JUL-2026 15:07:13","14-JUL-2026 15:07:18","00:00:05"
"AGI Greenpac Limited","60.39","39.61","0","-","30-JUN-2026","14-JUL-2026",,"https://nsearchives.nseindia.com/corporate/xbrl/SHP_1692136_14072026025953_WEB.xml","14-JUL-2026 14:59:59","14-JUL-2026 15:00:03","00:00:04"
"Shemaroo Entertainment Limited","67.24","32.76","0","-","30-JUN-2026","14-JUL-2026",,"https://nsearchives.nseindia.com/corporate/xbrl/SHP_1692128_14072026025831_WEB.xml","14-JUL-2026 14:58:36","14-JUL-2026 14:58:40","00:00:04"
"Madhya Bharat Agro Products Limited","74.76","25.24","0","-","30-JUN-2026","14-JUL-2026",,"https://nsearchives.nseindia.com/corporate/xbrl/SHP_1692125_14072026025558_WEB.xml","14-JUL-2026 14:56:07","14-JUL-2026 14:56:11","00:00:04"
"Arkade Developers Limited","71.19","28.81","0","-","30-JUN-2026","14-JUL-2026",,"https://nsearchives.nseindia.com/corporate/xbrl/SHP_1692107_14072026024805_WEB.xml","14-JUL-2026 14:48:09","14-JUL-2026 14:48:13","00:00:04"
"Newgen Software Technologies Limited","53.45","45.81","0.74","-","30-JUN-2026","14-JUL-2026",,"https://nsearchives.nseindia.com/corporate/xbrl/SHP_1692103_14072026024433_WEB.xml","14-JUL-2026 14:44:37","14-JUL-2026 14:44:41","00:00:04"
"Ajanta Pharma Limited","63.48","36.52","0","-","30-JUN-2026","14-JUL-2026",,"https://nsearchives.nseindia.com/corporate/xbrl/SHP_1692098_14072026024314_WEB.xml","14-JUL-2026 14:43:20","14-JUL-2026 14:43:24","00:00:04"
"Dolphin Offshore Enterprises (India) Limited","74.99","25.01","0","-","30-JUN-2026","14-JUL-2026",,"https://nsearchives.nseindia.com/corporate/xbrl/SHP_1692089_14072026023543_WEB.xml","14-JUL-2026 14:35:47","14-JUL-2026 14:35:52","00:00:05"
"Amrutanjan Health Care Limited","46.52","53.45","0.04","-","30-JUN-2026","14-JUL-2026",,"https://nsearchives.nseindia.com/corporate/xbrl/SHP_1692085_14072026023258_WEB.xml","14-JUL-2026 14:33:04","14-JUL-2026 14:33:08","00:00:04"
"Happiest Minds Technologies Limited","44.21","54.55","1.24","-","30-JUN-2026","14-JUL-2026",,"https://nsearchives.nseindia.com/corporate/xbrl/SHP_1692079_14072026022630_WEB.xml","14-JUL-2026 14:26:34","14-JUL-2026 14:26:38","00:00:04"
"Eastern Silk Industries Limited","90","10","0","-","30-JUN-2026","14-JUL-2026",,"https://nsearchives.nseindia.com/corporate/xbrl/SHP_1692074_14072026022344_WEB.xml","14-JUL-2026 14:23:47","14-JUL-2026 14:23:52","00:00:05"
"Suratwwala Business Group Limited","73.39","26.61","0","-","30-JUN-2026","14-JUL-2026",,"https://nsearchives.nseindia.com/corporate/xbrl/SHP_1692073_14072026022344_WEB.xml","14-JUL-2026 14:23:48","14-JUL-2026 14:23:57","00:00:09"
"Sundaram Clayton Limited","59.09","40.91","0","-","30-JUN-2026","14-JUL-2026",,"https://nsearchives.nseindia.com/corporate/xbrl/SHP_1692072_14072026022308_WEB.xml","14-JUL-2026 14:23:14","14-JUL-2026 14:23:19","00:00:05"
"Vadilal Industries Limited","64.73","35.27","0","-","30-JUN-2026","14-JUL-2026",,"https://nsearchives.nseindia.com/corporate/xbrl/SHP_1692070_14072026022043_WEB.xml","14-JUL-2026 14:20:47","14-JUL-2026 14:20:52","00:00:05"
"Indian Hume Pipe Company Limited","72.34","27.66","0","-","30-JUN-2026","14-JUL-2026",,"https://nsearchives.nseindia.com/corporate/xbrl/SHP_1692065_14072026021757_WEB.xml","14-JUL-2026 14:18:03","14-JUL-2026 14:18:08","00:00:05"
"A B Infrabuild Limited","30.95","69.05","0","-","30-JUN-2026","14-JUL-2026",,"https://nsearchives.nseindia.com/corporate/xbrl/SHP_1692064_14072026021549_WEB.xml","14-JUL-2026 14:15:52","14-JUL-2026 14:15:56","00:00:04"
"Sanstar Limited","64.18","35.82","0","-","30-JUN-2026","14-JUL-2026",,"https://nsearchives.nseindia.com/corporate/xbrl/SHP_1692058_14072026020818_WEB.xml","14-JUL-2026 14:08:25","14-JUL-2026 14:08:30","00:00:05"
"Lorenzini Apparels Limited","56.17","43.83","0","Revised","30-JUN-2026","14-JUL-2026","07-SEP-2026","https://nsearchives.nseindia.com/corporate/xbrl/SHP_1722028_07092026015525_WEB.xml","08-SEP-2026 17:00:52","08-SEP-2026 17:00:57","00:00:05"
"Gangotri Textiles Limited","24.53","75.47","0","-","30-JUN-2026","14-JUL-2026",,"https://nsearchives.nseindia.com/corporate/xbrl/SHP_1692042_14072026012929_WEB.xml","14-JUL-2026 13:29:35","14-JUL-2026 13:29:38","00:00:03"
"Prataap Snacks Limited","56.77","43.23","0","-","30-JUN-2026","14-JUL-2026",,"https://nsearchives.nseindia.com/corporate/xbrl/SHP_1692036_14072026012416_WEB.xml","14-JUL-2026 13:24:19","14-JUL-2026 13:24:24","00:00:05"
"Grindwell Norton Limited","58.03","41.97","0","-","30-JUN-2026","14-JUL-2026",,"https://nsearchives.nseindia.com/corporate/xbrl/SHP_1692032_14072026012117_WEB.xml","14-JUL-2026 13:21:25","14-JUL-2026 13:21:29","00:00:04"
"Bhandari Hosiery Exports Limited","41.83","58.17","0","-","30-JUN-2026","14-JUL-2026",,"https://nsearchives.nseindia.com/corporate/xbrl/SHP_1692017_14072026010745_WEB.xml","14-JUL-2026 13:07:50","14-JUL-2026 13:07:54","00:00:04"
"Monarch Networth Capital Limited","53.83","46.12","0.05","-","30-JUN-2026","14-JUL-2026",,"https://nsearchives.nseindia.com/corporate/xbrl/SHP_1692012_14072026010609_WEB.xml","14-JUL-2026 13:06:15","14-JUL-2026 13:06:18","00:00:03"
"Mayur Uniquoters Ltd","58.77","41.23","0","-","30-JUN-2026","14-JUL-2026",,"https://nsearchives.nseindia.com/corporate/xbrl/SHP_1692009_14072026010454_WEB.xml","14-JUL-2026 13:04:58","14-JUL-2026 13:05:03","00:00:05"
"Minda Corporation Limited","64.84","33.6","1.56","-","30-JUN-2026","14-JUL-2026",,"https://nsearchives.nseindia.com/corporate/xbrl/SHP_1692006_14072026010427_WEB.xml","14-JUL-2026 13:04:35","14-JUL-2026 13:04:39","00:00:04"
"Narayana Hrudayalaya Ltd.","63.27","36.11","0.62","-","30-JUN-2026","14-JUL-2026",,"https://nsearchives.nseindia.com/corporate/xbrl/SHP_1692005_14072026010312_WEB.xml","14-JUL-2026 13:03:17","14-JUL-2026 13:03:22","00:00:05"
"Touchwood Entertainment Limited","62.89","37.11","0","-","30-JUN-2026","14-JUL-2026",,"https://nsearchives.nseindia.com/corporate/xbrl/SHP_1692003_14072026010054_WEB.xml","14-JUL-2026 13:00:56","14-JUL-2026 13:01:01","00:00:05"
"Superhouse Limited","54.88","45.12","0","-","30-JUN-2026","14-JUL-2026",,"https://nsearchives.nseindia.com/corporate/xbrl/SHP_1692000_14072026125830_WEB.xml","14-JUL-2026 12:58:35","14-JUL-2026 12:58:39","00:00:04"
"Pilani Investment and Industries Corporation Limited","58.68","41.32","0","-","30-JUN-2026","14-JUL-2026",,"https://nsearchives.nseindia.com/corporate/xbrl/SHP_1691992_14072026125215_WEB.xml","14-JUL-2026 12:52:19","14-JUL-2026 12:52:23","00:00:04"
"Lokesh Machines Limited","50.33","49.67","0","-","30-JUN-2026","14-JUL-2026",,"https://nsearchives.nseindia.com/corporate/xbrl/SHP_1691985_14072026124459_WEB.xml","14-JUL-2026 12:45:02","14-JUL-2026 12:45:08","00:00:06"
"Keynote Financial Services Limited","71.88","28.12","0","-","30-JUN-2026","14-JUL-2026",,"https://nsearchives.nseindia.com/corporate/xbrl/SHP_1691981_14072026124013_WEB.xml","14-JUL-2026 12:40:17","14-JUL-2026 12:40:23","00:00:06"
"Nagreeka Capital & Infrastructure Limited","53.53","46.47","0","-","30-JUN-2026","14-JUL-2026",,"https://nsearchives.nseindia.com/corporate/xbrl/SHP_1691980_14072026123840_WEB.xml","14-JUL-2026 12:38:44","14-JUL-2026 12:38:49","00:00:05"
"Sakthi Sugars Limited","59.83","40.17","0","-","30-JUN-2026","14-JUL-2026",,"https://nsearchives.nseindia.com/corporate/xbrl/SHP_1691974_14072026123431_WEB.xml","14-JUL-2026 12:34:37","14-JUL-2026 12:34:41","00:00:04"
"Ratnamani Metals & Tubes Limited","59.77","40.23","0","-","30-JUN-2026","14-JUL-2026",,"https://nsearchives.nseindia.com/corporate/xbrl/SHP_1691971_14072026123104_WEB.xml","14-JUL-2026 12:31:09","14-JUL-2026 12:31:13","00:00:04"
"Bharat Heavy Electricals Limited","58.17","41.83","0","-","30-JUN-2026","14-JUL-2026",,"https://nsearchives.nseindia.com/corporate/xbrl/SHP_1691969_14072026122912_WEB.xml","14-JUL-2026 12:29:19","14-JUL-2026 12:29:22","00:00:03"
"Sandhar Technologies Limited","70.38","29.62","0","-","30-JUN-2026","14-JUL-2026",,"https://nsearchives.nseindia.com/corporate/xbrl/SHP_1691966_14072026122520_WEB.xml","14-JUL-2026 12:25:25","14-JUL-2026 12:25:29","00:00:04"
"Kross Limited","68.57","31.43","0","-","30-JUN-2026","14-JUL-2026",,"https://nsearchives.nseindia.com/corporate/xbrl/SHP_1691965_14072026122304_WEB.xml","14-JUL-2026 12:23:08","14-JUL-2026 12:23:12","00:00:04"
"Stove Kraft Limited","55.79","44.21","0","-","30-JUN-2026","14-JUL-2026",,"https://nsearchives.nseindia.com/corporate/xbrl/SHP_1691962_14072026121916_WEB.xml","14-JUL-2026 12:19:20","14-JUL-2026 12:19:25","00:00:05"
"Sambhaav Media Limited","62.93","37.07","0","-","30-JUN-2026","14-JUL-2026",,"https://nsearchives.nseindia.com/corporate/xbrl/SHP_1691959_14072026121517_WEB.xml","14-JUL-2026 12:15:19","14-JUL-2026 12:15:24","00:00:05"
"Thangamayil Jewellery Limited","61.61","38.39","0","Revised","30-JUN-2026","14-JUL-2026","08-SEP-2026","https://nsearchives.nseindia.com/corporate/xbrl/SHP_1722606_08092026060713_WEB.xml","11-SEP-2026 12:13:21","11-SEP-2026 12:13:25","00:00:04"
"NIIT Learning Systems Limited","34.25","65.75","0","Revised","30-JUN-2026","14-JUL-2026","18-SEP-2026","https://nsearchives.nseindia.com/corporate/xbrl/SHP_1725593_18092026100744_WEB.xml","21-SEP-2026 16:32:29","21-SEP-2026 16:32:35","00:00:06"
"Satia Industries Limited","52.46","47.54","0","-","30-JUN-2026","14-JUL-2026",,"https://nsearchives.nseindia.com/corporate/xbrl/SHP_1691941_14072026115444_WEB.xml","14-JUL-2026 11:54:47","14-JUL-2026 11:54:52","00:00:05"
"GIC Housing Finance Limited","42.41","57.59","0","-","30-JUN-2026","14-JUL-2026",,"https://nsearchives.nseindia.com/corporate/xbrl/SHP_1691928_14072026113937_WEB.xml","14-JUL-2026 11:39:41","14-JUL-2026 11:39:46","00:00:05"
"Twamev Construction and Infrastructure Limited","83.05","16.95","0","-","30-JUN-2026","14-JUL-2026",,"https://nsearchives.nseindia.com/corporate/xbrl/SHP_1691919_14072026112911_WEB.xml","14-JUL-2026 11:29:15","14-JUL-2026 11:29:20","00:00:05"
"Indo Us Biotech Limited","68.29","31.71","0","-","30-JUN-2026","14-JUL-2026",,"https://nsearchives.nseindia.com/corporate/xbrl/SHP_1691915_14072026112613_WEB.xml","14-JUL-2026 11:26:17","14-JUL-2026 11:26:22","00:00:05"
"Finkurve Financial Services Limited","56.21","43.79","0","-","30-JUN-2026","14-JUL-2026",,"https://nsearchives.nseindia.com/corporate/xbrl/SHP_1691913_14072026112334_WEB.xml","14-JUL-2026 11:23:38","14-JUL-2026 11:23:43","00:00:05"
"AVG Logistics Limited","41.23","58.77","0","-","30-JUN-2026","14-JUL-2026",,"https://nsearchives.nseindia.com/corporate/xbrl/SHP_1691898_14072026105921_WEB.xml","14-JUL-2026 10:59:30","14-JUL-2026 10:59:35","00:00:05"
"West Coast Paper Mills Limited","56.58","43.42","0","-","30-JUN-2026","14-JUL-2026",,"https://nsearchives.nseindia.com/corporate/xbrl/SHP_1691887_14072026104245_WEB.xml","14-JUL-2026 10:42:51","14-JUL-2026 10:42:55","00:00:04"
"Juniper Hotels Limited","77.53","22.47","0","-","30-JUN-2026","14-JUL-2026",,"https://nsearchives.nseindia.com/corporate/xbrl/SHP_1691877_14072026101741_WEB.xml","14-JUL-2026 10:17:44","14-JUL-2026 10:17:48","00:00:04"
"Jocil Limited","55.02","44.98","0","-","30-JUN-2026","14-JUL-2026",,"https://nsearchives.nseindia.com/corporate/xbrl/SHP_1691870_14072026100644_WEB.xml","14-JUL-2026 10:06:51","14-JUL-2026 10:06:55","00:00:04"
"Steelcast Limited","45","55","0","-","30-JUN-2026","13-JUL-2026",,"https://nsearchives.nseindia.com/corporate/xbrl/SHP_1691111_13072026085328_WEB.xml","13-JUL-2026 08:53:38","13-JUL-2026 08:53:43","00:00:05"
"Rane Holdings Limited","46.63","53.37","0","-","30-JUN-2026","13-JUL-2026",,"https://nsearchives.nseindia.com/corporate/xbrl/SHP_1691851_13072026105310_WEB.xml","13-JUL-2026 22:53:13","13-JUL-2026 22:53:17","00:00:04"
"The Phoenix Mills Limited","47.25","52.75","0","-","30-JUN-2026","13-JUL-2026",,"https://nsearchives.nseindia.com/corporate/xbrl/SHP_1691843_13072026101540_WEB.xml","13-JUL-2026 22:15:49","13-JUL-2026 22:15:54","00:00:05"
"Motilal Oswal Financial Services Limited","67.2","32.8","0","-","30-JUN-2026","13-JUL-2026",,"https://nsearchives.nseindia.com/corporate/xbrl/SHP_1691818_13072026085847_WEB.xml","13-JUL-2026 20:58:53","13-JUL-2026 20:58:58","00:00:05"
"Maral Overseas Limited","74.95","25.05","0","-","30-JUN-2026","13-JUL-2026",,"https://nsearchives.nseindia.com/corporate/xbrl/SHP_1691801_13072026075550_WEB.xml","13-JUL-2026 19:55:59","13-JUL-2026 19:56:04","00:00:05"
"KRN Heat Exchanger and Refrigeration Limited","65.69","34.31","0","-","30-JUN-2026","13-JUL-2026",,"https://nsearchives.nseindia.com/corporate/xbrl/SHP_1691771_13072026071632_WEB.xml","13-JUL-2026 19:16:38","13-JUL-2026 19:16:42","00:00:04"
"Arvind SmartSpaces Limited","53.83","46.17","0","-","30-JUN-2026","13-JUL-2026",,"https://nsearchives.nseindia.com/corporate/xbrl/SHP_1691757_13072026070037_WEB.xml","13-JUL-2026 19:00:45","13-JUL-2026 19:00:49","00:00:04"
"Cheviot Company Limited","74.88","25.12","0","-","30-JUN-2026","13-JUL-2026",,"https://nsearchives.nseindia.com/corporate/xbrl/SHP_1691755_13072026065908_WEB.xml","13-JUL-2026 18:59:14","13-JUL-2026 18:59:19","00:00:05"
"Gammon India Limited","11.54","88.46","0","Revised","30-JUN-2026","13-JUL-2026","16-SEP-2026","https://nsearchives.nseindia.com/corporate/xbrl/SHP_1724690_16092026054354_WEB.xml","18-SEP-2026 11:08:05","18-SEP-2026 11:08:10","00:00:05"
"Wakefit Innovations Limited","36.88","63.12","0","-","30-JUN-2026","13-JUL-2026",,"https://nsearchives.nseindia.com/corporate/xbrl/SHP_1691728_13072026064253_WEB.xml","13-JUL-2026 18:42:58","13-JUL-2026 18:43:03","00:00:05"
"Oberoi Realty Limited","67.7","32.3","0","-","30-JUN-2026","13-JUL-2026",,"https://nsearchives.nseindia.com/corporate/xbrl/SHP_1691716_13072026063733_WEB.xml","13-JUL-2026 18:37:38","13-JUL-2026 18:37:42","00:00:04"
"Genesys International Corporation Limited","31.5","68.5","0","-","30-JUN-2026","13-JUL-2026",,"https://nsearchives.nseindia.com/corporate/xbrl/SHP_1691705_13072026063219_WEB.xml","13-JUL-2026 18:32:22","13-JUL-2026 18:32:27","00:00:05"
"CCL Products (India) Limited","46.14","53.71","0.15","-","30-JUN-2026","13-JUL-2026",,"https://nsearchives.nseindia.com/corporate/xbrl/SHP_1691699_13072026062725_WEB.xml","13-JUL-2026 18:27:29","13-JUL-2026 18:27:33","00:00:04"
"Havells India Limited","59.35","40.65","0","-","30-JUN-2026","13-JUL-2026",,"https://nsearchives.nseindia.com/corporate/xbrl/SHP_1691690_13072026062157_WEB.xml","13-JUL-2026 18:22:04","13-JUL-2026 18:22:08","00:00:04"
"Concord Enviro Systems Limited","51.43","48.57","0","-","30-JUN-2026","13-JUL-2026",,"https://nsearchives.nseindia.com/corporate/xbrl/SHP_1691689_13072026062108_WEB.xml","13-JUL-2026 18:21:14","13-JUL-2026 18:21:19","00:00:05"
"Axis Bank Limited","7.87","92.13","0","-","30-JUN-2026","13-JUL-2026",,"https://nsearchives.nseindia.com/corporate/xbrl/SHP_1691686_13072026062029_WEB.xml","13-JUL-2026 18:20:34","13-JUL-2026 18:20:39","00:00:05"
"Gokul Refoils and Solvent Limited","73.6","26.4","0","-","30-JUN-2026","13-JUL-2026",,"https://nsearchives.nseindia.com/corporate/xbrl/SHP_1691672_13072026061158_WEB.xml","13-JUL-2026 18:12:03","13-JUL-2026 18:12:07","00:00:04"
"Yasho Industries Limited","67.91","32.09","0","Revised","30-JUN-2026","13-JUL-2026","04-AUG-2026","https://nsearchives.nseindia.com/corporate/xbrl/SHP_1707719_04082026054312_WEB.xml","06-AUG-2026 12:42:07","06-AUG-2026 12:42:11","00:00:04"
"Alankit Limited","54.15","45.85","0","-","30-JUN-2026","13-JUL-2026",,"https://nsearchives.nseindia.com/corporate/xbrl/SHP_1691666_13072026060703_WEB.xml","13-JUL-2026 18:07:09","13-JUL-2026 18:07:13","00:00:04"
"Gyftr Limited","50.08","49.92","0","-","30-JUN-2026","13-JUL-2026",,"https://nsearchives.nseindia.com/corporate/xbrl/SHP_1691665_13072026060553_WEB.xml","13-JUL-2026 18:06:00","13-JUL-2026 18:06:04","00:00:04"
"Anik Industries Limited","37.14","62.86","0","-","30-JUN-2026","13-JUL-2026",,"https://nsearchives.nseindia.com/corporate/xbrl/SHP_1691659_13072026060330_WEB.xml","13-JUL-2026 18:03:36","13-JUL-2026 18:03:41","00:00:05"
"Mangal Credit and Fincorp Limited","55.25","44.75","0","-","30-JUN-2026","13-JUL-2026",,"https://nsearchives.nseindia.com/corporate/xbrl/SHP_1691656_13072026060102_WEB.xml","13-JUL-2026 18:01:07","13-JUL-2026 18:01:11","00:00:04"
"HLE Glascoat Limited","65.64","34.36","0","-","30-JUN-2026","13-JUL-2026",,"https://nsearchives.nseindia.com/corporate/xbrl/SHP_1691654_13072026055947_WEB.xml","13-JUL-2026 17:59:51","13-JUL-2026 17:59:55","00:00:04"
"KDDL Limited","50.14","49.86","0","-","30-JUN-2026","13-JUL-2026",,"https://nsearchives.nseindia.com/corporate/xbrl/SHP_1691651_13072026055857_WEB.xml","13-JUL-2026 17:59:04","13-JUL-2026 17:59:08","00:00:04"
"Shivalik Rasayan Limited","47.37","52.63","0","-","30-JUN-2026","13-JUL-2026",,"https://nsearchives.nseindia.com/corporate/xbrl/SHP_1691646_13072026055637_WEB.xml","13-JUL-2026 17:56:42","13-JUL-2026 17:56:47","00:00:05"
"Laxmi Cotspin Limited","58.63","41.37","0","-","30-JUN-2026","13-JUL-2026",,"https://nsearchives.nseindia.com/corporate/xbrl/SHP_1691610_13072026053954_WEB.xml","13-JUL-2026 17:39:59","13-JUL-2026 17:40:03","00:00:04"
"Imagicaaworld Entertainment Limited","74.02","25.98","0","-","30-JUN-2026","13-JUL-2026",,"https://nsearchives.nseindia.com/corporate/xbrl/SHP_1691609_13072026053941_WEB.xml","13-JUL-2026 17:39:46","13-JUL-2026 17:39:51","00:00:05"
"Dev Information Technology Limited","41.58","58.42","0","-","30-JUN-2026","13-JUL-2026",,"https://nsearchives.nseindia.com/corporate/xbrl/SHP_1691608_13072026053924_WEB.xml","13-JUL-2026 17:39:29","13-JUL-2026 17:39:34","00:00:05"
"Sagar Cements Limited","48.33","51.67","0","-","30-JUN-2026","13-JUL-2026",,"https://nsearchives.nseindia.com/corporate/xbrl/SHP_1691593_13072026052845_WEB.xml","13-JUL-2026 17:28:49","13-JUL-2026 17:28:53","00:00:04"
"Morepen Laboratories Limited","35.65","64.35","0","-","30-JUN-2026","13-JUL-2026",,"https://nsearchives.nseindia.com/corporate/xbrl/SHP_1691578_13072026052444_WEB.xml","13-JUL-2026 17:24:48","13-JUL-2026 17:24:53","00:00:05"
"Suraj Limited","75","25","0","-","30-JUN-2026","13-JUL-2026",,"https://nsearchives.nseindia.com/corporate/xbrl/SHP_1691574_13072026052255_WEB.xml","13-JUL-2026 17:22:58","13-JUL-2026 17:23:02","00:00:04"
"TTK Prestige Limited","70.52","29.48","0","-","30-JUN-2026","13-JUL-2026",,"https://nsearchives.nseindia.com/corporate/xbrl/SHP_1691570_13072026052036_WEB.xml","13-JUL-2026 17:20:41","13-JUL-2026 17:20:44","00:00:03"
"Alivus Life Sciences Limited","74.87","25.13","0","-","30-JUN-2026","13-JUL-2026",,"https://nsearchives.nseindia.com/corporate/xbrl/SHP_1691569_13072026052027_WEB.xml","13-JUL-2026 17:20:32","13-JUL-2026 17:20:36","00:00:04"
"Coastal Corporation Limited","42.3","57.7","0","-","30-JUN-2026","13-JUL-2026",,"https://nsearchives.nseindia.com/corporate/xbrl/SHP_1691560_13072026051548_WEB.xml","13-JUL-2026 17:15:53","13-JUL-2026 17:15:57","00:00:04"
"Bharat Coking Coal Limited","90","10","0","-","30-JUN-2026","13-JUL-2026",,"https://nsearchives.nseindia.com/corporate/xbrl/SHP_1691555_13072026051249_WEB.xml","13-JUL-2026 17:12:54","13-JUL-2026 17:13:03","00:00:09"
"Aether Industries Limited","74.93","25.07","0","-","30-JUN-2026","13-JUL-2026",,"https://nsearchives.nseindia.com/corporate/xbrl/SHP_1691554_13072026051246_WEB.xml","13-JUL-2026 17:12:53","13-JUL-2026 17:12:58","00:00:05"
"Kothari Products Limited","74.99","25.01","0","-","30-JUN-2026","13-JUL-2026",,"https://nsearchives.nseindia.com/corporate/xbrl/SHP_1691548_13072026051209_WEB.xml","13-JUL-2026 17:12:13","13-JUL-2026 17:12:18","00:00:05"
"Indian Overseas Bank","92.44","7.56","0","-","30-JUN-2026","13-JUL-2026",,"https://nsearchives.nseindia.com/corporate/xbrl/SHP_1691544_13072026051036_WEB.xml","13-JUL-2026 17:10:41","13-JUL-2026 17:10:46","00:00:05"
"Lords Chloro Alkali Limited","74.97","25.03","0","-","30-JUN-2026","13-JUL-2026",,"https://nsearchives.nseindia.com/corporate/xbrl/SHP_1691537_13072026050543_WEB.xml","13-JUL-2026 17:05:48","13-JUL-2026 17:05:52","00:00:04"
"TGB Banquets And Hotels Limited","31.23","68.77","0","-","30-JUN-2026","13-JUL-2026",,"https://nsearchives.nseindia.com/corporate/xbrl/SHP_1691527_13072026050334_WEB.xml","13-JUL-2026 17:03:39","13-JUL-2026 17:03:43","00:00:04"
"Varun Beverages Limited","59.43","40.57","0","-","30-JUN-2026","13-JUL-2026",,"https://nsearchives.nseindia.com/corporate/xbrl/SHP_1691526_13072026050325_WEB.xml","13-JUL-2026 17:03:33","13-JUL-2026 17:03:38","00:00:05"
"Railtel Corporation Of India Limited","72.84","27.16","0","-","30-JUN-2026","13-JUL-2026",,"https://nsearchives.nseindia.com/corporate/xbrl/SHP_1691522_13072026045935_WEB.xml","13-JUL-2026 16:59:40","13-JUL-2026 16:59:44","00:00:04"
"A B Cotspin India Limited","52.5","47.5","0","-","30-JUN-2026","13-JUL-2026",,"https://nsearchives.nseindia.com/corporate/xbrl/SHP_1691520_13072026045912_WEB.xml","13-JUL-2026 16:59:17","13-JUL-2026 16:59:21","00:00:04"
"Atlanta Electricals Limited","87.27","12.73","0","Revised","30-JUN-2026","13-JUL-2026","28-JUL-2026","https://nsearchives.nseindia.com/corporate/xbrl/SHP_1702639_28072026113716_WEB.xml","25-AUG-2026 13:11:53","25-AUG-2026 13:11:58","00:00:05"
"Mirza International Limited","72.99","27.01","0","-","30-JUN-2026","13-JUL-2026",,"https://nsearchives.nseindia.com/corporate/xbrl/SHP_1691507_13072026045330_WEB.xml","13-JUL-2026 16:53:35","13-JUL-2026 16:53:41","00:00:06"
"RBZ Jewellers Limited","75","25","0","-","30-JUN-2026","13-JUL-2026",,"https://nsearchives.nseindia.com/corporate/xbrl/SHP_1691504_13072026045319_WEB.xml","13-JUL-2026 16:53:22","13-JUL-2026 16:53:26","00:00:04"
"Bharat Electronics Limited","51.14","48.86","0","-","30-JUN-2026","13-JUL-2026",,"https://nsearchives.nseindia.com/corporate/xbrl/SHP_1691499_13072026045050_WEB.xml","13-JUL-2026 16:50:55","13-JUL-2026 16:51:00","00:00:05"
"VARVEE GLOBAL LIMITED","65.63","34.37","0","-","30-JUN-2026","13-JUL-2026",,"https://nsearchives.nseindia.com/corporate/xbrl/SHP_1691498_13072026044926_WEB.xml","13-JUL-2026 16:49:32","13-JUL-2026 16:49:36","00:00:04"
"S.A.L. Steel Limited","70.98","29.02","0","-","30-JUN-2026","13-JUL-2026",,"https://nsearchives.nseindia.com/corporate/xbrl/SHP_1691495_13072026044351_WEB.xml","13-JUL-2026 16:43:54","13-JUL-2026 16:43:58","00:00:04"
"RMC Switchgears Limited","51.97","48.03","0","-","30-JUN-2026","13-JUL-2026",,"https://nsearchives.nseindia.com/corporate/xbrl/SHP_1691491_13072026044114_WEB.xml","13-JUL-2026 16:41:18","13-JUL-2026 16:41:22","00:00:04"
"Ravinder Heights Limited","74.74","25.26","0","-","30-JUN-2026","13-JUL-2026",,"https://nsearchives.nseindia.com/corporate/xbrl/SHP_1691475_13072026043226_WEB.xml","13-JUL-2026 16:32:30","13-JUL-2026 16:32:35","00:00:05"
"Galaxy Surfactants Limited","70.9","29.1","0","-","30-JUN-2026","13-JUL-2026",,"https://nsearchives.nseindia.com/corporate/xbrl/SHP_1691471_13072026043056_WEB.xml","13-JUL-2026 16:31:03","13-JUL-2026 16:31:07","00:00:04"
"Lincoln Pharmaceuticals Limited","49.78","50.22","0","-","30-JUN-2026","13-JUL-2026",,"https://nsearchives.nseindia.com/corporate/xbrl/SHP_1691470_13072026043023_WEB.xml","13-JUL-2026 16:30:28","13-JUL-2026 16:30:33","00:00:05"
"Banco Products (I) Limited","67.88","32.12","0","-","30-JUN-2026","13-JUL-2026",,"https://nsearchives.nseindia.com/corporate/xbrl/SHP_1691468_13072026042910_WEB.xml","13-JUL-2026 16:29:18","13-JUL-2026 16:29:22","00:00:04"
"Mahanagar Telephone Nigam Limited","56.25","43.75","0","-","30-JUN-2026","13-JUL-2026",,"https://nsearchives.nseindia.com/corporate/xbrl/SHP_1691466_13072026042802_WEB.xml","13-JUL-2026 16:28:09","13-JUL-2026 16:28:13","00:00:04"
"Fineotex Chemical Limited","62.3","37.7","0","-","30-JUN-2026","13-JUL-2026",,"https://nsearchives.nseindia.com/corporate/xbrl/SHP_1691460_13072026042551_WEB.xml","13-JUL-2026 16:25:57","13-JUL-2026 16:26:02","00:00:05"
"Geekay Wires Limited","60.47","39.53","0","-","30-JUN-2026","13-JUL-2026",,"https://nsearchives.nseindia.com/corporate/xbrl/SHP_1691456_13072026042500_WEB.xml","13-JUL-2026 16:25:04","13-JUL-2026 16:25:08","00:00:04"
"Shalimar Paints Limited","74.96","25.04","0","-","30-JUN-2026","13-JUL-2026",,"https://nsearchives.nseindia.com/corporate/xbrl/SHP_1691447_13072026041932_WEB.xml","13-JUL-2026 16:19:39","13-JUL-2026 16:19:45","00:00:06"
"INOX India Limited","74.86","25.14","0","-","30-JUN-2026","13-JUL-2026",,"https://nsearchives.nseindia.com/corporate/xbrl/SHP_1691439_13072026041636_WEB.xml","13-JUL-2026 16:16:41","13-JUL-2026 16:16:45","00:00:04"
"Rishabh Instruments Limited","69.4","30.6","0","-","30-JUN-2026","13-JUL-2026",,"https://nsearchives.nseindia.com/corporate/xbrl/SHP_1691433_13072026040913_WEB.xml","13-JUL-2026 16:09:17","13-JUL-2026 16:09:21","00:00:04"
"Jagsonpal Pharmaceuticals Limited","69.05","30.95","0","-","30-JUN-2026","13-JUL-2026",,"https://nsearchives.nseindia.com/corporate/xbrl/SHP_1691431_13072026040836_WEB.xml","13-JUL-2026 16:08:41","13-JUL-2026 16:08:46","00:00:05"
"N. B. I. Industrial Finance Company Limited","74.17","25.83","0","-","30-JUN-2026","13-JUL-2026",,"https://nsearchives.nseindia.com/corporate/xbrl/SHP_1691427_13072026040602_WEB.xml","13-JUL-2026 16:06:06","13-JUL-2026 16:06:11","00:00:05"
"Global Vectra Helicorp Limited","75","25","0","-","30-JUN-2026","13-JUL-2026",,"https://nsearchives.nseindia.com/corporate/xbrl/SHP_1691426_13072026040456_WEB.xml","13-JUL-2026 16:05:02","13-JUL-2026 16:05:07","00:00:05"
"PSP Projects Limited","68.82","31.18","0","-","30-JUN-2026","13-JUL-2026",,"https://nsearchives.nseindia.com/corporate/xbrl/SHP_1691422_13072026040312_WEB.xml","13-JUL-2026 16:03:16","13-JUL-2026 16:03:20","00:00:04"
"Rubfila International Limited","58.47","41.53","0","-","30-JUN-2026","13-JUL-2026",,"https://nsearchives.nseindia.com/corporate/xbrl/SHP_1691419_13072026035915_WEB.xml","13-JUL-2026 15:59:20","13-JUL-2026 15:59:24","00:00:04"
"Dolat Algotech Limited","74.49","25.51","0","-","30-JUN-2026","13-JUL-2026",,"https://nsearchives.nseindia.com/corporate/xbrl/SHP_1691418_13072026035904_WEB.xml","13-JUL-2026 15:59:11","13-JUL-2026 15:59:15","00:00:04"
"Jaiprakash Power Ventures Limited","24","76","0","-","30-JUN-2026","13-JUL-2026",,"https://nsearchives.nseindia.com/corporate/xbrl/SHP_1691416_13072026035716_WEB.xml","13-JUL-2026 15:57:22","13-JUL-2026 15:57:27","00:00:05"
"Shilpa Medicare Limited","40.13","59.87","0","-","30-JUN-2026","13-JUL-2026",,"https://nsearchives.nseindia.com/corporate/xbrl/SHP_1691414_13072026035648_WEB.xml","13-JUL-2026 15:56:51","13-JUL-2026 15:56:56","00:00:05"
"Garuda Construction and Engineering Limited","67.56","32.44","0","-","30-JUN-2026","13-JUL-2026",,"https://nsearchives.nseindia.com/corporate/xbrl/SHP_1691390_13072026034816_WEB.xml","13-JUL-2026 15:48:20","13-JUL-2026 15:48:25","00:00:05"
"Cera Sanitaryware Limited","54.41","45.57","0.02","-","30-JUN-2026","13-JUL-2026",,"https://nsearchives.nseindia.com/corporate/xbrl/SHP_1691388_13072026034617_WEB.xml","13-JUL-2026 15:46:22","13-JUL-2026 15:46:25","00:00:03"
"Indo Tech Transformers Limited","72.18","27.82","0","-","30-JUN-2026","13-JUL-2026",,"https://nsearchives.nseindia.com/corporate/xbrl/SHP_1691384_13072026034210_WEB.xml","13-JUL-2026 15:42:15","13-JUL-2026 15:42:20","00:00:05"
"Accuracy Shipping Limited","63.69","36.31","0","-","30-JUN-2026","13-JUL-2026",,"https://nsearchives.nseindia.com/corporate/xbrl/SHP_1691381_13072026034033_WEB.xml","13-JUL-2026 15:40:41","13-JUL-2026 15:40:46","00:00:05"
"Gujarat Fluorochemicals Limited","61.39","38.61","0","-","30-JUN-2026","13-JUL-2026",,"https://nsearchives.nseindia.com/corporate/xbrl/SHP_1691380_13072026034028_WEB.xml","13-JUL-2026 15:40:33","13-JUL-2026 15:40:39","00:00:06"
"Electronics Mart India Limited","65.17","34.83","0","-","30-JUN-2026","13-JUL-2026",,"https://nsearchives.nseindia.com/corporate/xbrl/SHP_1691377_13072026034009_WEB.xml","13-JUL-2026 15:40:12","13-JUL-2026 15:40:17","00:00:05"
"HB Stockholdings Limited","53.22","46.78","0","-","30-JUN-2026","13-JUL-2026",,"https://nsearchives.nseindia.com/corporate/xbrl/SHP_1691375_13072026033932_WEB.xml","13-JUL-2026 15:39:37","13-JUL-2026 15:39:42","00:00:05"
"TIL Limited","61.3","38.7","0","-","30-JUN-2026","13-JUL-2026",,"https://nsearchives.nseindia.com/corporate/xbrl/SHP_1691352_13072026031537_WEB.xml","13-JUL-2026 15:15:44","13-JUL-2026 15:15:48","00:00:04"
"ABM International Limited","74.7","25.3","0","-","30-JUN-2026","13-JUL-2026",,"https://nsearchives.nseindia.com/corporate/xbrl/SHP_1691346_13072026031119_WEB.xml","13-JUL-2026 15:11:24","13-JUL-2026 15:11:29","00:00:05"
"Aditya Birla Money Limited","73.53","26.47","0","-","30-JUN-2026","13-JUL-2026",,"https://nsearchives.nseindia.com/corporate/xbrl/SHP_1691345_13072026031051_WEB.xml","13-JUL-2026 15:10:56","13-JUL-2026 15:11:00","00:00:04"
"INCREDIBLE INDUSTRIES LIMITED","74.96","25.04","0","-","30-JUN-2026","13-JUL-2026",,"https://nsearchives.nseindia.com/corporate/xbrl/SHP_1691344_13072026030933_WEB.xml","13-JUL-2026 15:09:37","13-JUL-2026 15:09:45","00:00:08"
"GLOBE ENTERPRISES (INDIA) LIMITED","34.35","65.65","0","-","30-JUN-2026","13-JUL-2026",,"https://nsearchives.nseindia.com/corporate/xbrl/SHP_1691336_13072026030428_WEB.xml","13-JUL-2026 15:04:36","13-JUL-2026 15:04:40","00:00:04"
"BEML Land Assets Limited","54.03","45.97","0","-","30-JUN-2026","13-JUL-2026",,"https://nsearchives.nseindia.com/corporate/xbrl/SHP_1691323_13072026025407_WEB.xml","13-JUL-2026 14:54:11","13-JUL-2026 14:54:15","00:00:04"
"Seshasayee Paper and Boards Limited","43.27","56.73","0","-","30-JUN-2026","13-JUL-2026",,"https://nsearchives.nseindia.com/corporate/xbrl/SHP_1691313_13072026024850_WEB.xml","13-JUL-2026 14:48:55","13-JUL-2026 14:49:00","00:00:05"
"Deccan Cements Limited","56.25","43.75","0","-","30-JUN-2026","13-JUL-2026",,"https://nsearchives.nseindia.com/corporate/xbrl/SHP_1691312_13072026024512_WEB.xml","13-JUL-2026 14:45:16","13-JUL-2026 14:45:21","00:00:05"
"RPSG VENTURES LIMITED","63.51","36.49","0","-","30-JUN-2026","13-JUL-2026",,"https://nsearchives.nseindia.com/corporate/xbrl/SHP_1691311_13072026024448_WEB.xml","13-JUL-2026 14:44:55","13-JUL-2026 14:45:00","00:00:05"
"Rollatainers Limited","50.96","49.04","0","-","30-JUN-2026","13-JUL-2026",,"https://nsearchives.nseindia.com/corporate/xbrl/SHP_1691309_13072026024016_WEB.xml","13-JUL-2026 14:40:22","13-JUL-2026 14:40:26","00:00:04"
"CSL Finance Limited","48.17","50.54","1.3","-","30-JUN-2026","13-JUL-2026",,"https://nsearchives.nseindia.com/corporate/xbrl/SHP_1691307_13072026023858_WEB.xml","13-JUL-2026 14:39:00","13-JUL-2026 14:39:04","00:00:04"
"ASK Automotive Limited","74.95","25.05","0","-","30-JUN-2026","13-JUL-2026",,"https://nsearchives.nseindia.com/corporate/xbrl/SHP_1691306_13072026023551_WEB.xml","13-JUL-2026 14:35:57","13-JUL-2026 14:36:02","00:00:05"
"TCI Finance Limited","24.72","75.28","0","-","30-JUN-2026","13-JUL-2026",,"https://nsearchives.nseindia.com/corporate/xbrl/SHP_1691305_13072026023347_WEB.xml","13-JUL-2026 14:33:50","13-JUL-2026 14:33:54","00:00:04"
"Rico Auto Industries Limited","50.33","49.67","0","-","30-JUN-2026","13-JUL-2026",,"https://nsearchives.nseindia.com/corporate/xbrl/SHP_1691304_13072026023122_WEB.xml","13-JUL-2026 14:31:26","13-JUL-2026 14:31:31","00:00:05"
"Patel Retail Limited","70","30","0","-","30-JUN-2026","13-JUL-2026",,"https://nsearchives.nseindia.com/corporate/xbrl/SHP_1691286_13072026020614_WEB.xml","13-JUL-2026 14:06:20","13-JUL-2026 14:06:25","00:00:05"
"Vidya Wires Limited","72.8","27.2","0","-","30-JUN-2026","13-JUL-2026",,"https://nsearchives.nseindia.com/corporate/xbrl/SHP_1691273_13072026015030_WEB.xml","13-JUL-2026 13:50:36","13-JUL-2026 13:50:40","00:00:04"
"Dwarikesh Sugar Industries Limited","42.14","57.86","0","-","30-JUN-2026","13-JUL-2026",,"https://nsearchives.nseindia.com/corporate/xbrl/SHP_1691269_13072026014837_WEB.xml","13-JUL-2026 13:48:42","13-JUL-2026 13:48:45","00:00:03"
"Quintegra Solutions Limited","2.48","97.52","0","-","30-JUN-2026","13-JUL-2026",,"https://nsearchives.nseindia.com/corporate/xbrl/SHP_1691267_13072026014340_WEB.xml","13-JUL-2026 13:43:43","13-JUL-2026 13:43:47","00:00:04"
"Uma Exports Limited","70.9","29.1","0","-","30-JUN-2026","13-JUL-2026",,"https://nsearchives.nseindia.com/corporate/xbrl/SHP_1691266_13072026014309_WEB.xml","13-JUL-2026 13:43:14","13-JUL-2026 13:43:20","00:00:06"
"Tamil Nadu Newsprint & Papers Limited","35.32","64.68","0","-","30-JUN-2026","13-JUL-2026",,"https://nsearchives.nseindia.com/corporate/xbrl/SHP_1691265_13072026013855_WEB.xml","13-JUL-2026 13:39:00","13-JUL-2026 13:39:05","00:00:05"
"Bal Pharma Limited","50.86","49.14","0","Revised","30-JUN-2026","13-JUL-2026","07-SEP-2026","https://nsearchives.nseindia.com/corporate/xbrl/SHP_1721966_07092026110132_WEB.xml","07-SEP-2026 11:22:06","07-SEP-2026 11:22:11","00:00:05"
"HandsOn Global Management (HGM) Limited","50.42","49.58","0","-","30-JUN-2026","13-JUL-2026",,"https://nsearchives.nseindia.com/corporate/xbrl/SHP_1691248_13072026011257_WEB.xml","13-JUL-2026 13:13:00","13-JUL-2026 13:13:05","00:00:05"
"International Gemological Institute Limited","76.55","23.45","0","-","30-JUN-2026","13-JUL-2026",,"https://nsearchives.nseindia.com/corporate/xbrl/SHP_1691247_13072026011228_WEB.xml","13-JUL-2026 13:12:32","13-JUL-2026 13:12:37","00:00:05"
"CORONA Remedies Limited","69","31","0","-","30-JUN-2026","13-JUL-2026",,"https://nsearchives.nseindia.com/corporate/xbrl/SHP_1691245_13072026010858_WEB.xml","13-JUL-2026 13:09:02","13-JUL-2026 13:09:08","00:00:06"
"Aditya Birla Sun Life AMC Limited","74.71","25.29","0","-","30-JUN-2026","13-JUL-2026",,"https://nsearchives.nseindia.com/corporate/xbrl/SHP_1691241_13072026125659_WEB.xml","13-JUL-2026 12:57:03","13-JUL-2026 12:57:08","00:00:05"
"Servotech Renewable Power System Limited","58.61","41.39","0","-","30-JUN-2026","13-JUL-2026",,"https://nsearchives.nseindia.com/corporate/xbrl/SHP_1691233_13072026124238_WEB.xml","13-JUL-2026 12:42:42","13-JUL-2026 12:42:46","00:00:04"
"Gillanders Arbuthnot & Company Limited","69.05","30.95","0","-","30-JUN-2026","13-JUL-2026",,"https://nsearchives.nseindia.com/corporate/xbrl/SHP_1691230_13072026123945_WEB.xml","13-JUL-2026 12:39:49","13-JUL-2026 12:39:54","00:00:05"
"Surya Roshni Limited","63.02","36.98","0","-","30-JUN-2026","13-JUL-2026",,"https://nsearchives.nseindia.com/corporate/xbrl/SHP_1691228_13072026123851_WEB.xml","13-JUL-2026 12:38:55","13-JUL-2026 12:38:59","00:00:04"
"Apcotex Industries Limited","58.23","41.77","0","Revised","30-JUN-2026","13-JUL-2026","04-SEP-2026","https://nsearchives.nseindia.com/corporate/xbrl/SHP_1721534_04092026064919_WEB.xml","09-SEP-2026 16:23:48","09-SEP-2026 16:23:52","00:00:04"
"Shah Alloys Limited","53.75","46.25","0","-","30-JUN-2026","13-JUL-2026",,"https://nsearchives.nseindia.com/corporate/xbrl/SHP_1691216_13072026123116_WEB.xml","13-JUL-2026 12:31:20","13-JUL-2026 12:31:24","00:00:04"
"MODISON LIMITED","52.23","47.77","0","-","30-JUN-2026","13-JUL-2026",,"https://nsearchives.nseindia.com/corporate/xbrl/SHP_1691205_13072026122600_WEB.xml","13-JUL-2026 12:26:04","13-JUL-2026 12:26:09","00:00:05"
"De Nora India Limited","53.68","46.32","0","-","30-JUN-2026","13-JUL-2026",,"https://nsearchives.nseindia.com/corporate/xbrl/SHP_1691200_13072026122108_WEB.xml","13-JUL-2026 12:21:13","13-JUL-2026 12:21:16","00:00:03"
"GM Breweries Limited","74.43","25.57","0","Revised","30-JUN-2026","13-JUL-2026","21-SEP-2026","https://nsearchives.nseindia.com/corporate/xbrl/SHP_1725925_21092026032053_WEB.xml","23-SEP-2026 12:51:49","23-SEP-2026 12:51:54","00:00:05"
"The Ramco Cements Limited","42.56","57.44","0","-","30-JUN-2026","13-JUL-2026",,"https://nsearchives.nseindia.com/corporate/xbrl/SHP_1691186_13072026121206_WEB.xml","13-JUL-2026 12:12:10","13-JUL-2026 12:12:14","00:00:04"
"Seamec Limited","72.72","27.28","0","-","30-JUN-2026","13-JUL-2026",,"https://nsearchives.nseindia.com/corporate/xbrl/SHP_1691181_13072026120821_WEB.xml","13-JUL-2026 12:08:27","13-JUL-2026 12:08:32","00:00:05"
"Karma Energy Limited","74.7","25.3","0","-","30-JUN-2026","13-JUL-2026",,"https://nsearchives.nseindia.com/corporate/xbrl/SHP_1691176_13072026120137_WEB.xml","13-JUL-2026 12:01:41","13-JUL-2026 12:01:45","00:00:04"
"NCC Limited","23.08","76.92","0","-","30-JUN-2026","13-JUL-2026",,"https://nsearchives.nseindia.com/corporate/xbrl/SHP_1691163_13072026115115_WEB.xml","13-JUL-2026 11:51:20","13-JUL-2026 11:51:24","00:00:04"
"Precision Wires India Limited","56.62","43.38","0","-","30-JUN-2026","13-JUL-2026",,"https://nsearchives.nseindia.com/corporate/xbrl/SHP_1691159_13072026114158_WEB.xml","13-JUL-2026 11:42:04","13-JUL-2026 11:42:08","00:00:04"
"Astra Microwave Products Limited","6.54","93.46","0","-","30-JUN-2026","13-JUL-2026",,"https://nsearchives.nseindia.com/corporate/xbrl/SHP_1691149_13072026113450_WEB.xml","13-JUL-2026 11:34:54","13-JUL-2026 11:34:58","00:00:04"
"SHREE CEMENT LIMITED","62.55","37.45","0","-","30-JUN-2026","13-JUL-2026",,"https://nsearchives.nseindia.com/corporate/xbrl/SHP_1691144_13072026112515_WEB.xml","13-JUL-2026 11:25:21","13-JUL-2026 11:25:27","00:00:06"
"ICDS Limited","51.39","48.61","0","-","30-JUN-2026","13-JUL-2026",,"https://nsearchives.nseindia.com/corporate/xbrl/SHP_1691143_13072026112336_WEB.xml","13-JUL-2026 11:23:41","13-JUL-2026 11:23:46","00:00:05"
"Nectar Lifesciences Limited","51.84","48.16","0","-","30-JUN-2026","13-JUL-2026",,"https://nsearchives.nseindia.com/corporate/xbrl/SHP_1691135_13072026105911_WEB.xml","13-JUL-2026 10:59:16","13-JUL-2026 10:59:21","00:00:05"
"Advance Agrolife Limited","69.89","30.11","0","-","30-JUN-2026","13-JUL-2026",,"https://nsearchives.nseindia.com/corporate/xbrl/SHP_1691130_13072026105328_WEB.xml","13-JUL-2026 10:53:33","13-JUL-2026 10:53:37","00:00:04"
"Kapston Services Limited","72.87","27.13","0","Revised","30-JUN-2026","13-JUL-2026","26-AUG-2026","https://nsearchives.nseindia.com/corporate/xbrl/SHP_1718040_26082026040236_WEB.xml","26-AUG-2026 17:14:05","26-AUG-2026 17:14:09","00:00:04"
"Punjab Chemicals & Crop Protection Limited","39.24","60.76","0","-","30-JUN-2026","13-JUL-2026",,"https://nsearchives.nseindia.com/corporate/xbrl/SHP_1691112_13072026094440_WEB.xml","13-JUL-2026 09:44:50","13-JUL-2026 09:44:54","00:00:04"
"Bedmutha Industries Limited","57.09","42.91","0","-","30-JUN-2026","12-JUL-2026",,"https://nsearchives.nseindia.com/corporate/xbrl/SHP_1691100_12072026122235_WEB.xml","12-JUL-2026 12:22:49","12-JUL-2026 12:22:54","00:00:05"
"Rane (Madras) Limited","70.45","29.55","0","-","30-JUN-2026","12-JUL-2026",,"https://nsearchives.nseindia.com/corporate/xbrl/SHP_1691110_12072026112715_WEB.xml","12-JUL-2026 23:27:32","12-JUL-2026 23:27:36","00:00:04"
"Bhagiradha Chemicals & Industries Limited","19.6","80.4","0","-","30-JUN-2026","12-JUL-2026",,"https://nsearchives.nseindia.com/corporate/xbrl/SHP_1691101_12072026123034_WEB.xml","12-JUL-2026 12:30:44","12-JUL-2026 12:30:49","00:00:05"
"Shalby Limited","74.33","25.02","0.65","-","30-JUN-2026","11-JUL-2026",,"https://nsearchives.nseindia.com/corporate/xbrl/SHP_1690868_11072026103358_WEB.xml","11-JUL-2026 10:34:05","11-JUL-2026 10:34:09","00:00:04"
"Pasupati Acrylon Limited","65.87","34.13","0","-","30-JUN-2026","11-JUL-2026",,"https://nsearchives.nseindia.com/corporate/xbrl/SHP_1691092_11072026112704_WEB.xml","11-JUL-2026 23:27:16","11-JUL-2026 23:27:20","00:00:04"
"MIC Electronics Limited","51.57","48.43","0","-","30-JUN-2026","11-JUL-2026",,"https://nsearchives.nseindia.com/corporate/xbrl/SHP_1691082_11072026074928_WEB.xml","11-JUL-2026 19:49:35","11-JUL-2026 19:49:40","00:00:05"
"Industrial Investment Trust Limited","57.4","42.6","0","-","30-JUN-2026","11-JUL-2026",,"https://nsearchives.nseindia.com/corporate/xbrl/SHP_1691064_11072026062836_WEB.xml","11-JUL-2026 18:28:41","11-JUL-2026 18:28:45","00:00:04"
"Quality Power Electrical Equipments Limited","73.91","26.09","0","-","30-JUN-2026","11-JUL-2026",,"https://nsearchives.nseindia.com/corporate/xbrl/SHP_1691063_11072026062135_WEB.xml","11-JUL-2026 18:21:38","11-JUL-2026 18:21:42","00:00:04"
"CLC Industries Limited","90","10","0","-","30-JUN-2026","11-JUL-2026",,"https://nsearchives.nseindia.com/corporate/xbrl/SHP_1691055_11072026055226_WEB.xml","11-JUL-2026 17:52:32","11-JUL-2026 17:52:37","00:00:05"
"PIL ITALICA LIFESTYLE LIMITED","50.09","49.91","0","-","30-JUN-2026","11-JUL-2026",,"https://nsearchives.nseindia.com/corporate/xbrl/SHP_1691053_11072026053849_WEB.xml","11-JUL-2026 17:38:54","11-JUL-2026 17:38:58","00:00:04"
"Rajoo Engineers Limited","60.7","39.3","0","-","30-JUN-2026","11-JUL-2026",,"https://nsearchives.nseindia.com/corporate/xbrl/SHP_1691050_11072026053247_WEB.xml","11-JUL-2026 17:32:54","11-JUL-2026 17:32:59","00:00:05"
"Gaudium IVF and Women Health Limited","71.29","28.71","0","-","30-JUN-2026","11-JUL-2026",,"https://nsearchives.nseindia.com/corporate/xbrl/SHP_1691040_11072026051934_WEB.xml","11-JUL-2026 17:19:37","11-JUL-2026 17:19:42","00:00:05"
"Alphageo (India) Limited","45.99","54.01","0","-","30-JUN-2026","11-JUL-2026",,"https://nsearchives.nseindia.com/corporate/xbrl/SHP_1691035_11072026051310_WEB.xml","11-JUL-2026 17:13:13","11-JUL-2026 17:13:17","00:00:04"
"QMS Medical Allied Services Limited","68.11","31.89","0","-","30-JUN-2026","11-JUL-2026",,"https://nsearchives.nseindia.com/corporate/xbrl/SHP_1691032_11072026050845_WEB.xml","11-JUL-2026 17:08:48","11-JUL-2026 17:08:53","00:00:05"
"Agro Phos India Limited","54.27","45.73","0","-","30-JUN-2026","11-JUL-2026",,"https://nsearchives.nseindia.com/corporate/xbrl/SHP_1691021_11072026043653_WEB.xml","11-JUL-2026 16:36:56","11-JUL-2026 16:37:01","00:00:05"
"Nelcast Limited","74.87","25.13","0","-","30-JUN-2026","11-JUL-2026",,"https://nsearchives.nseindia.com/corporate/xbrl/SHP_1691011_11072026041606_WEB.xml","11-JUL-2026 16:16:10","11-JUL-2026 16:16:15","00:00:05"
"20 Microns Limited","45.04","54.96","0","-","30-JUN-2026","11-JUL-2026",,"https://nsearchives.nseindia.com/corporate/xbrl/SHP_1691009_11072026041314_WEB.xml","11-JUL-2026 16:13:18","11-JUL-2026 16:13:23","00:00:05"
"Paras Defence and Space Technologies Limited","53.2","46.8","0","Revised","30-JUN-2026","11-JUL-2026","11-SEP-2026","https://nsearchives.nseindia.com/corporate/xbrl/SHP_1723775_11092026070408_WEB.xml","13-SEP-2026 16:41:00","13-SEP-2026 16:41:05","00:00:05"
"Commercial Syn Bags Limited","59.18","40.82","0","-","30-JUN-2026","11-JUL-2026",,"https://nsearchives.nseindia.com/corporate/xbrl/SHP_1690998_11072026035618_WEB.xml","11-JUL-2026 15:56:22","11-JUL-2026 15:56:26","00:00:04"
"LG Balakrishnan & Bros Limited","34.83","65.17","0","-","30-JUN-2026","11-JUL-2026",,"https://nsearchives.nseindia.com/corporate/xbrl/SHP_1690995_11072026035105_WEB.xml","11-JUL-2026 15:51:14","11-JUL-2026 15:51:18","00:00:04"
"Munjal Auto Industries Limited","74.81","25.19","0","-","30-JUN-2026","11-JUL-2026",,"https://nsearchives.nseindia.com/corporate/xbrl/SHP_1690982_11072026033442_WEB.xml","11-JUL-2026 15:34:46","11-JUL-2026 15:34:50","00:00:04"
"Hindprakash Industries Limited","74.85","25.15","0","-","30-JUN-2026","11-JUL-2026",,"https://nsearchives.nseindia.com/corporate/xbrl/SHP_1690980_11072026033044_WEB.xml","11-JUL-2026 15:30:48","11-JUL-2026 15:30:51","00:00:03"
"Himadri Speciality Chemical Limited","52.5","47.5","0","-","30-JUN-2026","11-JUL-2026",,"https://nsearchives.nseindia.com/corporate/xbrl/SHP_1690977_11072026032909_WEB.xml","11-JUL-2026 15:29:18","11-JUL-2026 15:29:22","00:00:04"
"AVRO INDIA LIMITED","53.64","46.36","0","-","30-JUN-2026","11-JUL-2026",,"https://nsearchives.nseindia.com/corporate/xbrl/SHP_1690969_11072026030622_WEB.xml","11-JUL-2026 15:06:28","11-JUL-2026 15:06:32","00:00:04"
"Precot Limited","61.51","38.5","0","-","30-JUN-2026","11-JUL-2026",,"https://nsearchives.nseindia.com/corporate/xbrl/SHP_1690963_11072026025949_WEB.xml","11-JUL-2026 14:59:54","11-JUL-2026 14:59:58","00:00:04"
"Zydus Lifesciences Limited","75.01","24.99","0","-","30-JUN-2026","11-JUL-2026",,"https://nsearchives.nseindia.com/corporate/xbrl/SHP_1690961_11072026025816_WEB.xml","11-JUL-2026 14:58:23","11-JUL-2026 17:30:11","02:31:48"
"Nahar Spinning Mills Limited","68.03","31.97","0","-","30-JUN-2026","11-JUL-2026",,"https://nsearchives.nseindia.com/corporate/xbrl/SHP_1690957_11072026025113_WEB.xml","11-JUL-2026 14:51:19","11-JUL-2026 14:51:23","00:00:04"
"United Polyfab Gujarat Limited","51.51","48.49","0","Revised","30-JUN-2026","11-JUL-2026","30-JUL-2026","https://nsearchives.nseindia.com/corporate/xbrl/SHP_1705053_30072026033516_WEB.xml","30-JUL-2026 16:24:55","30-JUL-2026 16:25:00","00:00:05"
"Agarwal Industrial Corporation Limited","57.2","42.8","0","-","30-JUN-2026","11-JUL-2026",,"https://nsearchives.nseindia.com/corporate/xbrl/SHP_1690942_11072026021602_WEB.xml","11-JUL-2026 14:16:06","11-JUL-2026 14:16:10","00:00:04"
"SKM Egg Products Export (India) Limited","57.47","42.53","0","-","30-JUN-2026","11-JUL-2026",,"https://nsearchives.nseindia.com/corporate/xbrl/SHP_1690940_11072026020353_WEB.xml","11-JUL-2026 14:03:57","11-JUL-2026 14:04:02","00:00:05"
"Ambuja Cements Limited","67.33","32.67","0","-","30-JUN-2026","11-JUL-2026",,"https://nsearchives.nseindia.com/corporate/xbrl/SHP_1690936_11072026015502_WEB.xml","11-JUL-2026 13:55:10","11-JUL-2026 13:55:14","00:00:04"
"Narmada Agrobase Limited","50.3","49.7","0","-","30-JUN-2026","11-JUL-2026",,"https://nsearchives.nseindia.com/corporate/xbrl/SHP_1690933_11072026014310_WEB.xml","11-JUL-2026 13:43:12","11-JUL-2026 13:43:17","00:00:05"
"Manorama Industries Limited","54.32","45.68","0","-","30-JUN-2026","11-JUL-2026",,"https://nsearchives.nseindia.com/corporate/xbrl/SHP_1690931_11072026013921_WEB.xml","11-JUL-2026 13:39:26","11-JUL-2026 13:39:30","00:00:04"
"Star Paper Mills Limited","44.93","55.07","0","-","30-JUN-2026","11-JUL-2026",,"https://nsearchives.nseindia.com/corporate/xbrl/SHP_1690923_11072026012437_WEB.xml","11-JUL-2026 13:24:41","11-JUL-2026 15:42:46","02:18:05"
"XL Energy Limited","95","5","0","-","30-JUN-2026","11-JUL-2026",,"https://nsearchives.nseindia.com/corporate/xbrl/SHP_1690915_11072026125718_WEB.xml","11-JUL-2026 12:57:21","11-JUL-2026 17:28:51","04:31:30"
"Kiri Industries Limited","41.71","58.29","0","Revised","30-JUN-2026","11-JUL-2026","08-SEP-2026","https://nsearchives.nseindia.com/corporate/xbrl/SHP_1722567_08092026050852_WEB.xml","09-SEP-2026 15:34:58","09-SEP-2026 15:35:04","00:00:06"
"Sterling Tools Limited","64.86","35.14","0","-","30-JUN-2026","11-JUL-2026",,"https://nsearchives.nseindia.com/corporate/xbrl/SHP_1690899_11072026121907_WEB.xml","11-JUL-2026 12:19:11","11-JUL-2026 12:19:15","00:00:04"
"Mangal Electrical Industries Limited","74.79","25.21","0","-","30-JUN-2026","11-JUL-2026",,"https://nsearchives.nseindia.com/corporate/xbrl/SHP_1690898_11072026121416_WEB.xml","11-JUL-2026 12:14:21","11-JUL-2026 12:14:25","00:00:04"
"Fairchem Organics Limited","63.26","36.74","0","-","30-JUN-2026","11-JUL-2026",,"https://nsearchives.nseindia.com/corporate/xbrl/SHP_1690896_11072026121231_WEB.xml","11-JUL-2026 12:12:41","11-JUL-2026 12:12:45","00:00:04"
"Kriti Industries (India) Limited","69.07","30.93","0","-","30-JUN-2026","11-JUL-2026",,"https://nsearchives.nseindia.com/corporate/xbrl/SHP_1690893_11072026120043_WEB.xml","11-JUL-2026 12:00:47","11-JUL-2026 12:00:51","00:00:04"
"MMP Industries Limited","74.49","25.51","0","Revised","30-JUN-2026","11-JUL-2026","13-JUL-2026","https://nsearchives.nseindia.com/corporate/xbrl/SHP_1691152_13072026113646_WEB.xml","13-JUL-2026 11:38:52","13-JUL-2026 11:38:56","00:00:04"
"Goldiam International Limited","58.51","41.49","0","-","30-JUN-2026","11-JUL-2026",,"https://nsearchives.nseindia.com/corporate/xbrl/SHP_1690886_11072026114313_WEB.xml","11-JUL-2026 11:43:16","11-JUL-2026 11:43:21","00:00:05"
"Kriti Nutrients Limited","66.68","33.32","0","-","30-JUN-2026","11-JUL-2026",,"https://nsearchives.nseindia.com/corporate/xbrl/SHP_1690884_11072026113650_WEB.xml","11-JUL-2026 11:36:54","11-JUL-2026 11:36:58","00:00:04"
"Craftsman Automation Limited","42.41","57.59","0","-","30-JUN-2026","11-JUL-2026",,"https://nsearchives.nseindia.com/corporate/xbrl/SHP_1690883_11072026111837_WEB.xml","11-JUL-2026 11:18:41","11-JUL-2026 11:18:46","00:00:05"
"Dollex Agrotech Limited","54.2","45.8","0","-","30-JUN-2026","11-JUL-2026",,"https://nsearchives.nseindia.com/corporate/xbrl/SHP_1690871_11072026104045_WEB.xml","11-JUL-2026 10:40:49","11-JUL-2026 10:40:53","00:00:04"
"Vishnu Chemicals Limited","69.21","30.79","0","-","30-JUN-2026","10-JUL-2026",,"https://nsearchives.nseindia.com/corporate/xbrl/SHP_1690120_10072026100605_WEB.xml","10-JUL-2026 10:06:18","10-JUL-2026 10:06:22","00:00:04"
"Adani Ports and Special Economic Zone Limited","66.03","33.97","0","-","30-JUN-2026","10-JUL-2026",,"https://nsearchives.nseindia.com/corporate/xbrl/SHP_1690812_10072026084030_WEB.xml","10-JUL-2026 20:40:37","10-JUL-2026 20:40:41","00:00:04"
"Adani Enterprises Limited","74.84","25.16","0","-","30-JUN-2026","10-JUL-2026",,"https://nsearchives.nseindia.com/corporate/xbrl/SHP_1690795_10072026081131_WEB.xml","10-JUL-2026 20:11:37","10-JUL-2026 20:11:42","00:00:05"
"Sansera Engineering Limited","29.21","70.79","0","-","30-JUN-2026","10-JUL-2026",,"https://nsearchives.nseindia.com/corporate/xbrl/SHP_1690792_10072026080854_WEB.xml","10-JUL-2026 20:09:01","10-JUL-2026 20:09:06","00:00:05"
"Sunteck Realty Limited","63.15","36.85","0","-","30-JUN-2026","10-JUL-2026",,"https://nsearchives.nseindia.com/corporate/xbrl/SHP_1690785_10072026080224_WEB.xml","10-JUL-2026 20:02:32","10-JUL-2026 20:02:36","00:00:04"
"Tourism Finance Corporation of India Limited","3.85","96.15","0","-","30-JUN-2026","10-JUL-2026",,"https://nsearchives.nseindia.com/corporate/xbrl/SHP_1690768_10072026074504_WEB.xml","10-JUL-2026 19:45:10","10-JUL-2026 19:45:14","00:00:04"
"New Delhi Television Limited","69.02","30.98","0","-","30-JUN-2026","10-JUL-2026",,"https://nsearchives.nseindia.com/corporate/xbrl/SHP_1690721_10072026071100_WEB.xml","10-JUL-2026 19:11:02","10-JUL-2026 19:11:07","00:00:05"
"Poonawalla Fincorp Limited","59.02","40.45","0.53","-","30-JUN-2026","10-JUL-2026",,"https://nsearchives.nseindia.com/corporate/xbrl/SHP_1690715_10072026070113_WEB.xml","10-JUL-2026 19:01:21","10-JUL-2026 19:01:25","00:00:04"
"Adani Total Gas Limited","74.8","25.2","0","-","30-JUN-2026","10-JUL-2026",,"https://nsearchives.nseindia.com/corporate/xbrl/SHP_1690709_10072026065544_WEB.xml","10-JUL-2026 18:55:50","10-JUL-2026 18:55:55","00:00:05"
"Mittal Life Style Limited","34.04","65.96","0","-","30-JUN-2026","10-JUL-2026",,"https://nsearchives.nseindia.com/corporate/xbrl/SHP_1690698_10072026063815_WEB.xml","10-JUL-2026 18:38:19","10-JUL-2026 18:38:23","00:00:04"
"Ather Energy Limited","40.72","59.28","0","-","30-JUN-2026","10-JUL-2026",,"https://nsearchives.nseindia.com/corporate/xbrl/SHP_1690687_10072026062802_WEB.xml","10-JUL-2026 18:28:12","10-JUL-2026 18:28:17","00:00:05"
"Jupiter Wagons Limited","68.31","31.69","0","-","30-JUN-2026","10-JUL-2026",,"https://nsearchives.nseindia.com/corporate/xbrl/SHP_1690667_10072026061724_WEB.xml","10-JUL-2026 18:17:29","10-JUL-2026 18:17:33","00:00:04"
"Hardwyn India Limited","43.77","56.23","0","-","30-JUN-2026","10-JUL-2026",,"https://nsearchives.nseindia.com/corporate/xbrl/SHP_1690651_10072026060910_WEB.xml","10-JUL-2026 18:09:13","10-JUL-2026 18:09:16","00:00:03"
"Raj Oil Mills Limited","75","25","0","Revised","30-JUN-2026","10-JUL-2026","06-AUG-2026","https://nsearchives.nseindia.com/corporate/xbrl/SHP_1708865_06082026014551_WEB.xml","10-AUG-2026 18:31:03","10-AUG-2026 18:31:08","00:00:05"
"Hathway Cable & Datacom Limited","75","25","0","-","30-JUN-2026","10-JUL-2026",,"https://nsearchives.nseindia.com/corporate/xbrl/SHP_1690646_10072026060745_WEB.xml","10-JUL-2026 18:07:49","10-JUL-2026 18:07:53","00:00:04"
"Hindalco Industries Limited","34.66","64.87","0.47","-","30-JUN-2026","10-JUL-2026",,"https://nsearchives.nseindia.com/corporate/xbrl/SHP_1690624_10072026055831_WEB.xml","10-JUL-2026 17:58:39","10-JUL-2026 17:58:43","00:00:04"
"Eimco Elecon (India) Limited","48.96","51.04","0","-","30-JUN-2026","10-JUL-2026",,"https://nsearchives.nseindia.com/corporate/xbrl/SHP_1690616_10072026055719_WEB.xml","10-JUL-2026 17:57:26","10-JUL-2026 17:57:30","00:00:04"
"Sobha Limited","52.88","47.12","0","-","30-JUN-2026","10-JUL-2026",,"https://nsearchives.nseindia.com/corporate/xbrl/SHP_1690613_10072026055554_WEB.xml","10-JUL-2026 17:56:00","10-JUL-2026 17:56:04","00:00:04"
"Sinclairs Hotels Limited","64.01","35.99","0","-","30-JUN-2026","10-JUL-2026",,"https://nsearchives.nseindia.com/corporate/xbrl/SHP_1690610_10072026055306_WEB.xml","10-JUL-2026 17:53:10","10-JUL-2026 17:53:14","00:00:04"
"Prostarm Info Systems Limited","72.83","27.17","0","-","30-JUN-2026","10-JUL-2026",,"https://nsearchives.nseindia.com/corporate/xbrl/SHP_1690605_10072026055203_WEB.xml","10-JUL-2026 17:52:08","10-JUL-2026 17:52:12","00:00:04"
"Hubtown Limited","33.17","66.83","0","-","30-JUN-2026","10-JUL-2026",,"https://nsearchives.nseindia.com/corporate/xbrl/SHP_1690599_10072026054910_WEB.xml","10-JUL-2026 17:49:16","10-JUL-2026 17:49:19","00:00:03"
"Kamdhenu Ventures Limited","52.54","47.46","0","-","30-JUN-2026","10-JUL-2026",,"https://nsearchives.nseindia.com/corporate/xbrl/SHP_1690592_10072026054239_WEB.xml","10-JUL-2026 17:42:44","10-JUL-2026 17:42:49","00:00:05"
"PC Jeweller Limited","38.49","61.51","0","-","30-JUN-2026","10-JUL-2026",,"https://nsearchives.nseindia.com/corporate/xbrl/SHP_1690583_10072026053815_WEB.xml","10-JUL-2026 17:38:22","10-JUL-2026 17:38:27","00:00:05"
"AVT Natural Products Limited","75","25","0","-","30-JUN-2026","10-JUL-2026",,"https://nsearchives.nseindia.com/corporate/xbrl/SHP_1690575_10072026053241_WEB.xml","10-JUL-2026 17:32:46","10-JUL-2026 17:32:50","00:00:04"
"Ugro Capital Limited","2.88","95.52","1.59","-","30-JUN-2026","10-JUL-2026",,"https://nsearchives.nseindia.com/corporate/xbrl/SHP_1690571_10072026053101_WEB.xml","10-JUL-2026 17:31:06","10-JUL-2026 17:31:10","00:00:04"
"SG Finserve Limited","56.95","43.05","0","Revised","30-JUN-2026","10-JUL-2026","11-AUG-2026","https://nsearchives.nseindia.com/corporate/xbrl/SHP_1711852_11082026054145_WEB.xml","21-AUG-2026 15:43:17","21-AUG-2026 15:43:22","00:00:05"
"Ganesh Consumer Products Limited","65.65","34.35","0","-","30-JUN-2026","10-JUL-2026",,"https://nsearchives.nseindia.com/corporate/xbrl/SHP_1690564_10072026052722_WEB.xml","10-JUL-2026 17:27:25","10-JUL-2026 17:27:29","00:00:04"
"Redington Limited","0","100","0","-","30-JUN-2026","10-JUL-2026",,"https://nsearchives.nseindia.com/corporate/xbrl/SHP_1690559_10072026052427_WEB.xml","10-JUL-2026 17:24:34","10-JUL-2026 17:24:39","00:00:05"
"TECIL Chemicals and Hydro Power Limited","47.71","52.29","0","-","30-JUN-2026","10-JUL-2026",,"https://nsearchives.nseindia.com/corporate/xbrl/SHP_1690554_10072026052219_WEB.xml","10-JUL-2026 17:22:23","10-JUL-2026 17:22:28","00:00:05"
"Salona Cotspin Limited","68.42","31.58","0","-","30-JUN-2026","10-JUL-2026",,"https://nsearchives.nseindia.com/corporate/xbrl/SHP_1690552_10072026052047_WEB.xml","10-JUL-2026 17:20:51","10-JUL-2026 17:20:55","00:00:04"
"Pansari Developers Limited","73.88","26.12","0","-","30-JUN-2026","10-JUL-2026",,"https://nsearchives.nseindia.com/corporate/xbrl/SHP_1690548_10072026051852_WEB.xml","10-JUL-2026 17:18:56","10-JUL-2026 17:19:00","00:00:04"
"S H Kelkar and Company Limited","54.87","45.13","0","-","30-JUN-2026","10-JUL-2026",,"https://nsearchives.nseindia.com/corporate/xbrl/SHP_1690537_10072026051425_WEB.xml","10-JUL-2026 17:14:32","10-JUL-2026 17:14:37","00:00:05"
"Fertilizers and Chemicals Travancore Limited","90","10","0","-","30-JUN-2026","10-JUL-2026",,"https://nsearchives.nseindia.com/corporate/xbrl/SHP_1690536_10072026051416_WEB.xml","10-JUL-2026 17:14:21","10-JUL-2026 17:14:26","00:00:05"
"Sundaram Brake Linings Limited","63.94","36.06","0","-","30-JUN-2026","10-JUL-2026",,"https://nsearchives.nseindia.com/corporate/xbrl/SHP_1690530_10072026050946_WEB.xml","10-JUL-2026 17:09:52","10-JUL-2026 17:09:56","00:00:04"
"Zuari Agro Chemicals Limited","65.21","34.79","0","-","30-JUN-2026","10-JUL-2026",,"https://nsearchives.nseindia.com/corporate/xbrl/SHP_1690529_10072026050943_WEB.xml","10-JUL-2026 17:09:48","10-JUL-2026 17:09:52","00:00:04"
"Jagran Prakashan Limited","69","31","0","-","30-JUN-2026","10-JUL-2026",,"https://nsearchives.nseindia.com/corporate/xbrl/SHP_1690525_10072026050750_WEB.xml","10-JUL-2026 17:07:55","10-JUL-2026 17:07:59","00:00:04"
"Associated Alcohols & Breweries Ltd.","62.35","37.65","0","-","30-JUN-2026","10-JUL-2026",,"https://nsearchives.nseindia.com/corporate/xbrl/SHP_1690508_10072026050122_WEB.xml","10-JUL-2026 17:01:29","10-JUL-2026 17:01:33","00:00:04"
"Patanjali Foods Limited","68.25","31.75","0","-","30-JUN-2026","10-JUL-2026",,"https://nsearchives.nseindia.com/corporate/xbrl/SHP_1690503_10072026045753_WEB.xml","10-JUL-2026 16:58:00","10-JUL-2026 16:58:05","00:00:05"
"Alldigi Tech Limited","73.39","26.61","0","-","30-JUN-2026","10-JUL-2026",,"https://nsearchives.nseindia.com/corporate/xbrl/SHP_1690498_10072026045555_WEB.xml","10-JUL-2026 16:55:58","10-JUL-2026 16:56:02","00:00:04"
"Innovana Thinklabs Limited","72.65","27.35","0","-","30-JUN-2026","10-JUL-2026",,"https://nsearchives.nseindia.com/corporate/xbrl/SHP_1690471_10072026043749_WEB.xml","10-JUL-2026 16:37:52","10-JUL-2026 16:37:56","00:00:04"
"Oswal Greentech Limited","70.65","29.35","0","-","30-JUN-2026","10-JUL-2026",,"https://nsearchives.nseindia.com/corporate/xbrl/SHP_1690466_10072026043548_WEB.xml","10-JUL-2026 16:35:53","10-JUL-2026 16:35:57","00:00:04"
"Kohinoor Foods Limited","37.67","62.33","0","-","30-JUN-2026","10-JUL-2026",,"https://nsearchives.nseindia.com/corporate/xbrl/SHP_1690464_10072026043357_WEB.xml","10-JUL-2026 16:34:02","10-JUL-2026 16:34:07","00:00:05"
"Hindustan Copper Limited","66.14","33.86","0","-","30-JUN-2026","10-JUL-2026",,"https://nsearchives.nseindia.com/corporate/xbrl/SHP_1690460_10072026043151_WEB.xml","10-JUL-2026 16:32:00","10-JUL-2026 16:32:04","00:00:04"
"Max Financial Services Limited","1.25","98.75","0","-","30-JUN-2026","10-JUL-2026",,"https://nsearchives.nseindia.com/corporate/xbrl/SHP_1690441_10072026041615_WEB.xml","10-JUL-2026 16:16:20","10-JUL-2026 16:16:25","00:00:05"
"Mangalam Drugs And Organics Limited","35.65","64.35","0","-","30-JUN-2026","10-JUL-2026",,"https://nsearchives.nseindia.com/corporate/xbrl/SHP_1690435_10072026041322_WEB.xml","10-JUL-2026 16:13:26","10-JUL-2026 16:13:31","00:00:05"
"IL&FS Investment Managers Limited","50.42","49.58","0","-","30-JUN-2026","10-JUL-2026",,"https://nsearchives.nseindia.com/corporate/xbrl/SHP_1690424_10072026040856_WEB.xml","10-JUL-2026 16:09:00","10-JUL-2026 16:09:05","00:00:05"
"Shoppers Stop Limited","66.06","33.94","0","-","30-JUN-2026","10-JUL-2026",,"https://nsearchives.nseindia.com/corporate/xbrl/SHP_1690423_10072026040646_WEB.xml","10-JUL-2026 16:06:52","10-JUL-2026 16:06:56","00:00:04"
"One Point One Solutions Limited","52.31","47.69","0","-","30-JUN-2026","10-JUL-2026",,"https://nsearchives.nseindia.com/corporate/xbrl/SHP_1690415_10072026040245_WEB.xml","10-JUL-2026 16:02:50","10-JUL-2026 16:02:54","00:00:04"
"Sonata Software Limited","28.17","70.54","1.29","-","30-JUN-2026","10-JUL-2026",,"https://nsearchives.nseindia.com/corporate/xbrl/SHP_1690414_10072026040201_WEB.xml","10-JUL-2026 16:02:05","10-JUL-2026 16:02:10","00:00:05"
"SMS Pharmaceuticals Limited","68.07","31.93","0","-","30-JUN-2026","10-JUL-2026",,"https://nsearchives.nseindia.com/corporate/xbrl/SHP_1690412_10072026040102_WEB.xml","10-JUL-2026 16:01:05","10-JUL-2026 16:01:10","00:00:05"
"Accelya Solutions India Limited","74.66","25.34","0","-","30-JUN-2026","10-JUL-2026",,"https://nsearchives.nseindia.com/corporate/xbrl/SHP_1690411_10072026040004_WEB.xml","10-JUL-2026 16:00:08","10-JUL-2026 16:00:13","00:00:05"
"Tanla Platforms Limited","46.17","53.36","0.47","-","30-JUN-2026","10-JUL-2026",,"https://nsearchives.nseindia.com/corporate/xbrl/SHP_1690405_10072026035553_WEB.xml","10-JUL-2026 15:55:58","10-JUL-2026 15:56:03","00:00:05"
"Gujarat Alkalies and Chemicals Limited","47.28","52.72","0","-","30-JUN-2026","10-JUL-2026",,"https://nsearchives.nseindia.com/corporate/xbrl/SHP_1690400_10072026035237_WEB.xml","10-JUL-2026 15:52:44","10-JUL-2026 15:52:48","00:00:04"
"NIIT Limited","40.87","59.13","0","Revised","30-JUN-2026","10-JUL-2026","14-SEP-2026","https://nsearchives.nseindia.com/corporate/xbrl/SHP_1724008_14092026121729_WEB.xml","16-SEP-2026 14:29:11","16-SEP-2026 14:29:16","00:00:05"
"Sumitomo Chemical India Limited","75","25","0","-","30-JUN-2026","10-JUL-2026",,"https://nsearchives.nseindia.com/corporate/xbrl/SHP_1690385_10072026033931_WEB.xml","10-JUL-2026 15:39:37","10-JUL-2026 15:39:41","00:00:04"
"HPL Electric & Power Limited","72.66","27.34","0","-","30-JUN-2026","10-JUL-2026",,"https://nsearchives.nseindia.com/corporate/xbrl/SHP_1690383_10072026033718_WEB.xml","10-JUL-2026 15:37:23","10-JUL-2026 15:37:27","00:00:04"
"Gayatri Highways Limited","61.15","38.85","0","-","30-JUN-2026","10-JUL-2026",,"https://nsearchives.nseindia.com/corporate/xbrl/SHP_1690382_10072026033657_WEB.xml","10-JUL-2026 15:37:00","10-JUL-2026 15:37:04","00:00:04"
"Khaitan (India) Limited","60.24","39.76","0","-","30-JUN-2026","10-JUL-2026",,"https://nsearchives.nseindia.com/corporate/xbrl/SHP_1690381_10072026033641_WEB.xml","10-JUL-2026 15:36:45","10-JUL-2026 15:36:50","00:00:05"
"Kalyani Commercials Limited","53.14","46.86","0","-","30-JUN-2026","10-JUL-2026",,"https://nsearchives.nseindia.com/corporate/xbrl/SHP_1690373_10072026032725_WEB.xml","10-JUL-2026 15:27:27","10-JUL-2026 15:27:32","00:00:05"
"JHS Svendgaard Retail Ventures Limited","44.52","55.48","0","-","30-JUN-2026","10-JUL-2026",,"https://nsearchives.nseindia.com/corporate/xbrl/SHP_1690369_10072026032515_WEB.xml","10-JUL-2026 15:25:20","10-JUL-2026 15:25:25","00:00:05"
"Orient Cement Limited","72.66","27.34","0","-","30-JUN-2026","10-JUL-2026",,"https://nsearchives.nseindia.com/corporate/xbrl/SHP_1690350_10072026031408_WEB.xml","10-JUL-2026 15:14:17","10-JUL-2026 15:14:22","00:00:05"
"Oswal Agro Mills Limited","51.88","48.12","0","-","30-JUN-2026","10-JUL-2026",,"https://nsearchives.nseindia.com/corporate/xbrl/SHP_1690339_10072026030828_WEB.xml","10-JUL-2026 15:08:33","10-JUL-2026 15:08:38","00:00:05"
"Cemindia Projects Limited","67.46","32.54","0","-","30-JUN-2026","10-JUL-2026",,"https://nsearchives.nseindia.com/corporate/xbrl/SHP_1690337_10072026030637_WEB.xml","10-JUL-2026 15:06:41","10-JUL-2026 15:06:46","00:00:05"
"Indogulf Cropsciences Limited","69.05","30.95","0","-","30-JUN-2026","10-JUL-2026",,"https://nsearchives.nseindia.com/corporate/xbrl/SHP_1690293_10072026022844_WEB.xml","10-JUL-2026 14:28:48","10-JUL-2026 14:28:52","00:00:04"
"Nahar Poly Films Limited","72.51","27.49","0","-","30-JUN-2026","10-JUL-2026",,"https://nsearchives.nseindia.com/corporate/xbrl/SHP_1690290_10072026022024_WEB.xml","10-JUL-2026 14:20:30","10-JUL-2026 14:20:35","00:00:05"
"Billionbrains Garage Ventures Limited","27.14","71.75","1.11","Revised","30-JUN-2026","10-JUL-2026","26-JUL-2026","https://nsearchives.nseindia.com/corporate/xbrl/SHP_1701670_26072026014738_WEB.xml","28-JUL-2026 11:20:53","28-JUL-2026 11:20:57","00:00:04"
"Archies Limited","61.03","38.97","0","-","30-JUN-2026","10-JUL-2026",,"https://nsearchives.nseindia.com/corporate/xbrl/SHP_1690251_10072026011109_WEB.xml","10-JUL-2026 13:11:16","10-JUL-2026 13:11:22","00:00:06"
"KNR Constructions Limited","48.81","51.19","0","-","30-JUN-2026","10-JUL-2026",,"https://nsearchives.nseindia.com/corporate/xbrl/SHP_1690244_10072026125818_WEB.xml","10-JUL-2026 12:58:22","10-JUL-2026 12:58:26","00:00:04"
"ACC Limited","56.69","43.31","0","-","30-JUN-2026","10-JUL-2026",,"https://nsearchives.nseindia.com/corporate/xbrl/SHP_1690234_10072026124901_WEB.xml","10-JUL-2026 12:49:08","10-JUL-2026 12:49:13","00:00:05"
"Bank of India","73.38","26.62","0","-","30-JUN-2026","10-JUL-2026",,"https://nsearchives.nseindia.com/corporate/xbrl/SHP_1690231_10072026124556_WEB.xml","10-JUL-2026 12:46:05","10-JUL-2026 12:46:10","00:00:05"
"Diffusion Engineers Limited","69.76","29.44","0.8","-","30-JUN-2026","10-JUL-2026",,"https://nsearchives.nseindia.com/corporate/xbrl/SHP_1690229_10072026124121_WEB.xml","10-JUL-2026 12:41:28","10-JUL-2026 12:41:32","00:00:04"
"Omnitech Engineering Limited","74.19","25.81","0","-","30-JUN-2026","10-JUL-2026",,"https://nsearchives.nseindia.com/corporate/xbrl/SHP_1690223_10072026123645_WEB.xml","10-JUL-2026 12:36:49","10-JUL-2026 12:36:53","00:00:04"
"Ambika Cotton Mills Limited","50.35","49.65","0","-","30-JUN-2026","10-JUL-2026",,"https://nsearchives.nseindia.com/corporate/xbrl/SHP_1690217_10072026122958_WEB.xml","10-JUL-2026 12:30:06","10-JUL-2026 12:30:11","00:00:05"
"Himatsingka Seide Limited","37.48","62.52","0","-","30-JUN-2026","10-JUL-2026",,"https://nsearchives.nseindia.com/corporate/xbrl/SHP_1690195_10072026120332_WEB.xml","10-JUL-2026 12:03:41","10-JUL-2026 12:03:45","00:00:04"
"CARE Ratings Limited","0","100","0","-","30-JUN-2026","10-JUL-2026",,"https://nsearchives.nseindia.com/corporate/xbrl/SHP_1690194_10072026120256_WEB.xml","10-JUL-2026 12:03:00","10-JUL-2026 12:03:04","00:00:04"
"All Time Plastics Limited","70.15","29.85","0","-","30-JUN-2026","10-JUL-2026",,"https://nsearchives.nseindia.com/corporate/xbrl/SHP_1690192_10072026115908_WEB.xml","10-JUL-2026 11:59:13","10-JUL-2026 11:59:18","00:00:05"
"Kesoram Industries Limited","43.34","56.66","0","-","30-JUN-2026","10-JUL-2026",,"https://nsearchives.nseindia.com/corporate/xbrl/SHP_1690189_10072026115635_WEB.xml","10-JUL-2026 11:56:40","10-JUL-2026 11:56:45","00:00:05"
"Panama Petrochem Limited","63.16","36.84","0","-","30-JUN-2026","10-JUL-2026",,"https://nsearchives.nseindia.com/corporate/xbrl/SHP_1690188_10072026115613_WEB.xml","10-JUL-2026 11:56:17","10-JUL-2026 11:56:22","00:00:05"
"TD Power Systems Limited","26.87","73.13","0","-","30-JUN-2026","10-JUL-2026",,"https://nsearchives.nseindia.com/corporate/xbrl/SHP_1690183_10072026115416_WEB.xml","10-JUL-2026 11:54:22","10-JUL-2026 11:54:27","00:00:05"
"Hemisphere Properties India Limited","51.12","48.88","0","-","30-JUN-2026","10-JUL-2026",,"https://nsearchives.nseindia.com/corporate/xbrl/SHP_1690181_10072026115128_WEB.xml","10-JUL-2026 11:51:32","10-JUL-2026 11:51:36","00:00:04"
"Hindustan Aeronautics Limited","71.64","28.36","0","-","30-JUN-2026","10-JUL-2026",,"https://nsearchives.nseindia.com/corporate/xbrl/SHP_1690175_10072026114800_WEB.xml","10-JUL-2026 11:48:03","10-JUL-2026 11:48:07","00:00:04"
"NCL Industries Limited","41.67","58.33","0","-","30-JUN-2026","10-JUL-2026",,"https://nsearchives.nseindia.com/corporate/xbrl/SHP_1690171_10072026114051_WEB.xml","10-JUL-2026 11:40:56","10-JUL-2026 11:41:00","00:00:04"
"Aksh Optifibre Limited","19.37","80.63","0","-","30-JUN-2026","10-JUL-2026",,"https://nsearchives.nseindia.com/corporate/xbrl/SHP_1690165_10072026113435_WEB.xml","10-JUL-2026 11:34:39","10-JUL-2026 11:34:43","00:00:04"
"Gateway Distriparks Limited","33.92","66.08","0","-","30-JUN-2026","10-JUL-2026",,"https://nsearchives.nseindia.com/corporate/xbrl/SHP_1690162_10072026113130_WEB.xml","10-JUL-2026 11:31:37","10-JUL-2026 11:31:42","00:00:05"
"TVS Srichakra Limited","45.7","54.3","0","-","30-JUN-2026","10-JUL-2026",,"https://nsearchives.nseindia.com/corporate/xbrl/SHP_1690160_10072026112752_WEB.xml","10-JUL-2026 11:28:01","10-JUL-2026 11:28:06","00:00:05"
"DCM  Limited","50.1","49.9","0","-","30-JUN-2026","10-JUL-2026",,"https://nsearchives.nseindia.com/corporate/xbrl/SHP_1690151_10072026111803_WEB.xml","10-JUL-2026 11:18:08","10-JUL-2026 11:18:12","00:00:04"
"Oracle Financial Services Software Limited","72.41","27.59","0","-","30-JUN-2026","10-JUL-2026",,"https://nsearchives.nseindia.com/corporate/xbrl/SHP_1690146_10072026111008_WEB.xml","10-JUL-2026 11:10:12","10-JUL-2026 11:10:16","00:00:04"
"Macpower CNC Machines Limited","73.22","26.78","0","-","30-JUN-2026","10-JUL-2026",,"https://nsearchives.nseindia.com/corporate/xbrl/SHP_1690131_10072026104516_WEB.xml","10-JUL-2026 10:45:22","10-JUL-2026 10:45:27","00:00:05"
"Indian Oil Corporation Limited","51.5","48.5","0","-","30-JUN-2026","09-JUL-2026",,"https://nsearchives.nseindia.com/corporate/xbrl/SHP_1689515_09072026094714_WEB.xml","09-JUL-2026 09:47:25","09-JUL-2026 09:47:29","00:00:04"
"HEC Infra Projects Limited","74.93","25.07","0","-","30-JUN-2026","09-JUL-2026",,"https://nsearchives.nseindia.com/corporate/xbrl/SHP_1690107_09072026103946_WEB.xml","09-JUL-2026 22:39:53","09-JUL-2026 22:39:58","00:00:05"
"Kronox Lab Sciences Limited","74.21","25.79","0","-","30-JUN-2026","09-JUL-2026",,"https://nsearchives.nseindia.com/corporate/xbrl/SHP_1690073_09072026081215_WEB.xml","09-JUL-2026 20:12:18","09-JUL-2026 20:12:23","00:00:05"
"Mallcom (India) Limited","73.68","26.32","0","-","30-JUN-2026","09-JUL-2026",,"https://nsearchives.nseindia.com/corporate/xbrl/SHP_1689993_09072026062644_WEB.xml","09-JUL-2026 18:26:45","09-JUL-2026 18:26:49","00:00:04"
"Aavas Financiers Limited","48.88","51.12","0","-","30-JUN-2026","09-JUL-2026",,"https://nsearchives.nseindia.com/corporate/xbrl/SHP_1689981_09072026061648_WEB.xml","09-JUL-2026 18:16:53","09-JUL-2026 18:16:57","00:00:04"
"Neueon Corporation Limited","90","10","0","-","30-JUN-2026","09-JUL-2026",,"https://nsearchives.nseindia.com/corporate/xbrl/SHP_1689946_09072026054616_WEB.xml","09-JUL-2026 17:46:21","09-JUL-2026 17:46:26","00:00:05"
"HeidelbergCement India Limited","69.39","30.61","0","-","30-JUN-2026","09-JUL-2026",,"https://nsearchives.nseindia.com/corporate/xbrl/SHP_1689945_09072026054533_WEB.xml","09-JUL-2026 17:45:37","09-JUL-2026 17:45:41","00:00:04"
"Natco Pharma Limited","49.42","50.58","0","-","30-JUN-2026","09-JUL-2026",,"https://nsearchives.nseindia.com/corporate/xbrl/SHP_1689944_09072026054425_WEB.xml","09-JUL-2026 17:44:31","09-JUL-2026 17:44:34","00:00:03"
"Asian Granito India Limited","38.79","61.21","0","-","30-JUN-2026","09-JUL-2026",,"https://nsearchives.nseindia.com/corporate/xbrl/SHP_1689942_09072026054258_WEB.xml","09-JUL-2026 17:43:03","09-JUL-2026 17:43:07","00:00:04"
"TITAGARH RAIL SYSTEMS LIMITED","40.46","59.54","0","-","30-JUN-2026","09-JUL-2026",,"https://nsearchives.nseindia.com/corporate/xbrl/SHP_1689938_09072026053948_WEB.xml","09-JUL-2026 17:39:55","09-JUL-2026 17:39:59","00:00:04"
"Ester Industries Limited","62.32","37.68","0","-","30-JUN-2026","09-JUL-2026",,"https://nsearchives.nseindia.com/corporate/xbrl/SHP_1689933_09072026053642_WEB.xml","09-JUL-2026 17:36:46","09-JUL-2026 17:36:50","00:00:04"
"ATLANTAA LIMITED","74.67","25.33","0","-","30-JUN-2026","09-JUL-2026",,"https://nsearchives.nseindia.com/corporate/xbrl/SHP_1689907_09072026052119_WEB.xml","09-JUL-2026 17:21:22","09-JUL-2026 17:21:27","00:00:05"
"Balaji Telefilms Limited","31.3","68.7","0","-","30-JUN-2026","09-JUL-2026",,"https://nsearchives.nseindia.com/corporate/xbrl/SHP_1689895_09072026051511_WEB.xml","09-JUL-2026 17:15:18","09-JUL-2026 17:15:23","00:00:05"
"Satin Creditcare Network Limited","36.17","63.44","0.38","-","30-JUN-2026","09-JUL-2026",,"https://nsearchives.nseindia.com/corporate/xbrl/SHP_1689891_09072026051238_WEB.xml","09-JUL-2026 17:12:43","09-JUL-2026 17:12:47","00:00:04"
"Bharat Dynamics Limited","74.93","25.07","0","-","30-JUN-2026","09-JUL-2026",,"https://nsearchives.nseindia.com/corporate/xbrl/SHP_1689883_09072026050801_WEB.xml","09-JUL-2026 17:08:07","09-JUL-2026 17:08:11","00:00:04"
"Kanpur Plastipack Limited","68.03","31.97","0","-","30-JUN-2026","09-JUL-2026",,"https://nsearchives.nseindia.com/corporate/xbrl/SHP_1689882_09072026050754_WEB.xml","09-JUL-2026 17:07:59","09-JUL-2026 17:08:04","00:00:05"
"Shanti Gold International Limited","74.89","25.11","0","-","30-JUN-2026","09-JUL-2026",,"https://nsearchives.nseindia.com/corporate/xbrl/SHP_1689868_09072026045821_WEB.xml","09-JUL-2026 16:58:26","09-JUL-2026 16:58:30","00:00:04"
"Happy Forgings Limited","78.46","21.54","0","-","30-JUN-2026","09-JUL-2026",,"https://nsearchives.nseindia.com/corporate/xbrl/SHP_1689859_09072026045628_WEB.xml","09-JUL-2026 16:56:35","09-JUL-2026 16:56:39","00:00:04"
"Loyal Textile Mills Limited","73.49","26.51","0","-","30-JUN-2026","09-JUL-2026",,"https://nsearchives.nseindia.com/corporate/xbrl/SHP_1689848_09072026044657_WEB.xml","09-JUL-2026 16:47:03","09-JUL-2026 16:47:06","00:00:03"
"VST Industries Limited","32.16","67.65","0.19","-","30-JUN-2026","09-JUL-2026",,"https://nsearchives.nseindia.com/corporate/xbrl/SHP_1689847_09072026044537_WEB.xml","09-JUL-2026 16:45:42","09-JUL-2026 16:45:46","00:00:04"
"Sanathan Textiles Limited","78.58","21.42","0","-","30-JUN-2026","09-JUL-2026",,"https://nsearchives.nseindia.com/corporate/xbrl/SHP_1689843_09072026043951_WEB.xml","09-JUL-2026 16:39:55","09-JUL-2026 16:39:59","00:00:04"
"Fabtech Technologies Limited","68.94","31.06","0","-","30-JUN-2026","09-JUL-2026",,"https://nsearchives.nseindia.com/corporate/xbrl/SHP_1689841_09072026043836_WEB.xml","09-JUL-2026 16:38:40","09-JUL-2026 16:38:44","00:00:04"
"Exxaro Tiles Limited","42.07","57.93","0","-","30-JUN-2026","09-JUL-2026",,"https://nsearchives.nseindia.com/corporate/xbrl/SHP_1689829_09072026043258_WEB.xml","09-JUL-2026 16:33:02","09-JUL-2026 16:33:07","00:00:05"
"TV Today Network Limited","63.21","36.79","0","-","30-JUN-2026","09-JUL-2026",,"https://nsearchives.nseindia.com/corporate/xbrl/SHP_1689828_09072026043134_WEB.xml","09-JUL-2026 16:31:38","09-JUL-2026 16:31:41","00:00:03"
"Bank of Maharashtra","73.6","26.4","0","-","30-JUN-2026","09-JUL-2026",,"https://nsearchives.nseindia.com/corporate/xbrl/SHP_1689822_09072026042609_WEB.xml","09-JUL-2026 16:26:12","09-JUL-2026 16:26:15","00:00:03"
"Vishal Mega Mart Limited","40.09","59.91","0","-","30-JUN-2026","09-JUL-2026",,"https://nsearchives.nseindia.com/corporate/xbrl/SHP_1689817_09072026042243_WEB.xml","09-JUL-2026 16:22:48","09-JUL-2026 16:22:52","00:00:04"
"JTL INDUSTRIES LIMITED","49.26","50.74","0","-","30-JUN-2026","09-JUL-2026",,"https://nsearchives.nseindia.com/corporate/xbrl/SHP_1689808_09072026041823_WEB.xml","09-JUL-2026 16:18:27","09-JUL-2026 16:18:32","00:00:05"
"Royal Orchid Hotels Limited","64.06","35.94","0","-","30-JUN-2026","09-JUL-2026",,"https://nsearchives.nseindia.com/corporate/xbrl/SHP_1689791_09072026041624_WEB.xml","09-JUL-2026 16:16:29","09-JUL-2026 16:16:33","00:00:04"
"Soma Textiles & Industries Limited","80.6","19.4","0","Revised","30-JUN-2026","09-JUL-2026","18-SEP-2026","https://nsearchives.nseindia.com/corporate/xbrl/SHP_1725275_18092026015457_WEB.xml","18-SEP-2026 15:14:26","18-SEP-2026 15:14:30","00:00:04"
"Alkem Laboratories Limited","49.7","50.3","0","-","30-JUN-2026","09-JUL-2026",,"https://nsearchives.nseindia.com/corporate/xbrl/SHP_1689784_09072026041014_WEB.xml","09-JUL-2026 16:10:19","09-JUL-2026 16:10:24","00:00:05"
"Rolex Rings Limited","52.24","47.76","0","-","30-JUN-2026","09-JUL-2026",,"https://nsearchives.nseindia.com/corporate/xbrl/SHP_1689771_09072026040525_WEB.xml","09-JUL-2026 16:05:30","09-JUL-2026 16:05:34","00:00:04"
"Signpost India Limited","60.38","39.62","0","Revised","30-JUN-2026","09-JUL-2026","29-JUL-2026","https://nsearchives.nseindia.com/corporate/xbrl/SHP_1703880_29072026032533_WEB.xml","21-AUG-2026 17:57:15","21-AUG-2026 17:57:20","00:00:05"
"K.M.Sugar Mills Limited","56.51","43.49","0","-","30-JUN-2026","09-JUL-2026",,"https://nsearchives.nseindia.com/corporate/xbrl/SHP_1689747_09072026034914_WEB.xml","09-JUL-2026 15:49:20","09-JUL-2026 15:49:24","00:00:04"
"PG Electroplast Limited","43.37","56.54","0.09","-","30-JUN-2026","09-JUL-2026",,"https://nsearchives.nseindia.com/corporate/xbrl/SHP_1689737_09072026034208_WEB.xml","09-JUL-2026 15:42:11","09-JUL-2026 15:42:16","00:00:05"
"SJVN Limited","81.85","18.15","0","-","30-JUN-2026","09-JUL-2026",,"https://nsearchives.nseindia.com/corporate/xbrl/SHP_1689731_09072026033620_WEB.xml","09-JUL-2026 15:36:23","09-JUL-2026 15:36:28","00:00:05"
"Chemfab Alkalis Limited","72.13","27.87","0","-","30-JUN-2026","09-JUL-2026",,"https://nsearchives.nseindia.com/corporate/xbrl/SHP_1689727_09072026033301_WEB.xml","09-JUL-2026 15:33:07","09-JUL-2026 15:33:11","00:00:04"
"Vardhman Polytex Limited","37.5","62.5","0","-","30-JUN-2026","09-JUL-2026",,"https://nsearchives.nseindia.com/corporate/xbrl/SHP_1689725_09072026033154_WEB.xml","09-JUL-2026 15:31:59","09-JUL-2026 15:32:04","00:00:05"
"Brooks Laboratories Limited","52.62","47.38","0","-","30-JUN-2026","09-JUL-2026",,"https://nsearchives.nseindia.com/corporate/xbrl/SHP_1689723_09072026033042_WEB.xml","09-JUL-2026 15:30:47","09-JUL-2026 15:30:54","00:00:07"
"Indo-National Limited","65.35","34.65","0","-","30-JUN-2026","09-JUL-2026",,"https://nsearchives.nseindia.com/corporate/xbrl/SHP_1689722_09072026033040_WEB.xml","09-JUL-2026 15:30:45","09-JUL-2026 15:30:49","00:00:04"
"Kopran Limited","44.42","55.58","0","-","30-JUN-2026","09-JUL-2026",,"https://nsearchives.nseindia.com/corporate/xbrl/SHP_1689717_09072026032856_WEB.xml","09-JUL-2026 15:29:02","09-JUL-2026 15:29:07","00:00:05"
"Tips Films Limited","74.98","25.02","0","-","30-JUN-2026","09-JUL-2026",,"https://nsearchives.nseindia.com/corporate/xbrl/SHP_1689689_09072026030347_WEB.xml","09-JUL-2026 15:03:53","09-JUL-2026 15:03:58","00:00:05"
"CARYSIL LIMITED","41.33","58.67","0","-","30-JUN-2026","09-JUL-2026",,"https://nsearchives.nseindia.com/corporate/xbrl/SHP_1689681_09072026025608_WEB.xml","09-JUL-2026 14:56:13","09-JUL-2026 14:56:18","00:00:05"
"Kamdhenu Limited","49.03","50.97","0","-","30-JUN-2026","09-JUL-2026",,"https://nsearchives.nseindia.com/corporate/xbrl/SHP_1689670_09072026025030_WEB.xml","09-JUL-2026 14:50:33","09-JUL-2026 14:50:38","00:00:05"
"Harsha Engineers International Limited","75","25","0","-","30-JUN-2026","09-JUL-2026",,"https://nsearchives.nseindia.com/corporate/xbrl/SHP_1689658_09072026024357_WEB.xml","09-JUL-2026 14:44:02","09-JUL-2026 14:44:07","00:00:05"
"Nitin Spinners Limited","56.71","43.29","0","-","30-JUN-2026","09-JUL-2026",,"https://nsearchives.nseindia.com/corporate/xbrl/SHP_1689657_09072026024314_WEB.xml","09-JUL-2026 14:43:18","09-JUL-2026 14:43:24","00:00:06"
"Repco Home Finance Limited","37.13","62.87","0","-","30-JUN-2026","09-JUL-2026",,"https://nsearchives.nseindia.com/corporate/xbrl/SHP_1689656_09072026024107_WEB.xml","09-JUL-2026 14:41:11","09-JUL-2026 14:41:16","00:00:05"
"Elecon Engineering Company Limited","59.27","40.73","0","-","30-JUN-2026","09-JUL-2026",,"https://nsearchives.nseindia.com/corporate/xbrl/SHP_1689643_09072026021504_WEB.xml","09-JUL-2026 14:15:10","09-JUL-2026 14:15:15","00:00:05"
"Vedanta Oil and Gas Limited","56.38","43.46","0.16","-","30-JUN-2026","09-JUL-2026",,"https://nsearchives.nseindia.com/corporate/xbrl/SHP_1689626_09072026014636_WEB.xml","09-JUL-2026 13:46:42","09-JUL-2026 13:46:46","00:00:04"
"Park Medi World Limited","82.89","17.11","0","-","30-JUN-2026","09-JUL-2026",,"https://nsearchives.nseindia.com/corporate/xbrl/SHP_1689623_09072026013633_WEB.xml","09-JUL-2026 13:36:39","09-JUL-2026 13:36:43","00:00:04"
"Rama Steel Tubes Limited","34.18","65.82","0","-","30-JUN-2026","09-JUL-2026",,"https://nsearchives.nseindia.com/corporate/xbrl/SHP_1689614_09072026011929_WEB.xml","09-JUL-2026 13:19:34","09-JUL-2026 13:19:38","00:00:04"
"Vardhman Holdings Limited","74.9","25.1","0","-","30-JUN-2026","09-JUL-2026",,"https://nsearchives.nseindia.com/corporate/xbrl/SHP_1689594_09072026124100_WEB.xml","09-JUL-2026 12:41:05","09-JUL-2026 12:41:08","00:00:03"
"DB (International) Stock Brokers Limited","41.18","58.82","0","-","30-JUN-2026","09-JUL-2026",,"https://nsearchives.nseindia.com/corporate/xbrl/SHP_1689593_09072026123946_WEB.xml","09-JUL-2026 12:39:49","09-JUL-2026 12:39:54","00:00:05"
"Ujjivan Small Finance Bank Limited","0","100","0","-","30-JUN-2026","09-JUL-2026",,"https://nsearchives.nseindia.com/corporate/xbrl/SHP_1689592_09072026123907_WEB.xml","09-JUL-2026 12:39:10","09-JUL-2026 12:39:14","00:00:04"
"Vardhman Acrylics Limited","74.97","25.03","0","-","30-JUN-2026","09-JUL-2026",,"https://nsearchives.nseindia.com/corporate/xbrl/SHP_1689591_09072026123801_WEB.xml","09-JUL-2026 12:38:06","09-JUL-2026 12:38:10","00:00:04"
"Vardhman Special Steels Limited","51.06","48.94","0","-","30-JUN-2026","09-JUL-2026",,"https://nsearchives.nseindia.com/corporate/xbrl/SHP_1689587_09072026123607_WEB.xml","09-JUL-2026 12:36:13","09-JUL-2026 12:36:17","00:00:04"
"Vardhman Textiles Limited","65.08","34.92","0","-","30-JUN-2026","09-JUL-2026",,"https://nsearchives.nseindia.com/corporate/xbrl/SHP_1689579_09072026122926_WEB.xml","09-JUL-2026 12:29:32","09-JUL-2026 12:29:37","00:00:05"
"Nahar Capital and Financial Services Limited","72.53","27.47","0","-","30-JUN-2026","09-JUL-2026",,"https://nsearchives.nseindia.com/corporate/xbrl/SHP_1689578_09072026122905_WEB.xml","09-JUL-2026 12:29:10","09-JUL-2026 12:29:15","00:00:05"
"CMS Info Systems Limited","0","100","0","-","30-JUN-2026","09-JUL-2026",,"https://nsearchives.nseindia.com/corporate/xbrl/SHP_1689577_09072026122857_WEB.xml","09-JUL-2026 12:29:03","09-JUL-2026 12:29:08","00:00:05"
"Cords Cable Industries Limited","52.45","47.55","0","-","30-JUN-2026","09-JUL-2026",,"https://nsearchives.nseindia.com/corporate/xbrl/SHP_1689575_09072026122730_WEB.xml","09-JUL-2026 12:27:34","09-JUL-2026 12:27:38","00:00:04"
"Vital Chemtech Limited","73.43","26.57","0","-","30-JUN-2026","09-JUL-2026",,"https://nsearchives.nseindia.com/corporate/xbrl/SHP_1689564_09072026120938_WEB.xml","09-JUL-2026 12:09:43","09-JUL-2026 12:09:47","00:00:04"
"Shyam Metalics and Energy Limited","74.59","25.14","0.27","-","30-JUN-2026","09-JUL-2026",,"https://nsearchives.nseindia.com/corporate/xbrl/SHP_1689561_09072026120332_WEB.xml","09-JUL-2026 12:03:36","09-JUL-2026 12:03:41","00:00:05"
"AMD Industries Limited","66.73","33.27","0","-","30-JUN-2026","09-JUL-2026",,"https://nsearchives.nseindia.com/corporate/xbrl/SHP_1689558_09072026115334_WEB.xml","09-JUL-2026 11:53:38","09-JUL-2026 11:53:43","00:00:05"
"Aartech Solonics Limited","52.75","47.25","0","-","30-JUN-2026","09-JUL-2026",,"https://nsearchives.nseindia.com/corporate/xbrl/SHP_1689555_09072026114851_WEB.xml","09-JUL-2026 11:48:55","09-JUL-2026 11:49:00","00:00:05"
"Ahluwalia Contracts (India) Limited","55.32","44.68","0","-","30-JUN-2026","09-JUL-2026",,"https://nsearchives.nseindia.com/corporate/xbrl/SHP_1689543_09072026111935_WEB.xml","09-JUL-2026 11:19:39","09-JUL-2026 11:19:44","00:00:05"
"National Aluminium Company Limited","51.28","48.72","0","-","30-JUN-2026","09-JUL-2026",,"https://nsearchives.nseindia.com/corporate/xbrl/SHP_1689539_09072026111022_WEB.xml","09-JUL-2026 11:10:28","09-JUL-2026 11:10:33","00:00:05"
"Tips Music Limited","64.15","35.85","0","-","30-JUN-2026","09-JUL-2026",,"https://nsearchives.nseindia.com/corporate/xbrl/SHP_1689531_09072026110213_WEB.xml","09-JUL-2026 11:02:20","09-JUL-2026 11:02:25","00:00:05"
"PTC India Financial Services Limited","64.99","35.01","0","-","30-JUN-2026","08-JUL-2026",,"https://nsearchives.nseindia.com/corporate/xbrl/SHP_1689067_08072026102241_WEB.xml","08-JUL-2026 10:22:51","08-JUL-2026 10:22:56","00:00:05"
"ICRA Limited","51.87","47.86","0.27","-","30-JUN-2026","08-JUL-2026",,"https://nsearchives.nseindia.com/corporate/xbrl/SHP_1689504_08072026102716_WEB.xml","08-JUL-2026 22:27:28","08-JUL-2026 22:27:33","00:00:05"
"RBL Bank Limited","60","40","0","-","30-JUN-2026","08-JUL-2026",,"https://nsearchives.nseindia.com/corporate/xbrl/SHP_1689496_08072026091022_WEB.xml","08-JUL-2026 21:10:33","08-JUL-2026 21:10:37","00:00:04"
"ETERNAL LIMITED","0","95.39","4.61","-","30-JUN-2026","08-JUL-2026",,"https://nsearchives.nseindia.com/corporate/xbrl/SHP_1689462_08072026071407_WEB.xml","08-JUL-2026 19:14:17","08-JUL-2026 19:14:21","00:00:04"
"Eveready Industries India Limited","43.6","56.4","0","-","30-JUN-2026","08-JUL-2026",,"https://nsearchives.nseindia.com/corporate/xbrl/SHP_1689461_08072026070914_WEB.xml","08-JUL-2026 19:09:21","08-JUL-2026 19:09:25","00:00:04"
"Waaree Energies Limited","64.12","35.88","0","-","30-JUN-2026","08-JUL-2026",,"https://nsearchives.nseindia.com/corporate/xbrl/SHP_1689454_08072026065807_WEB.xml","08-JUL-2026 18:58:12","08-JUL-2026 18:58:16","00:00:04"
"Shringar House of Mangalsutra Limited","74.8","25.2","0","Revised","30-JUN-2026","08-JUL-2026","28-JUL-2026","https://nsearchives.nseindia.com/corporate/xbrl/SHP_1703224_28072026055618_WEB.xml","29-JUL-2026 15:53:46","29-JUL-2026 15:53:52","00:00:06"
"Cantabil Retail India Limited","74.46","25.54","0","-","30-JUN-2026","08-JUL-2026",,"https://nsearchives.nseindia.com/corporate/xbrl/SHP_1689405_08072026060418_WEB.xml","08-JUL-2026 18:04:26","08-JUL-2026 18:04:31","00:00:05"
"Kilitch Drugs (India) Limited","63.77","36.23","0","-","30-JUN-2026","08-JUL-2026",,"https://nsearchives.nseindia.com/corporate/xbrl/SHP_1689380_08072026053736_WEB.xml","08-JUL-2026 17:37:42","08-JUL-2026 17:37:46","00:00:04"
"Bigbloc Construction Limited","72.81","27.19","0","-","30-JUN-2026","08-JUL-2026",,"https://nsearchives.nseindia.com/corporate/xbrl/SHP_1689373_08072026053204_WEB.xml","08-JUL-2026 17:32:08","08-JUL-2026 17:32:13","00:00:05"
"Action Construction Equipment Limited","65.42","34.53","0.05","-","30-JUN-2026","08-JUL-2026",,"https://nsearchives.nseindia.com/corporate/xbrl/SHP_1689371_08072026053128_WEB.xml","08-JUL-2026 17:31:32","08-JUL-2026 17:31:36","00:00:04"
"Sai Silks (Kalamandir) Limited","60.97","35.11","3.92","-","30-JUN-2026","08-JUL-2026",,"https://nsearchives.nseindia.com/corporate/xbrl/SHP_1689368_08072026053053_WEB.xml","08-JUL-2026 17:30:58","08-JUL-2026 17:31:03","00:00:05"
"Ausom Enterprise Limited","73.7","26.3","0","-","30-JUN-2026","08-JUL-2026",,"https://nsearchives.nseindia.com/corporate/xbrl/SHP_1689354_08072026052120_WEB.xml","08-JUL-2026 17:21:25","08-JUL-2026 17:21:30","00:00:05"
"Mohit Industries Limited","54.94","45.06","0","-","30-JUN-2026","08-JUL-2026",,"https://nsearchives.nseindia.com/corporate/xbrl/SHP_1689314_08072026044720_WEB.xml","08-JUL-2026 16:47:25","08-JUL-2026 16:47:29","00:00:04"
"BLB Limited","45.77","54.23","0","-","30-JUN-2026","08-JUL-2026",,"https://nsearchives.nseindia.com/corporate/xbrl/SHP_1689306_08072026043935_WEB.xml","08-JUL-2026 16:39:38","08-JUL-2026 16:39:42","00:00:04"
"Muthoot Microfin Limited","55.47","42.94","1.6","-","30-JUN-2026","08-JUL-2026",,"https://nsearchives.nseindia.com/corporate/xbrl/SHP_1689303_08072026043800_WEB.xml","08-JUL-2026 16:38:06","08-JUL-2026 16:38:11","00:00:05"
"Diamines & Chemicals Limited","57.5","42.5","0","-","30-JUN-2026","08-JUL-2026",,"https://nsearchives.nseindia.com/corporate/xbrl/SHP_1689272_08072026041905_WEB.xml","08-JUL-2026 16:19:10","08-JUL-2026 16:19:15","00:00:05"
"Shreeji Shipping Global Limited","90","10","0","-","30-JUN-2026","08-JUL-2026",,"https://nsearchives.nseindia.com/corporate/xbrl/SHP_1689266_08072026041102_WEB.xml","08-JUL-2026 16:11:09","08-JUL-2026 16:11:13","00:00:04"
"National Fertilizers Limited","74.71","25.29","0","-","30-JUN-2026","08-JUL-2026",,"https://nsearchives.nseindia.com/corporate/xbrl/SHP_1689264_08072026040806_WEB.xml","08-JUL-2026 16:08:09","08-JUL-2026 16:08:14","00:00:05"
"L&T Finance Limited","65.96","34.04","0","-","30-JUN-2026","08-JUL-2026",,"https://nsearchives.nseindia.com/corporate/xbrl/SHP_1689262_08072026040710_WEB.xml","08-JUL-2026 16:07:15","08-JUL-2026 16:07:20","00:00:05"
"P N Gadgil Jewellers Limited","83.11","16.89","0","-","30-JUN-2026","08-JUL-2026",,"https://nsearchives.nseindia.com/corporate/xbrl/SHP_1689261_08072026040048_WEB.xml","08-JUL-2026 16:00:55","08-JUL-2026 16:01:00","00:00:05"
"Aries Agro Limited","52.66","47.34","0","-","30-JUN-2026","08-JUL-2026",,"https://nsearchives.nseindia.com/corporate/xbrl/SHP_1689255_08072026034444_WEB.xml","08-JUL-2026 15:44:47","08-JUL-2026 15:44:52","00:00:05"
"Bank of Baroda","63.97","36.03","0","-","30-JUN-2026","08-JUL-2026",,"https://nsearchives.nseindia.com/corporate/xbrl/SHP_1689248_08072026033602_WEB.xml","08-JUL-2026 15:36:07","08-JUL-2026 15:36:11","00:00:04"
"UCO Bank","90.95","9.05","0","-","30-JUN-2026","08-JUL-2026",,"https://nsearchives.nseindia.com/corporate/xbrl/SHP_1689246_08072026033547_WEB.xml","08-JUL-2026 15:35:50","08-JUL-2026 15:35:54","00:00:04"
"Adani Green Energy Limited","62.43","37.57","0","-","30-JUN-2026","08-JUL-2026",,"https://nsearchives.nseindia.com/corporate/xbrl/SHP_1689243_08072026033126_WEB.xml","08-JUL-2026 15:31:32","08-JUL-2026 15:31:36","00:00:04"
"Krishna Defence And Allied Industries Limited","59.9","40.1","0","-","30-JUN-2026","08-JUL-2026",,"https://nsearchives.nseindia.com/corporate/xbrl/SHP_1689239_08072026032842_WEB.xml","08-JUL-2026 15:28:45","08-JUL-2026 15:28:49","00:00:04"
"Ircon International Limited","65.17","34.83","0","-","30-JUN-2026","08-JUL-2026",,"https://nsearchives.nseindia.com/corporate/xbrl/SHP_1689236_08072026032530_WEB.xml","08-JUL-2026 15:25:34","08-JUL-2026 15:25:37","00:00:03"
"Krebs Biochemicals and Industries Limited","72.74","27.26","0","-","30-JUN-2026","08-JUL-2026",,"https://nsearchives.nseindia.com/corporate/xbrl/SHP_1689230_08072026031307_WEB.xml","08-JUL-2026 15:13:11","08-JUL-2026 15:13:15","00:00:04"
"Latteys Industries Limited","70.42","29.58","0","Revised","30-JUN-2026","08-JUL-2026","12-AUG-2026","https://nsearchives.nseindia.com/corporate/xbrl/SHP_1712438_12082026032452_WEB.xml","13-AUG-2026 15:34:01","13-AUG-2026 15:34:07","00:00:06"
"Reliance Chemotex Industries Limited","67.68","32.32","0","-","30-JUN-2026","08-JUL-2026",,"https://nsearchives.nseindia.com/corporate/xbrl/SHP_1689210_08072026023931_WEB.xml","08-JUL-2026 14:39:35","08-JUL-2026 14:39:40","00:00:05"
"Varroc Engineering Limited","75","25","0","-","30-JUN-2026","08-JUL-2026",,"https://nsearchives.nseindia.com/corporate/xbrl/SHP_1689208_08072026023919_WEB.xml","08-JUL-2026 14:39:24","08-JUL-2026 14:39:28","00:00:04"
"Lakshmi Finance & Industrial Corporation Limited","47","53","0","-","30-JUN-2026","08-JUL-2026",,"https://nsearchives.nseindia.com/corporate/xbrl/SHP_1689201_08072026023317_WEB.xml","08-JUL-2026 14:33:21","08-JUL-2026 14:33:26","00:00:05"
"Pritika Auto Industries Limited","57.6","42.4","0","-","30-JUN-2026","08-JUL-2026",,"https://nsearchives.nseindia.com/corporate/xbrl/SHP_1689200_08072026023013_WEB.xml","08-JUL-2026 14:30:18","08-JUL-2026 14:30:23","00:00:05"
"Aro Granite Industries Limited","41.08","58.92","0","-","30-JUN-2026","08-JUL-2026",,"https://nsearchives.nseindia.com/corporate/xbrl/SHP_1689196_08072026022428_WEB.xml","08-JUL-2026 14:24:32","08-JUL-2026 14:24:37","00:00:05"
"Avantel Limited","37.04","62.96","0","-","30-JUN-2026","08-JUL-2026",,"https://nsearchives.nseindia.com/corporate/xbrl/SHP_1689195_08072026022211_WEB.xml","08-JUL-2026 14:22:14","08-JUL-2026 14:22:19","00:00:05"
"Technocraft Industries (India) Limited","74.75","25.25","0","-","30-JUN-2026","08-JUL-2026",,"https://nsearchives.nseindia.com/corporate/xbrl/SHP_1689191_08072026021824_WEB.xml","08-JUL-2026 14:18:29","08-JUL-2026 14:18:33","00:00:04"
"Banaras Beads Limited","58.48","41.52","0","-","30-JUN-2026","08-JUL-2026",,"https://nsearchives.nseindia.com/corporate/xbrl/SHP_1689190_08072026021820_WEB.xml","08-JUL-2026 14:18:24","08-JUL-2026 14:18:28","00:00:04"
"J.Kumar Infraprojects Limited","46.65","53.35","0","Revised","30-JUN-2026","08-JUL-2026","12-AUG-2026","https://nsearchives.nseindia.com/corporate/xbrl/SHP_1712290_12082026094512_WEB.xml","21-AUG-2026 15:29:42","21-AUG-2026 15:29:46","00:00:04"
"Veedol Corporation Limited","64.58","32.95","2.46","-","30-JUN-2026","08-JUL-2026",,"https://nsearchives.nseindia.com/corporate/xbrl/SHP_1689184_08072026020955_WEB.xml","08-JUL-2026 14:10:01","08-JUL-2026 14:11:07","00:01:06"
"Innova Captab Limited","50.9","49.1","0","-","30-JUN-2026","08-JUL-2026",,"https://nsearchives.nseindia.com/corporate/xbrl/SHP_1689168_08072026012649_WEB.xml","08-JUL-2026 13:26:55","08-JUL-2026 13:26:59","00:00:04"
"Manaksia Limited","74.93","25.07","0","-","30-JUN-2026","08-JUL-2026",,"https://nsearchives.nseindia.com/corporate/xbrl/SHP_1689164_08072026012011_WEB.xml","08-JUL-2026 13:20:15","08-JUL-2026 13:20:20","00:00:05"
"Gayatri Projects Limited","23.56","76.44","0","-","30-JUN-2026","08-JUL-2026",,"https://nsearchives.nseindia.com/corporate/xbrl/SHP_1689159_08072026011458_WEB.xml","08-JUL-2026 13:15:01","08-JUL-2026 13:15:07","00:00:06"
"The New India Assurance Company Limited","85.44","14.56","0","-","30-JUN-2026","08-JUL-2026",,"https://nsearchives.nseindia.com/corporate/xbrl/SHP_1689154_08072026010320_WEB.xml","08-JUL-2026 13:03:25","08-JUL-2026 13:03:29","00:00:04"
"IL&FS Engineering and Construction Company Limited","42.25","57.75","0","-","30-JUN-2026","08-JUL-2026",,"https://nsearchives.nseindia.com/corporate/xbrl/SHP_1689153_08072026010238_WEB.xml","08-JUL-2026 13:02:41","08-JUL-2026 13:02:45","00:00:04"
"Sundrop Brands Limited","43.9","56.1","0","-","30-JUN-2026","08-JUL-2026",,"https://nsearchives.nseindia.com/corporate/xbrl/SHP_1689151_08072026125619_WEB.xml","08-JUL-2026 12:56:23","08-JUL-2026 12:56:28","00:00:05"
"Chembond Chemicals Limited","68","32","0","-","30-JUN-2026","08-JUL-2026",,"https://nsearchives.nseindia.com/corporate/xbrl/SHP_1689149_08072026125328_WEB.xml","08-JUL-2026 12:53:34","08-JUL-2026 12:53:38","00:00:04"
"Inspirisys Solutions Limited","69.95","30.05","0","-","30-JUN-2026","08-JUL-2026",,"https://nsearchives.nseindia.com/corporate/xbrl/SHP_1689146_08072026125019_WEB.xml","08-JUL-2026 12:50:23","08-JUL-2026 12:50:27","00:00:04"
"Indo Farm Equipment Limited","70.63","29.37","0","-","30-JUN-2026","08-JUL-2026",,"https://nsearchives.nseindia.com/corporate/xbrl/SHP_1689145_08072026124903_WEB.xml","08-JUL-2026 12:49:06","08-JUL-2026 12:49:10","00:00:04"
"Gujarat Mineral Development Corporation Limited","74","26","0","-","30-JUN-2026","08-JUL-2026",,"https://nsearchives.nseindia.com/corporate/xbrl/SHP_1689144_08072026124621_WEB.xml","08-JUL-2026 12:46:25","08-JUL-2026 12:46:30","00:00:05"
"Mastek Limited","35.76","64.24","0","-","30-JUN-2026","08-JUL-2026",,"https://nsearchives.nseindia.com/corporate/xbrl/SHP_1689143_08072026124542_WEB.xml","08-JUL-2026 12:45:47","08-JUL-2026 12:45:51","00:00:04"
"Zodiac Clothing Company Limited","72.93","27.07","0","-","30-JUN-2026","08-JUL-2026",,"https://nsearchives.nseindia.com/corporate/xbrl/SHP_1689140_08072026123751_WEB.xml","08-JUL-2026 12:37:54","08-JUL-2026 12:37:58","00:00:04"
"Gujarat Industries Power Company Limited","56.57","43.43","0","-","30-JUN-2026","08-JUL-2026",,"https://nsearchives.nseindia.com/corporate/xbrl/SHP_1689137_08072026123652_WEB.xml","08-JUL-2026 12:36:59","08-JUL-2026 12:37:03","00:00:04"
"DEE Development Engineers Limited","70.18","29.82","0","-","30-JUN-2026","08-JUL-2026",,"https://nsearchives.nseindia.com/corporate/xbrl/SHP_1689134_08072026123431_WEB.xml","08-JUL-2026 12:34:36","08-JUL-2026 12:34:40","00:00:04"
"Tribhovandas Bhimji Zaveri Limited","74.12","25.88","0","-","30-JUN-2026","08-JUL-2026",,"https://nsearchives.nseindia.com/corporate/xbrl/SHP_1689132_08072026123102_WEB.xml","08-JUL-2026 12:31:05","08-JUL-2026 12:31:10","00:00:05"
"Bodal Chemicals Limited","57","43","0","-","30-JUN-2026","08-JUL-2026",,"https://nsearchives.nseindia.com/corporate/xbrl/SHP_1689129_08072026122240_WEB.xml","08-JUL-2026 12:22:45","08-JUL-2026 12:22:49","00:00:04"
"Gokul Agro Resources Limited","74.24","25.76","0","-","30-JUN-2026","08-JUL-2026",,"https://nsearchives.nseindia.com/corporate/xbrl/SHP_1689128_08072026122227_WEB.xml","08-JUL-2026 12:22:36","08-JUL-2026 12:22:41","00:00:05"
"Prakash Industries Limited","44.38","55.62","0","-","30-JUN-2026","08-JUL-2026",,"https://nsearchives.nseindia.com/corporate/xbrl/SHP_1689116_08072026121304_WEB.xml","08-JUL-2026 12:13:10","08-JUL-2026 12:13:15","00:00:05"
"Manaksia Steels Limited","74.75","25.25","0","-","30-JUN-2026","08-JUL-2026",,"https://nsearchives.nseindia.com/corporate/xbrl/SHP_1689112_08072026120910_WEB.xml","08-JUL-2026 12:09:13","08-JUL-2026 12:09:17","00:00:04"
"Ace Integrated Solutions Limited","73.53","26.47","0","-","30-JUN-2026","08-JUL-2026",,"https://nsearchives.nseindia.com/corporate/xbrl/SHP_1689111_08072026120511_WEB.xml","08-JUL-2026 12:05:14","08-JUL-2026 12:05:18","00:00:04"
"Wonderla Holidays Limited","62.22","37.78","0","-","30-JUN-2026","08-JUL-2026",,"https://nsearchives.nseindia.com/corporate/xbrl/SHP_1689108_08072026120324_WEB.xml","08-JUL-2026 12:03:27","08-JUL-2026 12:03:30","00:00:03"
"Heritage Foods Limited","41.3","58.7","0","-","30-JUN-2026","08-JUL-2026",,"https://nsearchives.nseindia.com/corporate/xbrl/SHP_1689104_08072026115419_WEB.xml","08-JUL-2026 11:54:23","08-JUL-2026 11:54:28","00:00:05"
"Murudeshwar Ceramics Limited","73.94","26.06","0","-","30-JUN-2026","08-JUL-2026",,"https://nsearchives.nseindia.com/corporate/xbrl/SHP_1689103_08072026115248_WEB.xml","08-JUL-2026 11:52:52","08-JUL-2026 11:52:58","00:00:06"
"Lemon Tree Hotels Limited","22.32","77.63","0.05","-","30-JUN-2026","08-JUL-2026",,"https://nsearchives.nseindia.com/corporate/xbrl/SHP_1689097_08072026113706_WEB.xml","08-JUL-2026 11:37:10","08-JUL-2026 11:37:15","00:00:05"
"Sarthak Metals Limited","68.81","31.19","0","-","30-JUN-2026","08-JUL-2026",,"https://nsearchives.nseindia.com/corporate/xbrl/SHP_1689077_08072026104935_WEB.xml","08-JUL-2026 10:49:39","08-JUL-2026 10:49:43","00:00:04"
"Raghav Productivity Enhancers Limited","62.89","37.11","0","-","30-JUN-2026","07-JUL-2026",,"https://nsearchives.nseindia.com/corporate/xbrl/SHP_1688650_07072026103803_WEB.xml","07-JUL-2026 10:38:13","07-JUL-2026 10:38:18","00:00:05"
"Plastiblends India Limited","62.81","37.19","0","-","30-JUN-2026","07-JUL-2026",,"https://nsearchives.nseindia.com/corporate/xbrl/SHP_1689039_07072026082409_WEB.xml","07-JUL-2026 20:24:14","07-JUL-2026 20:24:18","00:00:04"
"Windsor Machines Limited","42.95","57.05","0","-","30-JUN-2026","07-JUL-2026",,"https://nsearchives.nseindia.com/corporate/xbrl/SHP_1689011_07072026070620_WEB.xml","07-JUL-2026 19:06:27","07-JUL-2026 19:06:32","00:00:05"
"Canara Bank","62.93","37.07","0","-","30-JUN-2026","07-JUL-2026",,"https://nsearchives.nseindia.com/corporate/xbrl/SHP_1688972_07072026061825_WEB.xml","07-JUL-2026 18:18:32","07-JUL-2026 18:18:36","00:00:04"
"Esab India Limited","73.72","26.28","0","-","30-JUN-2026","07-JUL-2026",,"https://nsearchives.nseindia.com/corporate/xbrl/SHP_1688933_07072026054231_WEB.xml","07-JUL-2026 17:42:37","07-JUL-2026 17:42:41","00:00:04"
"Sagardeep Alloys Limited","72.69","27.31","0","Revised","30-JUN-2026","07-JUL-2026","27-JUL-2026","https://nsearchives.nseindia.com/corporate/xbrl/SHP_1702037_27072026042117_WEB.xml","25-AUG-2026 13:14:35","25-AUG-2026 13:14:40","00:00:05"
"RACL Geartech Limited","42.7","57.3","0","-","30-JUN-2026","07-JUL-2026",,"https://nsearchives.nseindia.com/corporate/xbrl/SHP_1688920_07072026052910_WEB.xml","07-JUL-2026 17:29:14","07-JUL-2026 17:29:18","00:00:04"
"Abhishek Corporation Limited","57.63","42.37","0","-","30-JUN-2026","07-JUL-2026",,"https://nsearchives.nseindia.com/corporate/xbrl/SHP_1688907_07072026051747_WEB.xml","07-JUL-2026 17:17:50","07-JUL-2026 17:17:55","00:00:05"
"Symphony Limited","73.43","26.57","0","-","30-JUN-2026","07-JUL-2026",,"https://nsearchives.nseindia.com/corporate/xbrl/SHP_1688873_07072026044724_WEB.xml","07-JUL-2026 16:47:33","07-JUL-2026 16:47:37","00:00:04"
"The Motor & General Finance Limited","70.79","29.21","0","-","30-JUN-2026","07-JUL-2026",,"https://nsearchives.nseindia.com/corporate/xbrl/SHP_1688846_07072026041256_WEB.xml","07-JUL-2026 16:13:03","07-JUL-2026 16:13:07","00:00:04"
"HALEOS LABS LIMITED","72.11","27.89","0","-","30-JUN-2026","07-JUL-2026",,"https://nsearchives.nseindia.com/corporate/xbrl/SHP_1688836_07072026040727_WEB.xml","07-JUL-2026 16:07:32","07-JUL-2026 16:07:36","00:00:04"
"Noida Toll Bridge Company Limited","26.37","73.63","0","-","30-JUN-2026","07-JUL-2026",,"https://nsearchives.nseindia.com/corporate/xbrl/SHP_1688832_07072026040109_WEB.xml","07-JUL-2026 16:01:13","07-JUL-2026 16:01:17","00:00:04"
"GVK Power & Infrastructure Limited","54.25","45.75","0","-","30-JUN-2026","07-JUL-2026",,"https://nsearchives.nseindia.com/corporate/xbrl/SHP_1688828_07072026035937_WEB.xml","07-JUL-2026 15:59:41","07-JUL-2026 15:59:45","00:00:04"
"Mangalore Refinery and Petrochemicals Limited","88.58","11.42","0","-","30-JUN-2026","07-JUL-2026",,"https://nsearchives.nseindia.com/corporate/xbrl/SHP_1688822_07072026035515_WEB.xml","07-JUL-2026 15:55:23","07-JUL-2026 15:55:27","00:00:04"
"Markolines Pavement Technologies Limited","55","45","0","-","30-JUN-2026","07-JUL-2026",,"https://nsearchives.nseindia.com/corporate/xbrl/SHP_1688803_07072026034405_WEB.xml","07-JUL-2026 15:44:09","07-JUL-2026 15:44:13","00:00:04"
"Dharani Sugars&Chemicals Limited","61.55","38.45","0","-","30-JUN-2026","07-JUL-2026",,"https://nsearchives.nseindia.com/corporate/xbrl/SHP_1688753_07072026030907_WEB.xml","07-JUL-2026 15:09:12","07-JUL-2026 15:09:17","00:00:05"
"Mawana Sugars Limited","63.49","36.51","0","-","30-JUN-2026","07-JUL-2026",,"https://nsearchives.nseindia.com/corporate/xbrl/SHP_1688751_07072026030722_WEB.xml","07-JUL-2026 15:07:26","07-JUL-2026 15:07:31","00:00:05"
"Dr. Agarwal's Health Care Limited","32.34","67.66","0","-","30-JUN-2026","07-JUL-2026",,"https://nsearchives.nseindia.com/corporate/xbrl/SHP_1688740_07072026024339_WEB.xml","07-JUL-2026 14:43:47","07-JUL-2026 14:43:52","00:00:05"
"Taj GVK Hotels & Resorts Limited","71","29","0","-","30-JUN-2026","07-JUL-2026",,"https://nsearchives.nseindia.com/corporate/xbrl/SHP_1688739_07072026023951_WEB.xml","07-JUL-2026 14:39:56","07-JUL-2026 14:40:00","00:00:04"
"Raj Television Network Limited","70.96","29.04","0","-","30-JUN-2026","07-JUL-2026",,"https://nsearchives.nseindia.com/corporate/xbrl/SHP_1688733_07072026023253_WEB.xml","07-JUL-2026 14:32:57","07-JUL-2026 14:33:02","00:00:05"
"Rain Industries Limited","41.35","58.65","0","-","30-JUN-2026","07-JUL-2026",,"https://nsearchives.nseindia.com/corporate/xbrl/SHP_1688731_07072026023205_WEB.xml","07-JUL-2026 14:32:11","07-JUL-2026 14:32:16","00:00:05"
"Anjani Portland Cement Limited","75","25","0","-","30-JUN-2026","07-JUL-2026",,"https://nsearchives.nseindia.com/corporate/xbrl/SHP_1688724_07072026020516_WEB.xml","07-JUL-2026 14:05:18","07-JUL-2026 14:05:22","00:00:04"
"Baid Finserv Limited","47.39","52.61","0","-","30-JUN-2026","07-JUL-2026",,"https://nsearchives.nseindia.com/corporate/xbrl/SHP_1688718_07072026013038_WEB.xml","07-JUL-2026 13:30:42","07-JUL-2026 13:30:46","00:00:04"
"Inventure Growth & Securities Limited","26.4","73.6","0","-","30-JUN-2026","07-JUL-2026",,"https://nsearchives.nseindia.com/corporate/xbrl/SHP_1688713_07072026011601_WEB.xml","07-JUL-2026 13:16:05","07-JUL-2026 13:16:09","00:00:04"
"Manaksia Aluminium Company Limited","74.87","25.13","0","-","30-JUN-2026","07-JUL-2026",,"https://nsearchives.nseindia.com/corporate/xbrl/SHP_1688710_07072026010623_WEB.xml","07-JUL-2026 13:06:27","07-JUL-2026 13:06:31","00:00:04"
"Maharashtra Seamless Limited","70.28","29.72","0","-","30-JUN-2026","07-JUL-2026",,"https://nsearchives.nseindia.com/corporate/xbrl/SHP_1688708_07072026010418_WEB.xml","07-JUL-2026 13:04:24","07-JUL-2026 13:04:28","00:00:04"
"Rushil Decor Limited","55.1","44.9","0","-","30-JUN-2026","07-JUL-2026",,"https://nsearchives.nseindia.com/corporate/xbrl/SHP_1688704_07072026125255_WEB.xml","07-JUL-2026 12:53:02","07-JUL-2026 12:53:06","00:00:04"
"Yuken India Limited","58.04","41.96","0","-","30-JUN-2026","07-JUL-2026",,"https://nsearchives.nseindia.com/corporate/xbrl/SHP_1688700_07072026124221_WEB.xml","07-JUL-2026 12:42:27","07-JUL-2026 12:42:32","00:00:05"
"Shipping Corporation of India Land and Assets Limited","63.75","36.25","0","-","30-JUN-2026","07-JUL-2026",,"https://nsearchives.nseindia.com/corporate/xbrl/SHP_1688681_07072026115630_WEB.xml","07-JUL-2026 11:56:33","07-JUL-2026 11:56:38","00:00:05"
"Sarda Energy & Minerals Limited","73.16","26.84","0","-","30-JUN-2026","07-JUL-2026",,"https://nsearchives.nseindia.com/corporate/xbrl/SHP_1688676_07072026115211_WEB.xml","07-JUL-2026 11:52:17","07-JUL-2026 11:52:22","00:00:05"
"HMA Agro Industries Limited","75","25","0","-","30-JUN-2026","07-JUL-2026",,"https://nsearchives.nseindia.com/corporate/xbrl/SHP_1688666_07072026113617_WEB.xml","07-JUL-2026 11:36:23","07-JUL-2026 11:36:29","00:00:06"
"D-Link (India) Limited","51.02","48.98","0","-","30-JUN-2026","07-JUL-2026",,"https://nsearchives.nseindia.com/corporate/xbrl/SHP_1688657_07072026111851_WEB.xml","07-JUL-2026 11:18:59","07-JUL-2026 11:19:03","00:00:04"
"Blue Jet Healthcare Limited","79.81","20.19","0","Revised","30-JUN-2026","06-JUL-2026","10-JUL-2026","https://nsearchives.nseindia.com/corporate/xbrl/SHP_1690387_10072026034642_WEB.xml","17-JUL-2026 10:49:46","17-JUL-2026 10:49:50","00:00:04"
"HEG Advanced Materials Limited","56.28","43.72","0","-","30-JUN-2026","06-JUL-2026",,"https://nsearchives.nseindia.com/corporate/xbrl/SHP_1688625_06072026094857_WEB.xml","06-JUL-2026 21:49:05","06-JUL-2026 21:49:11","00:00:06"
"Indbank Merchant Banking Services Limited","64.84","35.16","0","-","30-JUN-2026","06-JUL-2026",,"https://nsearchives.nseindia.com/corporate/xbrl/SHP_1688584_06072026071714_WEB.xml","06-JUL-2026 19:17:18","06-JUL-2026 19:17:23","00:00:05"
"DLF Limited","74.08","25.92","0","-","30-JUN-2026","06-JUL-2026",,"https://nsearchives.nseindia.com/corporate/xbrl/SHP_1688574_06072026065528_WEB.xml","06-JUL-2026 18:55:35","06-JUL-2026 18:55:39","00:00:04"
"Manaksia Coated Metals & Industries Limited","57.78","42.22","0","Revised","30-JUN-2026","06-JUL-2026","23-JUL-2026","https://nsearchives.nseindia.com/corporate/xbrl/SHP_1699873_23072026022202_WEB.xml","26-JUL-2026 23:40:10","26-JUL-2026 23:40:14","00:00:04"
"Airo Lam limited","53.41","46.59","0","-","30-JUN-2026","06-JUL-2026",,"https://nsearchives.nseindia.com/corporate/xbrl/SHP_1688478_06072026053300_WEB.xml","06-JUL-2026 17:33:10","06-JUL-2026 17:33:14","00:00:04"
"Manaksia Coated Metals & Industries Limited","57.78","42.22","0","-","30-JUN-2026","06-JUL-2026",,"https://nsearchives.nseindia.com/corporate/xbrl/SHP_1688468_06072026051313_WEB.xml","06-JUL-2026 17:13:18","06-JUL-2026 17:13:23","00:00:05"
"Zenith Exports Limited","45.54","54.46","0","Revised","30-JUN-2026","06-JUL-2026","11-JUL-2026","https://nsearchives.nseindia.com/corporate/xbrl/-","16-JUL-2026 15:31:01","16-JUL-2026 15:31:06","00:00:05"
"Hybrid Financial Services Limited","64.02","35.98","0","-","30-JUN-2026","06-JUL-2026",,"https://nsearchives.nseindia.com/corporate/xbrl/SHP_1688462_06072026050412_WEB.xml","06-JUL-2026 17:04:16","06-JUL-2026 17:04:20","00:00:04"
"21st Century Management Services Limited","64.43","35.57","0","Revised","30-JUN-2026","06-JUL-2026","31-JUL-2026","https://nsearchives.nseindia.com/corporate/xbrl/SHP_1705864_31072026012642_WEB.xml","31-JUL-2026 17:05:02","31-JUL-2026 17:05:08","00:00:06"
"MMTC Limited","89.93","10.07","0","-","30-JUN-2026","06-JUL-2026",,"https://nsearchives.nseindia.com/corporate/xbrl/SHP_1688438_06072026041925_WEB.xml","06-JUL-2026 16:19:29","06-JUL-2026 16:19:33","00:00:04"
"Wealth First Portfolio Managers Limited","74.04","25.96","0","-","30-JUN-2026","06-JUL-2026",,"https://nsearchives.nseindia.com/corporate/xbrl/SHP_1688435_06072026040819_WEB.xml","06-JUL-2026 16:08:23","06-JUL-2026 16:08:26","00:00:03"
"Gujarat Narmada Valley Fertilizers and Chemicals Limited","41.3","58.7","0","-","30-JUN-2026","06-JUL-2026",,"https://nsearchives.nseindia.com/corporate/xbrl/SHP_1688431_06072026035825_WEB.xml","06-JUL-2026 15:58:30","06-JUL-2026 15:58:34","00:00:04"
"Century Plyboards (India) Limited","71.83","28.17","0","-","30-JUN-2026","06-JUL-2026",,"https://nsearchives.nseindia.com/corporate/xbrl/SHP_1688423_06072026033834_WEB.xml","06-JUL-2026 15:38:40","06-JUL-2026 15:38:45","00:00:05"
"Kakatiya Cement Sugar & Industries Limited","54.25","45.75","0","-","30-JUN-2026","06-JUL-2026",,"https://nsearchives.nseindia.com/corporate/xbrl/SHP_1688417_06072026033109_WEB.xml","06-JUL-2026 15:31:12","06-JUL-2026 15:31:17","00:00:05"
"Munjal Showa Limited","65.02","34.98","0","-","30-JUN-2026","06-JUL-2026",,"https://nsearchives.nseindia.com/corporate/xbrl/SHP_1688412_06072026032125_WEB.xml","06-JUL-2026 15:21:31","06-JUL-2026 15:21:35","00:00:04"
"Dynemic Products Limited","29.42","70.58","0","-","30-JUN-2026","06-JUL-2026",,"https://nsearchives.nseindia.com/corporate/xbrl/SHP_1688398_06072026025306_WEB.xml","06-JUL-2026 14:53:10","06-JUL-2026 14:53:14","00:00:04"
"Shree Ram Twistex Limited","34.59","65.41","0","-","30-JUN-2026","06-JUL-2026",,"https://nsearchives.nseindia.com/corporate/xbrl/SHP_1688393_06072026024311_WEB.xml","06-JUL-2026 14:43:14","06-JUL-2026 14:43:18","00:00:04"
"Consolidated Construction Consortium Limited","60.05","39.95","0","-","30-JUN-2026","06-JUL-2026",,"https://nsearchives.nseindia.com/corporate/xbrl/SHP_1688387_06072026023752_WEB.xml","06-JUL-2026 14:37:54","06-JUL-2026 14:37:58","00:00:04"
"Reliable Data Services Limited","67.79","32.21","0","-","30-JUN-2026","06-JUL-2026",,"https://nsearchives.nseindia.com/corporate/xbrl/SHP_1688386_06072026023653_WEB.xml","06-JUL-2026 14:36:56","06-JUL-2026 14:37:01","00:00:05"
"Goa Carbon Limited","59.72","40.28","0","-","30-JUN-2026","06-JUL-2026",,"https://nsearchives.nseindia.com/corporate/xbrl/SHP_1688370_06072026014538_WEB.xml","06-JUL-2026 13:45:46","06-JUL-2026 13:45:51","00:00:05"
"Capital Small Finance Bank Limited","18.29","81.71","0","Revised","30-JUN-2026","06-JUL-2026","10-JUL-2026","https://nsearchives.nseindia.com/corporate/xbrl/SHP_1690179_10072026115002_WEB.xml","17-JUL-2026 10:43:44","17-JUL-2026 10:43:50","00:00:06"
"Indian Metals & Ferro Alloys Limited","58.69","41.31","0","-","30-JUN-2026","06-JUL-2026",,"https://nsearchives.nseindia.com/corporate/xbrl/SHP_1688357_06072026122904_WEB.xml","06-JUL-2026 12:29:12","06-JUL-2026 12:29:17","00:00:05"
"Tarmat Limited","29.05","70.95","0","-","30-JUN-2026","06-JUL-2026",,"https://nsearchives.nseindia.com/corporate/xbrl/SHP_1688352_06072026122311_WEB.xml","06-JUL-2026 12:23:19","06-JUL-2026 12:23:23","00:00:04"
"Global Education Limited","72.73","27.27","0","-","30-JUN-2026","06-JUL-2026",,"https://nsearchives.nseindia.com/corporate/xbrl/SHP_1688350_06072026121339_WEB.xml","06-JUL-2026 12:13:52","06-JUL-2026 12:13:56","00:00:04"
"AksharChem India Limited","62.7","37.3","0","-","30-JUN-2026","06-JUL-2026",,"https://nsearchives.nseindia.com/corporate/xbrl/SHP_1688322_06072026110051_WEB.xml","06-JUL-2026 11:00:59","06-JUL-2026 11:01:03","00:00:04"
"Antelopus Selan Energy Limited","69.94","30.06","0","-","30-JUN-2026","06-JUL-2026",,"https://nsearchives.nseindia.com/corporate/xbrl/SHP_1688321_06072026105920_WEB.xml","06-JUL-2026 10:59:34","06-JUL-2026 10:59:37","00:00:03"
"Adani Power Limited","74.96","25.04","0","-","30-JUN-2026","05-JUL-2026",,"https://nsearchives.nseindia.com/corporate/xbrl/SHP_1688309_05072026044522_WEB.xml","05-JUL-2026 16:45:39","05-JUL-2026 16:45:43","00:00:04"
"Indian Bank","73.84","26.16","0","-","30-JUN-2026","04-JUL-2026",,"https://nsearchives.nseindia.com/corporate/xbrl/SHP_1688100_04072026120445_WEB.xml","04-JUL-2026 12:04:55","04-JUL-2026 12:05:00","00:00:05"
"Race Eco Chain Limited","44.79","55.21","0","Revised","30-JUN-2026","04-JUL-2026","18-SEP-2026","https://nsearchives.nseindia.com/corporate/xbrl/SHP_1725395_18092026050746_WEB.xml","18-SEP-2026 17:37:07","18-SEP-2026 17:37:11","00:00:04"
"Jay Bharat Maruti Limited","59.35","40.65","0","-","30-JUN-2026","04-JUL-2026",,"https://nsearchives.nseindia.com/corporate/xbrl/SHP_1688279_04072026061618_WEB.xml","04-JUL-2026 18:16:25","04-JUL-2026 18:16:30","00:00:05"
"Finolex Industries Limited","52.47","47.18","0.35","Revised","30-JUN-2026","04-JUL-2026","17-JUL-2026","https://nsearchives.nseindia.com/corporate/xbrl/SHP_1694823_17072026112510_WEB.xml","23-JUL-2026 13:09:01","23-JUL-2026 13:09:06","00:00:05"
"Bajaj Consumer Care Limited","42.97","57.03","0","-","30-JUN-2026","04-JUL-2026",,"https://nsearchives.nseindia.com/corporate/xbrl/SHP_1688194_04072026021421_WEB.xml","04-JUL-2026 14:14:25","04-JUL-2026 14:14:31","00:00:06"
"HLV LIMITED","39.07","60.93","0","-","30-JUN-2026","04-JUL-2026",,"https://nsearchives.nseindia.com/corporate/xbrl/SHP_1688193_04072026021213_WEB.xml","04-JUL-2026 14:12:17","04-JUL-2026 14:12:22","00:00:05"
"IOL Chemicals and Pharmaceuticals Limited","62.28","37.72","0","-","30-JUN-2026","04-JUL-2026",,"https://nsearchives.nseindia.com/corporate/xbrl/SHP_1688181_04072026014119_WEB.xml","04-JUL-2026 13:41:24","04-JUL-2026 13:41:28","00:00:04"
"Dodla Dairy Limited","58.92","41.08","0","-","30-JUN-2026","04-JUL-2026",,"https://nsearchives.nseindia.com/corporate/xbrl/SHP_1688158_04072026010859_WEB.xml","04-JUL-2026 13:09:04","04-JUL-2026 13:09:08","00:00:04"
"Kuantum Papers Limited","70.3","29.7","0","-","30-JUN-2026","04-JUL-2026",,"https://nsearchives.nseindia.com/corporate/xbrl/SHP_1688108_04072026122435_WEB.xml","04-JUL-2026 12:24:38","04-JUL-2026 12:24:42","00:00:04"
"Virtuoso Optoelectronics Limited","49.74","50.26","0","-","30-JUN-2026","04-JUL-2026",,"https://nsearchives.nseindia.com/corporate/xbrl/SHP_1688103_04072026120825_WEB.xml","04-JUL-2026 12:08:28","04-JUL-2026 12:08:32","00:00:04"
"Pricol Limited","38.51","61.49","0","-","30-JUN-2026","03-JUL-2026",,"https://nsearchives.nseindia.com/corporate/xbrl/SHP_1687735_03072026112524_WEB.xml","03-JUL-2026 11:25:37","03-JUL-2026 11:25:41","00:00:04"
"Chennai Petroleum Corporation Limited","67.29","32.71","0","-","30-JUN-2026","03-JUL-2026",,"https://nsearchives.nseindia.com/corporate/xbrl/SHP_1688017_03072026094801_WEB.xml","03-JUL-2026 21:48:13","03-JUL-2026 21:48:18","00:00:05"
"JBM Auto Limited","67.53","32.47","0","-","30-JUN-2026","03-JUL-2026",,"https://nsearchives.nseindia.com/corporate/xbrl/SHP_1687886_03072026062257_WEB.xml","03-JUL-2026 18:23:01","03-JUL-2026 18:23:07","00:00:06"
"Procter & Gamble Health Limited","51.82","48.18","0","Revised","30-JUN-2026","03-JUL-2026","27-JUL-2026","https://nsearchives.nseindia.com/corporate/xbrl/SHP_1702574_27072026114206_WEB.xml","25-AUG-2026 13:13:42","25-AUG-2026 13:13:46","00:00:04"
"Barak Valley Cements Limited","52.72","47.28","0","-","30-JUN-2026","03-JUL-2026",,"https://nsearchives.nseindia.com/corporate/xbrl/SHP_1687851_03072026052234_WEB.xml","03-JUL-2026 17:22:38","03-JUL-2026 17:22:42","00:00:04"
"Zee Media Corporation Limited","9.04","90.96","0","-","30-JUN-2026","03-JUL-2026",,"https://nsearchives.nseindia.com/corporate/xbrl/SHP_1687848_03072026052028_WEB.xml","03-JUL-2026 17:20:35","03-JUL-2026 17:20:38","00:00:03"
"Apollo Hospitals Enterprise Limited","28.02","71.98","0","-","30-JUN-2026","03-JUL-2026",,"https://nsearchives.nseindia.com/corporate/xbrl/SHP_1687831_03072026043226_WEB.xml","03-JUL-2026 16:32:35","03-JUL-2026 16:32:39","00:00:04"
"Granules India Limited","38.02","61.98","0","-","30-JUN-2026","03-JUL-2026",,"https://nsearchives.nseindia.com/corporate/xbrl/SHP_1687827_03072026042257_WEB.xml","03-JUL-2026 16:23:03","03-JUL-2026 16:23:07","00:00:04"
"Sharda Cropchem Limited","74.82","25.18","0","-","30-JUN-2026","03-JUL-2026",,"https://nsearchives.nseindia.com/corporate/xbrl/SHP_1687823_03072026040535_WEB.xml","03-JUL-2026 16:05:43","03-JUL-2026 16:05:48","00:00:05"
"HDFC Bank Limited","0","100","0","-","30-JUN-2026","03-JUL-2026",,"https://nsearchives.nseindia.com/corporate/xbrl/SHP_1687801_03072026023346_WEB.xml","03-JUL-2026 14:33:54","03-JUL-2026 14:33:57","00:00:03"
"Vibhor Steel Tubes Limited","74.74","25.26","0","-","30-JUN-2026","03-JUL-2026",,"https://nsearchives.nseindia.com/corporate/xbrl/SHP_1687800_03072026022942_WEB.xml","03-JUL-2026 14:29:48","03-JUL-2026 14:29:53","00:00:05"
"Hisar Metal Industries Limited","61.2","38.8","0","-","30-JUN-2026","03-JUL-2026",,"https://nsearchives.nseindia.com/corporate/xbrl/SHP_1687789_03072026012838_WEB.xml","03-JUL-2026 13:28:46","03-JUL-2026 13:28:51","00:00:05"
"Globe Civil Projects Limited","63.44","36.56","0","-","30-JUN-2026","03-JUL-2026",,"https://nsearchives.nseindia.com/corporate/xbrl/SHP_1687770_03072026123815_WEB.xml","03-JUL-2026 12:38:20","03-JUL-2026 12:38:25","00:00:05"
"Jana Small Finance Bank Limited","16.94","83.06","0","-","30-JUN-2026","03-JUL-2026",,"https://nsearchives.nseindia.com/corporate/xbrl/SHP_1687764_03072026122256_WEB.xml","03-JUL-2026 12:23:03","03-JUL-2026 12:23:07","00:00:04"
"Ideaforge Technology Limited","28.96","71.04","0","-","30-JUN-2026","03-JUL-2026",,"https://nsearchives.nseindia.com/corporate/xbrl/SHP_1687754_03072026115919_WEB.xml","03-JUL-2026 11:59:25","03-JUL-2026 11:59:30","00:00:05"
"Capri Global Capital Limited","59.92","40.08","0","-","30-JUN-2026","02-JUL-2026",,"https://nsearchives.nseindia.com/corporate/xbrl/SHP_1687483_02072026014725_WEB.xml","02-JUL-2026 13:47:36","02-JUL-2026 13:47:41","00:00:05"
"Paisalo Digital Limited","46.72","53.28","0","-","30-JUN-2026","02-JUL-2026",,"https://nsearchives.nseindia.com/corporate/xbrl/SHP_1687590_02072026052441_WEB.xml","02-JUL-2026 17:24:52","02-JUL-2026 17:24:57","00:00:05"
"Virtuoso Optoelectronics Limited","49.74","50.26","0","-","30-JUN-2026","02-JUL-2026",,"https://nsearchives.nseindia.com/corporate/xbrl/SHP_1687582_02072026045535_WEB.xml","02-JUL-2026 19:57:32","02-JUL-2026 19:57:37","00:00:05"
"EMS Limited","69.7","30.3","0","-","30-JUN-2026","02-JUL-2026",,"https://nsearchives.nseindia.com/corporate/xbrl/SHP_1687520_02072026034402_WEB.xml","02-JUL-2026 15:44:08","02-JUL-2026 15:44:13","00:00:05"
"Shah Metacorp Limited","29.49","70.51","0","-","30-JUN-2026","01-JUL-2026",,"https://nsearchives.nseindia.com/corporate/xbrl/SHP_1687097_01072026030212_WEB.xml","01-JUL-2026 15:02:19","01-JUL-2026 15:02:23","00:00:04"
"Waterways Leisure Tourism Limited","89.35","10.65","0","-","30-JUN-2026","01-JUL-2026",,"https://nsearchives.nseindia.com/corporate/xbrl/SHP_1687113_01072026034428_WEB.xml","01-JUL-2026 18:28:27","01-JUL-2026 18:28:31","00:00:04"
"Advit Jewels Limited","69.88","30.12","0","-","30-JUN-2026","01-JUL-2026",,"https://nsearchives.nseindia.com/corporate/xbrl/SHP_1687265_01072026052917_WEB.xml","02-JUL-2026 11:59:35","02-JUL-2026 11:59:40","00:00:05"
"SG Mart Limited","57.9","42.1","0","-","30-JUN-2026","01-JUL-2026",,"https://nsearchives.nseindia.com/corporate/xbrl/SHP_1687318_01072026065917_WEB.xml","01-JUL-2026 18:59:24","01-JUL-2026 18:59:28","00:00:04"